date,rain,precipitation,apparent_temperature,wind_speed_100m,wind_direction_100m
2022-04-30 16:00:00+00:00,0.0,0.0,12.861969,3.9698865,319.0857
2022-04-30 17:00:00+00:00,0.0,0.0,11.632044,4.548626,326.65927
2022-04-30 18:00:00+00:00,0.0,0.0,12.07564,4.7853947,333.97046
2022-04-30 19:00:00+00:00,0.0,0.0,11.940367,4.7423625,335.05612
2022-04-30 20:00:00+00:00,0.0,0.0,11.389061,5.124451,342.97937
2022-04-30 21:00:00+00:00,0.0,0.0,11.562386,4.6389656,352.5687
2022-04-30 22:00:00+00:00,0.0,0.0,11.740939,4.104875,357.20734
2022-04-30 23:00:00+00:00,0.0,0.0,12.374935,3.206244,356.42374
2022-05-01 00:00:00+00:00,0.0,0.0,13.770874,2.109502,354.55975
2022-05-01 01:00:00+00:00,0.1,0.1,14.935116,2.4166093,24.443953
2022-05-01 02:00:00+00:00,0.0,0.0,15.563782,3.104835,14.931467
2022-05-01 03:00:00+00:00,0.0,0.0,15.993277,3.1780496,12.7243595
2022-05-01 04:00:00+00:00,0.0,0.0,16.726814,2.8160255,353.88458
2022-05-01 05:00:00+00:00,0.0,0.0,17.430256,3.3615475,329.62094
2022-05-01 06:00:00+00:00,0.0,0.0,17.32143,3.8483763,335.43283
2022-05-01 07:00:00+00:00,0.0,0.0,16.854319,3.6013885,358.40887
2022-05-01 08:00:00+00:00,0.0,0.0,16.393784,3.7054014,3.0939984
2022-05-01 09:00:00+00:00,0.0,0.0,16.51815,3.3136082,354.80566
2022-05-01 10:00:00+00:00,0.0,0.0,15.920811,3.3241541,15.708701
2022-05-01 11:00:00+00:00,0.0,0.0,14.034822,2.7202942,36.027473
2022-05-01 12:00:00+00:00,0.0,0.0,16.49346,1.4866068,250.34608
2022-05-01 13:00:00+00:00,0.0,0.0,14.703943,2.1540658,248.19853
2022-05-01 14:00:00+00:00,0.0,0.0,14.224916,2.8792362,249.67677
2022-05-01 15:00:00+00:00,0.0,0.0,12.987862,3.8470767,261.02747
2022-05-01 16:00:00+00:00,0.0,0.0,12.400057,4.4011364,271.3019
2022-05-01 17:00:00+00:00,0.0,0.0,12.065784,4.527693,263.6599
2022-05-01 18:00:00+00:00,0.0,0.0,11.308032,4.4598203,250.34608
2022-05-01 19:00:00+00:00,0.0,0.0,10.366893,4.5122056,257.19574
2022-05-01 20:00:00+00:00,0.0,0.0,9.773078,4.4011364,268.6981
2022-05-01 21:00:00+00:00,0.0,0.0,9.831992,4.00125,271.43207
2022-05-01 22:00:00+00:00,0.0,0.0,12.49378,3.6345563,277.90707
2022-05-01 23:00:00+00:00,0.0,0.0,13.927547,3.275668,282.33908
2022-05-02 00:00:00+00:00,0.0,0.0,15.88546,2.505993,241.38963
2022-05-02 01:00:00+00:00,0.0,0.0,17.80408,2.2135942,251.56496
2022-05-02 02:00:00+00:00,0.0,0.0,20.048079,2.118962,250.70985
2022-05-02 03:00:00+00:00,0.0,0.0,21.70695,1.8788295,244.7989
2022-05-02 04:00:00+00:00,0.0,0.0,22.814423,1.7720045,253.61038
2022-05-02 05:00:00+00:00,0.0,0.0,23.322329,1.603122,273.57626
2022-05-02 06:00:00+00:00,0.0,0.0,23.286955,1.5524175,284.93146
2022-05-02 07:00:00+00:00,0.0,0.0,22.22517,1.431782,294.77512
2022-05-02 08:00:00+00:00,0.0,0.0,21.623545,1.0,323.13
2022-05-02 09:00:00+00:00,0.0,0.0,21.69436,0.5830952,329.03632
2022-05-02 10:00:00+00:00,0.0,0.0,20.92505,0.82462114,165.96373
2022-05-02 11:00:00+00:00,0.0,0.0,16.41193,2.6,180.0
2022-05-02 12:00:00+00:00,0.0,0.0,17.76917,4.0792155,168.69011
2022-05-02 13:00:00+00:00,0.0,0.0,15.39813,3.7161808,156.19405
2022-05-02 14:00:00+00:00,0.0,0.0,13.404989,3.5341196,154.8852
2022-05-02 15:00:00+00:00,0.0,0.0,12.797846,3.4985712,149.03632
2022-05-02 16:00:00+00:00,0.0,0.0,13.288694,3.4985712,149.03632
2022-05-02 17:00:00+00:00,0.0,0.0,14.268089,3.5171013,165.17348
2022-05-02 18:00:00+00:00,0.0,0.0,12.833561,3.5735137,197.92801
2022-05-02 19:00:00+00:00,0.0,0.0,14.765333,2.7018511,231.009
2022-05-02 20:00:00+00:00,0.0,0.0,14.755405,2.4413111,235.0079
2022-05-02 21:00:00+00:00,0.0,0.0,12.359152,2.7802877,232.3057
2022-05-02 22:00:00+00:00,0.0,0.0,14.010399,3.11127,224.9999
2022-05-02 23:00:00+00:00,0.0,0.0,16.10269,2.9732137,227.72638
2022-05-03 00:00:00+00:00,0.0,0.0,17.759895,3.3120992,208.88649
2022-05-03 01:00:00+00:00,0.0,0.0,19.878584,2.505993,208.61037
2022-05-03 02:00:00+00:00,0.0,0.0,22.716072,2.4166093,204.44394
2022-05-03 03:00:00+00:00,0.0,0.0,24.911556,2.280351,195.25517
2022-05-03 04:00:00+00:00,0.0,0.0,26.087795,2.4020824,177.6141
2022-05-03 05:00:00+00:00,0.0,0.0,26.476107,2.3194828,172.56868
2022-05-03 06:00:00+00:00,0.0,0.0,26.36609,1.6763055,162.64589
2022-05-03 07:00:00+00:00,0.0,0.0,25.483284,1.2041595,138.36655
2022-05-03 08:00:00+00:00,0.0,0.0,24.15066,2.0099752,95.7105
2022-05-03 09:00:00+00:00,0.0,0.0,24.151041,3.981206,78.40785
2022-05-03 10:00:00+00:00,0.0,0.0,20.24186,7.406079,87.67852
2022-05-03 11:00:00+00:00,0.0,0.0,18.243593,7.648529,101.3099
2022-05-03 12:00:00+00:00,0.0,0.0,18.21978,8.864535,101.05637
2022-05-03 13:00:00+00:00,0.0,0.0,18.131037,8.37735,113.198616
2022-05-03 14:00:00+00:00,0.0,0.0,17.297413,7.66942,129.70987
2022-05-03 15:00:00+00:00,0.0,0.0,16.270483,7.710383,146.10379
2022-05-03 16:00:00+00:00,0.0,0.0,14.927319,7.5133214,153.09398
2022-05-03 17:00:00+00:00,0.0,0.0,13.925585,6.735726,161.83395
2022-05-03 18:00:00+00:00,0.0,0.0,12.738037,5.557877,171.7242
2022-05-03 19:00:00+00:00,0.0,0.0,12.3241005,5.714018,175.9859
2022-05-03 20:00:00+00:00,0.0,0.0,12.444511,5.7035074,182.0095
2022-05-03 21:00:00+00:00,0.0,0.0,12.349136,5.7428217,187.00117
2022-05-03 22:00:00+00:00,0.0,0.0,13.192585,5.5326304,186.22574
2022-05-03 23:00:00+00:00,0.0,0.0,15.147007,5.2086463,176.6982
2022-05-04 00:00:00+00:00,0.0,0.0,17.258633,5.0089917,176.56644
2022-05-04 01:00:00+00:00,0.0,0.0,19.393137,3.8327534,172.50424
2022-05-04 02:00:00+00:00,0.0,0.0,22.389666,3.3015149,181.73567
2022-05-04 03:00:00+00:00,0.0,0.0,24.68501,3.026549,172.40544
2022-05-04 04:00:00+00:00,0.0,0.0,25.997911,3.0870697,155.09526
2022-05-04 05:00:00+00:00,0.0,0.0,26.08637,3.4999998,126.86999
2022-05-04 06:00:00+00:00,0.0,0.0,25.462912,4.244997,105.01841
2022-05-04 07:00:00+00:00,0.0,0.0,23.998106,5.0249376,95.7105
2022-05-04 08:00:00+00:00,0.0,0.0,22.38249,5.6,90.0
2022-05-04 09:00:00+00:00,0.0,0.0,22.052914,6.8264194,84.95764
2022-05-04 10:00:00+00:00,0.0,0.0,20.044165,8.2,90.0
2022-05-04 11:00:00+00:00,0.0,0.0,18.576464,8.440379,103.706985
2022-05-04 12:00:00+00:00,0.0,0.0,17.879614,8.95377,110.256546
2022-05-04 13:00:00+00:00,0.0,0.0,16.881046,8.409518,115.34614
2022-05-04 14:00:00+00:00,0.0,0.0,16.241049,7.3498297,123.90632
2022-05-04 15:00:00+00:00,0.0,0.0,15.44606,6.7007465,127.72506
2022-05-04 16:00:00+00:00,0.0,0.0,14.472044,6.236986,138.90059
2022-05-04 17:00:00+00:00,0.0,0.0,12.708136,4.8764744,151.85849
2022-05-04 18:00:00+00:00,0.0,0.0,11.791136,4.0261645,165.61858
2022-05-04 19:00:00+00:00,0.0,0.0,11.541164,3.765634,169.28693
2022-05-04 20:00:00+00:00,0.0,0.0,11.598033,4.1,167.31963
2022-05-04 21:00:00+00:00,0.0,0.0,11.729341,5.0447993,166.2392
2022-05-04 22:00:00+00:00,0.0,0.0,13.180544,4.9819674,169.59235
2022-05-04 23:00:00+00:00,0.0,0.0,15.361589,4.002499,167.00539
2022-05-05 00:00:00+00:00,0.0,0.0,17.132755,3.535534,151.2603
2022-05-05 01:00:00+00:00,0.0,0.0,19.659426,3.1384711,149.34941
2022-05-05 02:00:00+00:00,0.0,0.0,23.147408,2.641969,150.5242
2022-05-05 03:00:00+00:00,0.0,0.0,25.461433,2.5455844,135.0001
2022-05-05 04:00:00+00:00,0.0,0.0,26.913925,2.8301945,122.00535
2022-05-05 05:00:00+00:00,0.0,0.0,27.39792,3.0413814,99.46225
2022-05-05 06:00:00+00:00,0.0,0.0,26.715887,3.8013155,91.50741
2022-05-05 07:00:00+00:00,0.0,0.0,25.131994,4.504442,92.544754
2022-05-05 08:00:00+00:00,0.0,0.0,23.859991,6.203225,88.15243
2022-05-05 09:00:00+00:00,0.0,0.0,23.386734,6.5490456,82.9836
2022-05-05 10:00:00+00:00,0.0,0.0,21.842653,7.3164196,79.76526
2022-05-05 11:00:00+00:00,0.0,0.0,20.216686,8.21523,86.51074
2022-05-05 12:00:00+00:00,0.0,0.0,20.152996,9.192389,98.13002
2022-05-05 13:00:00+00:00,0.0,0.0,19.758797,9.457801,109.77617
2022-05-05 14:00:00+00:00,0.0,0.0,19.389923,8.421995,119.91356
2022-05-05 15:00:00+00:00,0.0,0.0,19.235067,7.262231,128.2902
2022-05-05 16:00:00+00:00,0.0,0.0,18.821503,6.742403,144.6598
2022-05-05 17:00:00+00:00,0.0,0.0,17.446404,5.4708314,161.89615
2022-05-05 18:00:00+00:00,0.0,0.0,15.819321,4.652956,171.34753
2022-05-05 19:00:00+00:00,0.0,0.0,15.243427,4.509989,183.814
2022-05-05 20:00:00+00:00,0.0,0.0,15.335236,4.295346,192.09474
2022-05-05 21:00:00+00:00,0.0,0.0,15.4055,4.2201896,193.70699
2022-05-05 22:00:00+00:00,0.0,0.0,17.801432,4.414748,193.0919
2022-05-05 23:00:00+00:00,0.0,0.0,19.638866,4.5122056,192.80426
2022-05-06 00:00:00+00:00,0.0,0.0,21.53939,3.522783,173.4803
2022-05-06 01:00:00+00:00,0.0,0.0,23.893309,3.622154,173.6599
2022-05-06 02:00:00+00:00,0.0,0.0,26.878168,3.6013885,181.59111
2022-05-06 03:00:00+00:00,0.0,0.0,29.482346,3.0016663,178.0909
2022-05-06 04:00:00+00:00,0.0,0.0,31.030544,2.404163,163.0724
2022-05-06 05:00:00+00:00,0.0,0.0,31.540203,2.6627054,145.71307
2022-05-06 06:00:00+00:00,0.0,0.0,31.338829,2.8319604,132.13753
2022-05-06 07:00:00+00:00,0.0,0.0,30.175308,3.4176016,110.55613
2022-05-06 08:00:00+00:00,0.0,0.0,27.799911,5.423099,95.28999
2022-05-06 09:00:00+00:00,0.0,0.0,26.503448,6.000833,89.04518
2022-05-06 10:00:00+00:00,0.0,0.0,25.074467,6.628725,78.6901
2022-05-06 11:00:00+00:00,0.0,0.0,22.598051,7.653104,83.24652
2022-05-06 12:00:00+00:00,0.0,0.0,22.118492,8.945389,95.77424
2022-05-06 13:00:00+00:00,0.0,0.0,23.050638,8.475848,109.290146
2022-05-06 14:00:00+00:00,0.0,0.0,22.827517,8.077747,121.328636
2022-05-06 15:00:00+00:00,0.0,0.0,22.155838,7.0092793,137.89134
2022-05-06 16:00:00+00:00,0.0,0.0,19.66083,4.7169905,147.99466
2022-05-06 17:00:00+00:00,0.0,0.0,19.1865,3.354102,153.43501
2022-05-06 18:00:00+00:00,0.0,0.0,18.670181,3.1400635,142.76509
2022-05-06 19:00:00+00:00,0.0,0.0,17.953592,3.0528674,148.39255
2022-05-06 20:00:00+00:00,0.0,0.0,17.875008,3.176476,151.8215
2022-05-06 21:00:00+00:00,0.0,0.0,18.38008,3.6400552,142.81522
2022-05-06 22:00:00+00:00,0.0,0.0,20.513855,3.828838,139.23648
2022-05-06 23:00:00+00:00,0.0,0.0,22.490408,3.3970575,137.38599
2022-05-07 00:00:00+00:00,0.0,0.0,24.109064,2.385372,123.02387
2022-05-07 01:00:00+00:00,0.0,0.0,25.996485,1.7029386,130.23628
2022-05-07 02:00:00+00:00,0.0,0.0,28.405445,1.2083046,114.44395
2022-05-07 03:00:00+00:00,0.0,0.0,29.907928,2.0248456,69.775055
2022-05-07 04:00:00+00:00,0.0,0.0,29.95351,3.0463092,66.801384
2022-05-07 05:00:00+00:00,0.0,0.0,30.072998,4.1,77.319626
2022-05-07 06:00:00+00:00,0.0,0.0,27.447838,6.2289643,84.47256
2022-05-07 07:00:00+00:00,0.0,0.0,24.137222,7.2249565,85.23644
2022-05-07 08:00:00+00:00,0.0,0.0,23.084227,7.7414465,84.06857
2022-05-07 09:00:00+00:00,0.0,0.0,21.330154,8.238932,84.4279
2022-05-07 10:00:00+00:00,0.0,0.0,20.015886,8.500588,89.32598
2022-05-07 11:00:00+00:00,0.0,0.0,18.939123,9.426027,85.741234
2022-05-07 12:00:00+00:00,0.0,0.0,18.986294,9.343447,84.47256
2022-05-07 13:00:00+00:00,0.0,0.0,19.004984,8.125269,76.47682
2022-05-07 14:00:00+00:00,0.0,0.0,18.862898,7.5504966,78.54128
2022-05-07 15:00:00+00:00,0.1,0.1,18.66676,7.1168814,72.838
2022-05-07 16:00:00+00:00,0.1,0.1,18.612226,7.0342026,75.17348
2022-05-07 17:00:00+00:00,0.2,0.2,18.79075,7.0859013,81.06949
2022-05-07 18:00:00+00:00,0.2,0.2,19.037191,6.4381676,83.75819
2022-05-07 19:00:00+00:00,0.3,0.3,18.693579,6.334824,78.15795
2022-05-07 20:00:00+00:00,0.1,0.1,18.790438,5.9413805,96.76608
2022-05-07 21:00:00+00:00,0.1,0.1,18.771446,5.842089,96.88163
2022-05-07 22:00:00+00:00,0.0,0.0,18.579044,5.846366,102.8477
2022-05-07 23:00:00+00:00,0.0,0.0,18.91483,5.554278,103.53587
2022-05-08 00:00:00+00:00,0.0,0.0,19.606178,5.6435804,97.12492
2022-05-08 01:00:00+00:00,0.0,0.0,20.396841,6.0299253,95.7105
2022-05-08 02:00:00+00:00,0.0,0.0,20.565258,6.33877,96.340096
2022-05-08 03:00:00+00:00,0.0,0.0,21.11228,5.824946,101.88863
2022-05-08 04:00:00+00:00,0.0,0.0,22.651237,4.341659,97.94338
2022-05-08 05:00:00+00:00,0.0,0.0,23.258507,3.622154,96.340096
2022-05-08 06:00:00+00:00,0.0,0.0,26.6918,2.7856774,111.03758
2022-05-08 07:00:00+00:00,0.0,0.0,24.586552,2.9120438,105.945465
2022-05-08 08:00:00+00:00,0.0,0.0,23.789284,3.9204593,84.14409
2022-05-08 09:00:00+00:00,0.0,0.0,22.125809,5.6435804,82.875084
2022-05-08 10:00:00+00:00,0.0,0.0,20.180311,6.806614,79.845795
2022-05-08 11:00:00+00:00,0.0,0.0,18.907051,7.2249565,85.23644
2022-05-08 12:00:00+00:00,0.0,0.0,18.491833,7.4732857,77.63753
2022-05-08 13:00:00+00:00,0.0,0.0,18.119236,7.2691126,82.09293
2022-05-08 14:00:00+00:00,0.0,0.0,17.73466,7.5166483,86.186005
2022-05-08 15:00:00+00:00,0.0,0.0,17.582632,7.2691126,82.09293
2022-05-08 16:00:00+00:00,0.0,0.0,17.487156,6.5115285,79.380394
2022-05-08 17:00:00+00:00,0.0,0.0,17.387476,5.921149,85.15609
2022-05-08 18:00:00+00:00,0.0,0.0,17.340208,5.9413805,83.233925
2022-05-08 19:00:00+00:00,0.0,0.0,17.219845,5.565968,72.21602
2022-05-08 20:00:00+00:00,0.0,0.0,16.885195,5.8523498,70.01681
2022-05-08 21:00:00+00:00,0.0,0.0,16.524338,5.4781384,68.58697
2022-05-08 22:00:00+00:00,0.0,0.0,16.516108,5.215362,57.528828
2022-05-08 23:00:00+00:00,0.0,0.0,16.247976,5.448853,47.231197
2022-05-09 00:00:00+00:00,0.0,0.0,16.201498,4.4553337,44.090717
2022-05-09 01:00:00+00:00,0.1,0.1,16.760136,4.4654226,55.954018
2022-05-09 02:00:00+00:00,0.0,0.0,17.011784,4.8270073,76.827446
2022-05-09 03:00:00+00:00,0.0,0.0,16.825304,5.531727,77.4712
2022-05-09 04:00:00+00:00,0.0,0.0,17.57806,5.3851643,74.931465
2022-05-09 05:00:00+00:00,0.0,0.0,18.010788,5.3851643,74.931465
2022-05-09 06:00:00+00:00,0.0,0.0,17.806969,5.3935146,79.31514
2022-05-09 07:00:00+00:00,0.0,0.0,17.232746,5.5785303,75.46551
2022-05-09 08:00:00+00:00,0.0,0.0,16.865963,5.7584724,69.67678
2022-05-09 09:00:00+00:00,0.0,0.0,16.348995,6.334824,78.15795
2022-05-09 10:00:00+00:00,0.0,0.0,15.373358,8.421401,94.08554
2022-05-09 11:00:00+00:00,0.0,0.0,16.03905,5.8008623,90.98774
2022-05-09 12:00:00+00:00,0.2,0.2,16.26761,5.500909,91.0416
2022-05-09 13:00:00+00:00,0.0,0.0,16.57969,5.7218876,95.01302
2022-05-09 14:00:00+00:00,0.0,0.0,16.355404,5.920304,105.67959
2022-05-09 15:00:00+00:00,0.0,0.0,15.6571045,6.708204,100.30479
2022-05-09 16:00:00+00:00,0.0,0.0,15.663256,6.2968245,100.06063
2022-05-09 17:00:00+00:00,0.0,0.0,15.580902,6.0074954,87.13766
2022-05-09 18:00:00+00:00,0.2,0.2,15.326872,6.0299253,95.7105
2022-05-09 19:00:00+00:00,0.0,0.0,14.943897,6.5069194,92.642494
2022-05-09 20:00:00+00:00,0.0,0.0,15.002863,6.946222,96.613365
2022-05-09 21:00:00+00:00,0.0,0.0,15.733934,6.33877,96.340096
2022-05-09 22:00:00+00:00,0.0,0.0,16.186983,6.0083275,108.43504
2022-05-09 23:00:00+00:00,0.0,0.0,16.40957,5.3665633,116.56499
2022-05-10 00:00:00+00:00,0.0,0.0,17.69245,4.2755113,100.784256
2022-05-10 01:00:00+00:00,0.0,0.0,18.379328,5.1078367,113.05133
2022-05-10 02:00:00+00:00,0.0,0.0,19.249134,4.2190046,121.42952
2022-05-10 03:00:00+00:00,0.0,0.0,20.045115,3.7161808,113.80595
2022-05-10 04:00:00+00:00,0.3,0.3,20.431,3.3241541,105.7087
2022-05-10 05:00:00+00:00,0.8,0.8,20.464235,3.2557642,100.619606
2022-05-10 06:00:00+00:00,1.5,1.5,20.64563,2.9614186,101.68935
2022-05-10 07:00:00+00:00,1.3,1.3,20.871159,2.570992,103.49575
2022-05-10 08:00:00+00:00,0.4,0.4,21.07909,3.324154,68.83867
2022-05-10 09:00:00+00:00,0.1,0.1,20.813292,4.850773,75.677246
2022-05-10 10:00:00+00:00,0.0,0.0,20.861288,4.7010636,91.21885
2022-05-10 11:00:00+00:00,0.0,0.0,20.183674,5.1623635,98.914856
2022-05-10 12:00:00+00:00,0.0,0.0,20.13276,3.5128336,85.101
2022-05-10 13:00:00+00:00,0.0,0.0,19.54751,4.2059484,61.60708
2022-05-10 14:00:00+00:00,0.0,0.0,19.11613,4.535416,75.96373
2022-05-10 15:00:00+00:00,0.0,0.0,19.072882,5.0249376,95.7105
2022-05-10 16:00:00+00:00,0.0,0.0,19.63357,4.004997,92.86235
2022-05-10 17:00:00+00:00,0.0,0.0,19.607319,3.7696154,68.19853
2022-05-10 18:00:00+00:00,0.0,0.0,19.205585,4.2801867,52.594578
2022-05-10 19:00:00+00:00,0.0,0.0,18.71808,4.763402,50.964497
2022-05-10 20:00:00+00:00,0.0,0.0,18.507723,5.0990195,78.6901
2022-05-10 21:00:00+00:00,0.0,0.0,19.093946,4.14367,81.67444
2022-05-10 22:00:00+00:00,0.0,0.0,19.26977,3.7121422,62.744755
2022-05-10 23:00:00+00:00,0.0,0.0,19.335308,3.7121422,62.744755
2022-05-11 00:00:00+00:00,0.0,0.0,19.442932,5.3160133,73.61038
2022-05-11 01:00:00+00:00,0.0,0.0,19.88259,4.997999,70.114746
2022-05-11 02:00:00+00:00,0.0,0.0,20.573025,5.0249376,58.840755
2022-05-11 03:00:00+00:00,0.0,0.0,21.552525,4.770744,56.976128
2022-05-11 04:00:00+00:00,0.0,0.0,21.8456,4.5122056,77.19574
2022-05-11 05:00:00+00:00,0.0,0.0,21.925055,5.346027,97.52373
2022-05-11 06:00:00+00:00,0.0,0.0,21.187016,5.9665737,103.57046
2022-05-11 07:00:00+00:00,0.0,0.0,20.708038,5.9539905,97.72173
2022-05-11 08:00:00+00:00,0.0,0.0,20.722471,5.333854,96.458725
2022-05-11 09:00:00+00:00,0.1,0.1,20.044342,5.5036354,92.08252
2022-05-11 10:00:00+00:00,0.4,0.4,19.980936,5.3,90.0
2022-05-11 11:00:00+00:00,0.5,0.5,20.060955,4.909175,93.50346
2022-05-11 12:00:00+00:00,0.4,0.4,19.07838,5.3935146,100.68486
2022-05-11 13:00:00+00:00,0.2,0.2,18.50234,5.200961,88.89832
2022-05-11 14:00:00+00:00,0.0,0.0,18.380194,5.9539905,82.27827
2022-05-11 15:00:00+00:00,0.0,0.0,18.544308,4.414748,76.908104
2022-05-11 16:00:00+00:00,0.0,0.0,18.671982,2.4758837,46.636536
2022-05-11 17:00:00+00:00,0.0,0.0,19.097382,3.49285,13.240531
2022-05-11 18:00:00+00:00,0.0,0.0,18.861057,3.9824615,28.495539
2022-05-11 19:00:00+00:00,0.2,0.2,19.07305,3.764306,39.61066
2022-05-11 20:00:00+00:00,0.4,0.4,18.608429,4.4777226,29.427368
2022-05-11 21:00:00+00:00,0.1,0.1,19.19862,2.9546573,23.962492
2022-05-11 22:00:00+00:00,0.0,0.0,18.720533,3.6878178,40.601215
2022-05-11 23:00:00+00:00,0.0,0.0,18.739212,4.060788,37.99879
2022-05-12 00:00:00+00:00,0.0,0.0,19.236343,2.1931713,46.8476
2022-05-12 01:00:00+00:00,0.1,0.1,19.260574,4.104875,55.922764
2022-05-12 02:00:00+00:00,0.2,0.2,20.124506,2.8178005,62.525658
2022-05-12 03:00:00+00:00,0.1,0.1,21.527983,1.3892444,59.743652
2022-05-12 04:00:00+00:00,0.1,0.1,21.19311,2.147091,62.24156
2022-05-12 05:00:00+00:00,1.1,1.1,21.96769,2.1260293,48.814175
2022-05-12 06:00:00+00:00,2.2,2.2,21.769016,2.863564,65.22488
2022-05-12 07:00:00+00:00,0.6,0.6,21.59277,4.016217,71.11382
2022-05-12 08:00:00+00:00,0.5,0.5,21.589695,3.733631,82.30404
2022-05-12 09:00:00+00:00,0.5,0.5,21.3588,4.3,90.0
2022-05-12 10:00:00+00:00,1.7,1.7,21.006395,4.609772,93.73133
2022-05-12 11:00:00+00:00,1.7,1.7,20.65227,5.10392,87.75431
2022-05-12 12:00:00+00:00,1.0,1.0,20.308104,4.4944406,69.14546
2022-05-12 13:00:00+00:00,1.1,1.1,19.832733,5.5785303,75.46551
2022-05-12 14:00:00+00:00,1.5,1.5,19.487001,6.0440054,73.66389
2022-05-12 15:00:00+00:00,1.0,1.0,19.765333,4.7885275,61.294147
2022-05-12 16:00:00+00:00,2.0,2.0,19.103642,5.234501,46.54811
2022-05-12 17:00:00+00:00,2.2,2.2,18.250662,5.456189,41.28462
2022-05-12 18:00:00+00:00,2.9,2.9,17.575855,5.714018,32.85573
2022-05-12 19:00:00+00:00,3.4,3.4,17.292072,5.6824293,28.368961
2022-05-12 20:00:00+00:00,1.7,1.7,16.989399,6.1294374,28.237358
2022-05-12 21:00:00+00:00,1.6,1.6,16.867237,5.7384667,22.543112
2022-05-12 22:00:00+00:00,0.7,0.7,16.588594,5.769748,25.676775
2022-05-12 23:00:00+00:00,0.4,0.4,16.466507,5.8309517,22.166399
2022-05-13 00:00:00+00:00,0.2,0.2,16.432495,4.9365983,6.980963
2022-05-13 01:00:00+00:00,0.9,0.9,16.660172,3.765634,10.713074
2022-05-13 02:00:00+00:00,0.6,0.6,16.540157,4.0112343,4.289077
2022-05-13 03:00:00+00:00,1.0,1.0,16.76175,4.9010205,358.83087
2022-05-13 04:00:00+00:00,0.5,0.5,17.107573,4.7095647,356.34784
2022-05-13 05:00:00+00:00,0.5,0.5,16.73636,5.824946,348.11136
2022-05-13 06:00:00+00:00,0.2,0.2,16.367928,6.0827627,350.53775
2022-05-13 07:00:00+00:00,0.1,0.1,16.692085,7.324616,355.3014
2022-05-13 08:00:00+00:00,0.0,0.0,16.985018,6.4938436,350.24762
2022-05-13 09:00:00+00:00,0.0,0.0,17.488297,5.8008623,359.01227
2022-05-13 10:00:00+00:00,0.0,0.0,18.021645,4.2720017,20.556128
2022-05-13 11:00:00+00:00,0.0,0.0,16.861181,4.4598207,42.27363
2022-05-13 12:00:00+00:00,0.0,0.0,16.95574,4.0360875,41.98714
2022-05-13 13:00:00+00:00,0.0,0.0,16.659813,4.244997,43.09086
2022-05-13 14:00:00+00:00,0.0,0.0,15.89814,5.234501,43.451904
2022-05-13 15:00:00+00:00,0.0,0.0,14.4393635,4.750789,49.267986
2022-05-13 16:00:00+00:00,0.0,0.0,12.4552,3.9623227,42.954597
2022-05-13 17:00:00+00:00,0.0,0.0,11.780567,4.1231055,39.09386
2022-05-13 18:00:00+00:00,0.0,0.0,11.116779,4.2720017,32.57405
2022-05-13 19:00:00+00:00,0.0,0.0,10.828885,4.148494,15.376317
2022-05-13 20:00:00+00:00,0.0,0.0,10.741364,4.588028,16.46009
2022-05-13 21:00:00+00:00,0.0,0.0,10.171689,4.4271884,18.435053
2022-05-13 22:00:00+00:00,0.0,0.0,13.217022,3.001666,29.981556
2022-05-13 23:00:00+00:00,0.0,0.0,13.995468,3.757659,25.201094
2022-05-14 00:00:00+00:00,0.0,0.0,15.725599,2.6925824,21.801476
2022-05-14 01:00:00+00:00,0.0,0.0,17.176426,3.3970575,42.614033
2022-05-14 02:00:00+00:00,0.0,0.0,18.968752,3.4999998,53.13002
2022-05-14 03:00:00+00:00,0.0,0.0,20.50477,4.002499,77.00539
2022-05-14 04:00:00+00:00,0.0,0.0,20.967436,4.9010205,88.830894
2022-05-14 05:00:00+00:00,0.0,0.0,20.349365,5.0487623,97.96952
2022-05-14 06:00:00+00:00,0.0,0.0,20.024437,4.763402,129.0355
2022-05-14 07:00:00+00:00,0.0,0.0,17.91819,6.041523,102.425934
2022-05-14 08:00:00+00:00,0.0,0.0,18.319498,5.9841456,99.61966
2022-05-14 09:00:00+00:00,0.0,0.0,17.964443,5.217279,102.17145
2022-05-14 10:00:00+00:00,0.7,0.7,17.155216,5.001,101.53459
2022-05-14 11:00:00+00:00,0.3,0.3,16.613468,4.9648767,99.27253
2022-05-14 12:00:00+00:00,0.2,0.2,16.686752,4.20119,91.3639
2022-05-14 13:00:00+00:00,0.6,0.6,16.812561,3.9623227,79.824554
2022-05-14 14:00:00+00:00,0.4,0.4,16.912922,3.8600519,73.442856
2022-05-14 15:00:00+00:00,0.4,0.4,16.267178,4.491102,78.4399
2022-05-14 16:00:00+00:00,0.4,0.4,15.376915,3.956008,73.85559
2022-05-14 17:00:00+00:00,0.0,0.0,14.667549,4.2579336,80.53775
2022-05-14 18:00:00+00:00,0.0,0.0,14.198929,5.0447993,76.2392
2022-05-14 19:00:00+00:00,0.1,0.1,13.293625,3.9217343,70.640915
2022-05-14 20:00:00+00:00,0.1,0.1,13.309645,3.5693135,101.3099
2022-05-14 21:00:00+00:00,0.0,0.0,12.981213,2.8999999,136.39711
2022-05-14 22:00:00+00:00,0.0,0.0,13.263752,2.1377556,169.21574
2022-05-14 23:00:00+00:00,0.0,0.0,13.030901,1.868154,195.52417
2022-05-15 00:00:00+00:00,0.0,0.0,12.765638,3.577709,206.56499
2022-05-15 01:00:00+00:00,0.0,0.0,13.87731,2.6000001,202.6199
2022-05-15 02:00:00+00:00,0.0,0.0,14.081402,3.0413814,207.40749
2022-05-15 03:00:00+00:00,0.0,0.0,14.605789,3.2649655,220.0302
2022-05-15 04:00:00+00:00,0.0,0.0,15.48624,2.828427,224.9999
2022-05-15 05:00:00+00:00,0.0,0.0,15.892014,3.1241,219.80553
2022-05-15 06:00:00+00:00,0.0,0.0,16.51422,2.624881,220.36446
2022-05-15 07:00:00+00:00,0.0,0.0,17.995531,3.04795,228.99101
2022-05-15 08:00:00+00:00,0.0,0.0,16.448635,2.745906,236.88864
2022-05-15 09:00:00+00:00,0.0,0.0,16.359772,2.6907248,221.98714
2022-05-15 10:00:00+00:00,0.0,0.0,15.423439,4.2201896,216.32692
2022-05-15 11:00:00+00:00,0.0,0.0,14.461193,6.3820057,215.4334
2022-05-15 12:00:00+00:00,0.0,0.0,15.068193,6.306346,207.37762
2022-05-15 13:00:00+00:00,0.2,0.2,14.488102,6.5734315,213.20659
2022-05-15 14:00:00+00:00,0.0,0.0,14.241268,5.841233,231.95291
2022-05-15 15:00:00+00:00,0.0,0.0,14.081318,5.9033885,231.1886
2022-05-15 16:00:00+00:00,0.0,0.0,13.963293,5.879626,228.44748
2022-05-15 17:00:00+00:00,0.0,0.0,13.55513,6.2625875,231.48305
2022-05-15 18:00:00+00:00,0.0,0.0,13.232044,6.300793,234.03938
2022-05-15 19:00:00+00:00,0.0,0.0,13.032755,6.3631754,239.80847
2022-05-15 20:00:00+00:00,0.0,0.0,12.888777,6.328507,238.57048
2022-05-15 21:00:00+00:00,0.0,0.0,12.574856,6.4404964,233.84172
2022-05-15 22:00:00+00:00,0.0,0.0,12.794346,6.1032777,235.0079
2022-05-15 23:00:00+00:00,0.0,0.0,13.593502,5.0477715,236.3099
2022-05-16 00:00:00+00:00,0.0,0.0,14.683405,4.5,233.13002
2022-05-16 01:00:00+00:00,0.0,0.0,16.987818,4.0360875,228.01286
2022-05-16 02:00:00+00:00,0.0,0.0,20.028936,3.5805027,234.09018
2022-05-16 03:00:00+00:00,0.0,0.0,22.585285,2.5317976,260.9098
2022-05-16 04:00:00+00:00,0.0,0.0,23.51877,1.7720045,286.38962
2022-05-16 05:00:00+00:00,0.0,0.0,24.30357,1.1401755,285.25516
2022-05-16 06:00:00+00:00,0.0,0.0,24.311695,1.0630146,228.81418
2022-05-16 07:00:00+00:00,0.0,0.0,22.550205,2.34094,199.9832
2022-05-16 08:00:00+00:00,0.0,0.0,21.249443,2.7313,203.7495
2022-05-16 09:00:00+00:00,0.0,0.0,21.506857,2.3259406,205.4633
2022-05-16 10:00:00+00:00,0.0,0.0,21.214525,0.7211103,236.3099
2022-05-16 11:00:00+00:00,0.0,0.0,16.442926,3.757659,115.20109
2022-05-16 12:00:00+00:00,0.0,0.0,18.001966,5.742821,144.92616
2022-05-16 13:00:00+00:00,0.0,0.0,16.578295,5.9808025,159.44388
2022-05-16 14:00:00+00:00,0.0,0.0,15.43825,6.4132676,190.78426
2022-05-16 15:00:00+00:00,0.0,0.0,15.754463,6.603787,212.00534
2022-05-16 16:00:00+00:00,0.0,0.0,15.149935,5.2009616,217.97166
2022-05-16 17:00:00+00:00,0.0,0.0,14.107933,4.8703184,199.17911
2022-05-16 18:00:00+00:00,0.0,0.0,14.093985,5.3310413,203.19861
2022-05-16 19:00:00+00:00,0.0,0.0,13.626698,5.333854,210.411
2022-05-16 20:00:00+00:00,0.0,0.0,13.211449,5.5758405,212.54999
2022-05-16 21:00:00+00:00,0.0,0.0,12.780924,5.5470715,213.9766
2022-05-16 22:00:00+00:00,0.0,0.0,14.426428,5.10392,214.62422
2022-05-16 23:00:00+00:00,0.0,0.0,16.458664,4.2801867,217.40543
2022-05-17 00:00:00+00:00,0.0,0.0,18.348747,3.4985712,210.96368
2022-05-17 01:00:00+00:00,0.0,0.0,20.530224,3.224903,209.7448
2022-05-17 02:00:00+00:00,0.0,0.0,23.153898,3.3837848,214.15974
2022-05-17 03:00:00+00:00,0.0,0.0,25.580807,2.745906,213.11136
2022-05-17 04:00:00+00:00,0.0,0.0,27.174269,2.147091,207.75845
2022-05-17 05:00:00+00:00,0.0,0.0,27.3692,1.5524175,194.93147
2022-05-17 06:00:00+00:00,0.0,0.0,27.557896,0.9055385,186.3401
2022-05-17 07:00:00+00:00,0.0,0.0,26.21423,0.41231057,284.03625
2022-05-17 08:00:00+00:00,0.0,0.0,25.555008,0.28284273,315.0001
2022-05-17 09:00:00+00:00,0.0,0.0,25.348259,1.5231546,113.19862
2022-05-17 10:00:00+00:00,0.0,0.0,22.60829,5.4129477,101.72509
2022-05-17 11:00:00+00:00,0.0,0.0,19.276993,7.8638415,97.30567
2022-05-17 12:00:00+00:00,0.0,0.0,19.61572,7.543209,104.58897
2022-05-17 13:00:00+00:00,0.0,0.0,18.683968,6.5459914,124.41843
2022-05-17 14:00:00+00:00,0.0,0.0,17.921972,7.7878113,155.73871
2022-05-17 15:00:00+00:00,0.0,0.0,16.892933,7.4525166,168.38855
2022-05-17 16:00:00+00:00,0.0,0.0,15.81102,6.6,180.0
2022-05-17 17:00:00+00:00,0.0,0.0,14.948393,6.0133185,183.814
2022-05-17 18:00:00+00:00,0.0,0.0,14.915991,6.7007456,180.85507
2022-05-17 19:00:00+00:00,0.0,0.0,14.297358,6.562012,187.88304
2022-05-17 20:00:00+00:00,0.0,0.0,13.480576,5.700877,195.25517
2022-05-17 21:00:00+00:00,0.0,0.0,13.312298,5.1088157,183.3664
2022-05-17 22:00:00+00:00,0.0,0.0,14.721018,5.707013,168.887
2022-05-17 23:00:00+00:00,0.0,0.0,16.250946,5.3,180.0
2022-05-18 00:00:00+00:00,0.0,0.0,18.926514,3.0066593,176.186
2022-05-18 01:00:00+00:00,0.0,0.0,20.34762,2.5942245,152.44728
2022-05-18 02:00:00+00:00,0.0,0.0,22.140348,2.529822,161.56496
2022-05-18 03:00:00+00:00,0.0,0.0,23.345171,2.624881,139.63554
2022-05-18 04:00:00+00:00,0.0,0.0,24.75909,2.7018511,128.991
2022-05-18 05:00:00+00:00,0.0,0.0,25.065125,3.6235344,117.979385
2022-05-18 06:00:00+00:00,0.0,0.0,25.391895,4.0804415,107.10281
2022-05-18 07:00:00+00:00,0.0,0.0,24.299139,4.925444,95.82625
2022-05-18 08:00:00+00:00,0.0,0.0,22.657084,6.2289643,84.47256
2022-05-18 09:00:00+00:00,0.0,0.0,21.739386,6.600757,89.131966
2022-05-18 10:00:00+00:00,0.0,0.0,20.877869,6.2,90.0
2022-05-18 11:00:00+00:00,0.0,0.0,19.462639,5.2201533,106.699326
2022-05-18 12:00:00+00:00,0.0,0.0,18.203259,8.919641,109.653915
2022-05-18 13:00:00+00:00,0.0,0.0,17.491833,7.3824115,118.30067
2022-05-18 14:00:00+00:00,0.0,0.0,17.009241,6.9339743,123.23173
2022-05-18 15:00:00+00:00,0.0,0.0,16.605825,6.8249545,129.05313
2022-05-18 16:00:00+00:00,0.0,0.0,15.987497,6.935416,132.66266
2022-05-18 17:00:00+00:00,0.0,0.0,15.589954,6.5604877,142.43134
2022-05-18 18:00:00+00:00,0.0,0.0,15.7188225,4.738143,135.85501
2022-05-18 19:00:00+00:00,0.0,0.0,15.633858,5.8249464,124.50858
2022-05-18 20:00:00+00:00,0.0,0.0,15.665844,4.3931766,138.69148
2022-05-18 21:00:00+00:00,0.0,0.0,15.035091,4.545327,129.64413
2022-05-18 22:00:00+00:00,0.0,0.0,16.106361,4.976947,112.4428
2022-05-18 23:00:00+00:00,0.0,0.0,17.313265,4.90408,110.28265
2022-05-19 00:00:00+00:00,0.0,0.0,18.038277,4.2190046,148.57048
2022-05-19 01:00:00+00:00,0.0,0.0,18.491426,3.3241541,133.7812
2022-05-19 02:00:00+00:00,0.0,0.0,21.829407,2.385372,123.02387
2022-05-19 03:00:00+00:00,0.0,0.0,21.630556,2.8653097,119.24873
2022-05-19 04:00:00+00:00,0.0,0.0,21.481495,3.7696154,111.801476
2022-05-19 05:00:00+00:00,0.0,0.0,21.825157,4.2579336,99.46225
2022-05-19 06:00:00+00:00,0.0,0.0,21.81711,3.9204593,84.14409
2022-05-19 07:00:00+00:00,0.0,0.0,21.741222,4.531004,67.963715
2022-05-19 08:00:00+00:00,0.0,0.0,22.651577,3.9623227,79.824554
2022-05-19 09:00:00+00:00,0.0,0.0,23.040539,3.9623227,79.824554
2022-05-19 10:00:00+00:00,0.0,0.0,22.451147,5.0,73.73973
2022-05-19 11:00:00+00:00,0.0,0.0,21.576666,5.5326304,83.77426
2022-05-19 12:00:00+00:00,0.0,0.0,21.415068,4.9648767,80.72748
2022-05-19 13:00:00+00:00,0.0,0.0,21.311142,4.0447497,81.46932
2022-05-19 14:00:00+00:00,0.1,0.1,20.891117,3.4525354,79.99209
2022-05-19 15:00:00+00:00,0.2,0.2,20.335241,3.6769552,67.61982
2022-05-19 16:00:00+00:00,0.4,0.4,19.925505,4.148494,74.623695
2022-05-19 17:00:00+00:00,0.3,0.3,19.757841,4.0816665,59.03632
2022-05-19 18:00:00+00:00,0.0,0.0,19.682507,3.8910153,64.09355
2022-05-19 19:00:00+00:00,0.0,0.0,19.674952,3.5608988,51.842735
2022-05-19 20:00:00+00:00,0.6,0.6,19.585268,3.04795,41.00899
2022-05-19 21:00:00+00:00,1.5,1.5,19.714304,3.1241,50.194473
2022-05-19 22:00:00+00:00,0.2,0.2,19.857237,2.7202942,53.972538
2022-05-19 23:00:00+00:00,0.7,0.7,20.053036,2.408319,48.366554
2022-05-20 00:00:00+00:00,0.3,0.3,20.105291,1.9697715,23.962492
2022-05-20 01:00:00+00:00,0.2,0.2,20.565699,2.376973,22.249071
2022-05-20 02:00:00+00:00,1.0,1.0,20.603527,3.001666,29.981556
2022-05-20 03:00:00+00:00,1.4,1.4,21.495392,3.51141,19.983198
2022-05-20 04:00:00+00:00,0.4,0.4,21.26055,3.981206,11.592147
2022-05-20 05:00:00+00:00,1.1,1.1,20.796879,4.004997,357.13766
2022-05-20 06:00:00+00:00,0.6,0.6,20.380981,3.905125,357.0644
2022-05-20 07:00:00+00:00,0.3,0.3,20.224062,3.354102,349.69522
2022-05-20 08:00:00+00:00,0.2,0.2,20.136599,2.7730849,334.35904
2022-05-20 09:00:00+00:00,0.1,0.1,20.028513,2.1260293,318.81415
2022-05-20 10:00:00+00:00,0.0,0.0,19.909277,2.0248458,302.90524
2022-05-20 11:00:00+00:00,0.0,0.0,19.386845,2.5,323.13
2022-05-20 12:00:00+00:00,0.1,0.1,18.83303,2.9832869,346.42953
2022-05-20 13:00:00+00:00,0.1,0.1,19.468594,1.9104973,6.0089183
2022-05-20 14:00:00+00:00,0.0,0.0,18.949678,2.118962,340.70987
2022-05-20 15:00:00+00:00,0.0,0.0,18.45441,2.3,360.0
2022-05-20 16:00:00+00:00,0.0,0.0,17.355425,2.5,360.0
2022-05-20 17:00:00+00:00,0.0,0.0,16.933758,2.3194828,352.5687
2022-05-20 18:00:00+00:00,0.0,0.0,16.602262,2.3086793,355.03033
2022-05-20 19:00:00+00:00,0.0,0.0,17.360933,2.2561028,12.804273
2022-05-20 20:00:00+00:00,0.0,0.0,16.143631,2.280351,15.255177
2022-05-20 21:00:00+00:00,0.0,0.0,15.867777,2.0396078,11.3098955
2022-05-20 22:00:00+00:00,0.0,0.0,17.669304,2.1377556,10.784258
2022-05-20 23:00:00+00:00,0.0,0.0,18.723091,1.8439089,12.528798
2022-05-21 00:00:00+00:00,0.0,0.0,19.951033,2.1633308,33.6901
2022-05-21 01:00:00+00:00,0.0,0.0,21.522203,2.4207437,51.709793
2022-05-21 02:00:00+00:00,0.1,0.1,22.86946,2.4758837,46.636536
2022-05-21 03:00:00+00:00,0.0,0.0,25.25081,2.7018511,38.990997
2022-05-21 04:00:00+00:00,0.0,0.0,26.075771,2.4839485,49.899166
2022-05-21 05:00:00+00:00,0.0,0.0,25.350685,2.4596748,63.435013
2022-05-21 06:00:00+00:00,0.0,0.0,24.883335,2.4515302,78.231735
2022-05-21 07:00:00+00:00,0.0,0.0,24.779028,3.306055,93.46816
2022-05-21 08:00:00+00:00,0.0,0.0,23.983585,3.905125,103.32455
2022-05-21 09:00:00+00:00,0.0,0.0,22.436184,4.90408,110.28265
2022-05-21 10:00:00+00:00,0.0,0.0,22.055044,5.1923018,105.64231
2022-05-21 11:00:00+00:00,0.0,0.0,20.359173,6.2169123,101.12915
2022-05-21 12:00:00+00:00,0.0,0.0,20.38171,6.8007355,107.10281
2022-05-21 13:00:00+00:00,0.0,0.0,20.209946,6.4513564,108.99674
2022-05-21 14:00:00+00:00,0.0,0.0,19.691065,5.7245083,117.01259
2022-05-21 15:00:00+00:00,0.0,0.0,19.323967,5.056679,114.53771
2022-05-21 16:00:00+00:00,0.0,0.0,19.194523,4.438468,112.52061
2022-05-21 17:00:00+00:00,0.0,0.0,19.3038,4.2953463,114.775116
2022-05-21 18:00:00+00:00,0.0,0.0,18.077803,3.8948684,119.197395
2022-05-21 19:00:00+00:00,0.0,0.0,17.000973,3.354102,116.56499
2022-05-21 20:00:00+00:00,0.0,0.0,16.971313,3.8078864,119.93143
2022-05-21 21:00:00+00:00,0.0,0.0,16.176668,3.538361,132.70937
2022-05-21 22:00:00+00:00,0.0,0.0,19.256603,3.3301651,138.65233
2022-05-21 23:00:00+00:00,0.0,0.0,20.503002,2.842534,129.28938
2022-05-22 00:00:00+00:00,0.0,0.0,22.139833,2.86007,126.46933
2022-05-22 01:00:00+00:00,0.0,0.0,23.954372,3.2526913,135.0001
2022-05-22 02:00:00+00:00,0.0,0.0,26.03675,3.11127,135.0001
2022-05-22 03:00:00+00:00,0.0,0.0,26.79854,3.3241541,133.7812
2022-05-22 04:00:00+00:00,0.0,0.0,28.415195,3.7802117,127.47626
2022-05-22 05:00:00+00:00,0.0,0.0,28.36084,4.554119,109.23077
2022-05-22 06:00:00+00:00,0.0,0.0,27.60908,5.2086463,93.301796
2022-05-22 07:00:00+00:00,0.0,0.0,25.722355,5.93043,84.193375
2022-05-22 08:00:00+00:00,0.0,0.0,26.188074,5.5145264,85.84044
2022-05-22 09:00:00+00:00,0.0,0.0,25.105223,6.2297673,71.27412
2022-05-22 10:00:00+00:00,0.0,0.0,23.58096,7.18401,73.835434
2022-05-22 11:00:00+00:00,0.0,0.0,23.096712,7.100704,89.19309
2022-05-22 12:00:00+00:00,0.0,0.0,22.075329,8.381527,107.35411
2022-05-22 13:00:00+00:00,0.0,0.0,21.844267,8.631338,133.12215
2022-05-22 14:00:00+00:00,0.0,0.0,21.746159,8.20975,145.92276
2022-05-22 15:00:00+00:00,0.0,0.0,21.639746,6.7542577,154.57317
2022-05-22 16:00:00+00:00,0.0,0.0,21.182362,6.35059,153.8385
2022-05-22 17:00:00+00:00,0.0,0.0,20.990572,5.3665633,153.43501
2022-05-22 18:00:00+00:00,0.2,0.2,20.833452,5.0089917,153.94656
2022-05-22 19:00:00+00:00,0.9,0.9,20.045881,5.4708314,149.21593
2022-05-22 20:00:00+00:00,1.2,1.2,19.364298,5.60803,140.06367
2022-05-22 21:00:00+00:00,0.7,0.7,18.692572,6.0141497,132.97864
2022-05-22 22:00:00+00:00,0.6,0.6,18.360483,6.0207973,131.63345
2022-05-22 23:00:00+00:00,0.3,0.3,17.932285,5.661272,125.65542
2022-05-23 00:00:00+00:00,0.0,0.0,18.368757,5.7982755,135.0001
2022-05-23 01:00:00+00:00,0.0,0.0,18.972155,4.8414874,128.2902
2022-05-23 02:00:00+00:00,0.0,0.0,19.278896,5.0,126.86999
2022-05-23 03:00:00+00:00,0.0,0.0,20.471828,4.248529,116.56499
2022-05-23 04:00:00+00:00,0.0,0.0,21.239418,5.6293874,102.30801
2022-05-23 05:00:00+00:00,0.0,0.0,23.473215,5.9682493,98.673096
2022-05-23 06:00:00+00:00,0.0,0.0,22.40997,7.038466,112.55729
2022-05-23 07:00:00+00:00,0.1,0.1,22.058846,6.983552,119.1342
2022-05-23 08:00:00+00:00,0.0,0.0,22.43781,6.551336,121.26367
2022-05-23 09:00:00+00:00,0.0,0.0,21.306227,7.8771825,110.045334
2022-05-23 10:00:00+00:00,0.0,0.0,20.354412,8.653901,112.4162
2022-05-23 11:00:00+00:00,0.0,0.0,19.453442,8.603488,109.69871
2022-05-23 12:00:00+00:00,0.0,0.0,19.683794,8.005623,110.47237
2022-05-23 13:00:00+00:00,0.0,0.0,19.440937,7.3824115,114.82932
2022-05-23 14:00:00+00:00,0.0,0.0,19.55858,6.0415235,118.68605
2022-05-23 15:00:00+00:00,0.0,0.0,19.769104,4.531004,112.036285
2022-05-23 16:00:00+00:00,0.0,0.0,19.573374,4.110961,108.43504
2022-05-23 17:00:00+00:00,0.0,0.0,19.270418,4.049691,110.22495
2022-05-23 18:00:00+00:00,0.0,0.0,19.205303,4.8703184,109.17911
2022-05-23 19:00:00+00:00,0.0,0.0,19.266531,4.792703,113.35559
2022-05-23 20:00:00+00:00,0.0,0.0,19.32288,4.294182,117.75845
2022-05-23 21:00:00+00:00,0.0,0.0,19.068756,4.6238513,111.57137
2022-05-23 22:00:00+00:00,0.0,0.0,19.464289,4.669047,99.865746
2022-05-23 23:00:00+00:00,0.0,0.0,20.230753,4.2107005,94.08554
2022-05-24 00:00:00+00:00,0.0,0.0,21.023474,4.1785164,111.03758
2022-05-24 01:00:00+00:00,0.0,0.0,22.156958,4.118252,119.05451
2022-05-24 02:00:00+00:00,0.0,0.0,23.404669,3.008322,105.42222
2022-05-24 03:00:00+00:00,0.0,0.0,24.47863,2.745906,100.491425
2022-05-24 04:00:00+00:00,0.0,0.0,25.20408,2.5179358,83.15732
2022-05-24 05:00:00+00:00,0.0,0.0,25.671448,2.158703,76.60749
2022-05-24 06:00:00+00:00,0.0,0.0,26.521704,1.7117243,83.29026
2022-05-24 07:00:00+00:00,0.0,0.0,27.13657,1.7029387,86.63361
2022-05-24 08:00:00+00:00,0.0,0.0,26.366035,2.9068885,93.945114
2022-05-24 09:00:00+00:00,0.0,0.0,23.614977,6.8264194,95.04236
2022-05-24 10:00:00+00:00,0.0,0.0,22.756786,6.708204,79.69521
2022-05-24 11:00:00+00:00,0.0,0.0,21.85794,7.324616,75.77401
2022-05-24 12:00:00+00:00,0.0,0.0,21.19616,7.7317524,84.805664
2022-05-24 13:00:00+00:00,0.0,0.0,20.767477,7.602631,91.50741
2022-05-24 14:00:00+00:00,0.0,0.0,20.372099,7.4431176,96.17008
2022-05-24 15:00:00+00:00,0.0,0.0,20.394018,6.530697,101.48196
2022-05-24 16:00:00+00:00,0.0,0.0,20.653736,5.3366656,102.99462
2022-05-24 17:00:00+00:00,0.0,0.0,20.477486,4.3416586,104.67644
2022-05-24 18:00:00+00:00,0.0,0.0,18.96366,3.3615472,112.751015
2022-05-24 19:00:00+00:00,0.0,0.0,18.915655,2.385372,123.02387
2022-05-24 20:00:00+00:00,0.0,0.0,19.54076,1.3000001,157.3801
2022-05-24 21:00:00+00:00,0.0,0.0,18.666767,1.2206556,214.9921
2022-05-24 22:00:00+00:00,0.0,0.0,20.832363,1.4035668,274.08554
2022-05-24 23:00:00+00:00,0.0,0.0,21.5742,1.4142135,315.0001
2022-05-25 00:00:00+00:00,0.0,0.0,22.85993,0.31622776,198.43504
2022-05-25 01:00:00+00:00,0.0,0.0,23.920963,0.8062258,172.87508
2022-05-25 02:00:00+00:00,0.1,0.1,25.42814,0.6324555,198.43504
2022-05-25 03:00:00+00:00,0.1,0.1,26.356739,0.72801095,164.05453
2022-05-25 04:00:00+00:00,0.0,0.0,27.849735,1.1661904,149.03632
2022-05-25 05:00:00+00:00,0.0,0.0,29.5014,0.98488575,156.0375
2022-05-25 06:00:00+00:00,0.0,0.0,30.080917,0.5830952,149.03632
2022-05-25 07:00:00+00:00,0.0,0.0,29.079498,1.5652475,63.435013
2022-05-25 08:00:00+00:00,0.0,0.0,27.23551,4.004997,87.13766
2022-05-25 09:00:00+00:00,0.0,0.0,25.08492,5.813777,93.945114
2022-05-25 10:00:00+00:00,0.0,0.0,23.847061,6.0406957,96.654335
2022-05-25 11:00:00+00:00,0.0,0.0,22.09016,7.034913,95.7105
2022-05-25 12:00:00+00:00,0.0,0.0,22.240677,7.5026665,91.52749
2022-05-25 13:00:00+00:00,0.0,0.0,22.469074,6.9231496,100.82296
2022-05-25 14:00:00+00:00,0.0,0.0,22.111294,6.5924196,99.60514
2022-05-25 15:00:00+00:00,0.0,0.0,21.78772,6.198387,107.85041
2022-05-25 16:00:00+00:00,0.0,0.0,21.730598,5.5569777,120.256355
2022-05-25 17:00:00+00:00,0.0,0.0,21.168665,3.0675724,109.025696
2022-05-25 18:00:00+00:00,0.0,0.0,22.214415,2.6476402,79.11452
2022-05-25 19:00:00+00:00,0.0,0.0,22.399359,2.8319604,47.862484
2022-05-25 20:00:00+00:00,0.0,0.0,21.99406,3.9698865,40.9143
2022-05-25 21:00:00+00:00,0.0,0.0,21.517212,3.9623227,47.045418
2022-05-25 22:00:00+00:00,0.1,0.1,21.631187,3.443835,64.17907
2022-05-25 23:00:00+00:00,0.9,0.9,21.945133,2.1400933,37.405437
2022-05-26 00:00:00+00:00,1.7,1.7,21.880184,3.88973,43.958473
2022-05-26 01:00:00+00:00,1.2,1.2,21.93458,3.2695565,66.5713
2022-05-26 02:00:00+00:00,0.6,0.6,21.932095,3.5735137,72.07199
2022-05-26 03:00:00+00:00,0.1,0.1,23.00988,2.5079873,85.42616
2022-05-26 04:00:00+00:00,0.0,0.0,23.862799,2.7202942,126.027466
2022-05-26 05:00:00+00:00,0.0,0.0,23.898073,2.5179358,96.84268
2022-05-26 06:00:00+00:00,0.0,0.0,24.390833,2.570992,76.50425
2022-05-26 07:00:00+00:00,0.0,0.0,25.39058,2.209072,95.19434
2022-05-26 08:00:00+00:00,0.0,0.0,25.350157,2.3323808,120.96369
2022-05-26 09:00:00+00:00,0.0,0.0,24.172169,3.4999998,126.86999
2022-05-26 10:00:00+00:00,0.0,0.0,23.59882,4.060788,127.99879
2022-05-26 11:00:00+00:00,0.0,0.0,21.959137,4.494441,122.27562
2022-05-26 12:00:00+00:00,0.0,0.0,23.374609,4.2801867,127.40543
2022-05-26 13:00:00+00:00,0.0,0.0,21.4114,3.6891732,122.828545
2022-05-26 14:00:00+00:00,0.0,0.0,21.1524,4.313931,135.9391
2022-05-26 15:00:00+00:00,0.0,0.0,20.307161,3.7013512,141.58191
2022-05-26 16:00:00+00:00,0.0,0.0,21.120087,3.0413814,152.59251
2022-05-26 17:00:00+00:00,0.0,0.0,22.448795,2.236068,190.3048
2022-05-26 18:00:00+00:00,0.0,0.0,22.145386,2.5,216.86998
2022-05-26 19:00:00+00:00,0.0,0.0,22.46189,2.0124612,243.43501
2022-05-26 20:00:00+00:00,0.0,0.0,22.695965,1.5231546,246.80138
2022-05-26 21:00:00+00:00,0.0,0.0,22.736113,1.264911,251.56496
2022-05-26 22:00:00+00:00,0.0,0.0,22.360403,1.4764823,241.69934
2022-05-26 23:00:00+00:00,0.0,0.0,23.530823,1.6278821,222.5104
2022-05-27 00:00:00+00:00,0.0,0.0,24.504246,2.0,216.86998
2022-05-27 01:00:00+00:00,0.0,0.0,26.298159,1.4866068,250.34608
2022-05-27 02:00:00+00:00,0.0,0.0,28.918743,0.98488575,246.0375
2022-05-27 03:00:00+00:00,0.0,0.0,30.937363,0.5,216.86998
2022-05-27 04:00:00+00:00,0.0,0.0,31.22623,0.60827625,170.53775
2022-05-27 05:00:00+00:00,0.0,0.0,31.058014,1.0,126.86999
2022-05-27 06:00:00+00:00,0.0,0.0,31.886013,0.781025,129.80553
2022-05-27 07:00:00+00:00,0.0,0.0,31.209637,1.0630146,138.81418
2022-05-27 08:00:00+00:00,0.0,0.0,30.543758,1.431782,114.775116
2022-05-27 09:00:00+00:00,0.0,0.0,29.486458,3.0066593,86.186005
2022-05-27 10:00:00+00:00,0.0,0.0,27.589931,6.0033326,88.09089
2022-05-27 11:00:00+00:00,0.0,0.0,25.988167,6.7007456,89.14493
2022-05-27 12:00:00+00:00,0.0,0.0,25.756872,6.7067127,92.56372
2022-05-27 13:00:00+00:00,0.0,0.0,26.099466,6.200806,90.92403
2022-05-27 14:00:00+00:00,0.1,0.1,26.095295,4.883646,100.619606
2022-05-27 15:00:00+00:00,0.0,0.0,25.866526,4.4407206,144.16226
2022-05-27 16:00:00+00:00,0.0,0.0,25.482332,6.0299253,174.2895
2022-05-27 17:00:00+00:00,0.0,0.0,24.890186,6.4938436,189.75235
2022-05-27 18:00:00+00:00,0.0,0.0,24.120594,6.9,180.0
2022-05-27 19:00:00+00:00,0.1,0.1,23.149076,7.9831076,192.29526
2022-05-27 20:00:00+00:00,0.1,0.1,23.242056,7.2249565,184.76355
2022-05-27 21:00:00+00:00,0.0,0.0,23.020857,5.7008767,178.99493
2022-05-27 22:00:00+00:00,0.0,0.0,22.646275,5.414795,175.76369
2022-05-27 23:00:00+00:00,0.0,0.0,22.632107,4.7010636,181.21884
2022-05-28 00:00:00+00:00,0.0,0.0,21.881355,5.234501,186.58185
2022-05-28 01:00:00+00:00,0.1,0.1,22.932985,2.6476402,169.11452
2022-05-28 02:00:00+00:00,0.0,0.0,22.769192,3.6235344,152.02061
2022-05-28 03:00:00+00:00,0.0,0.0,23.08245,4.7801676,142.65057
2022-05-28 04:00:00+00:00,0.0,0.0,24.822298,6.6573267,147.26479
2022-05-28 05:00:00+00:00,0.0,0.0,25.769588,6.5000005,165.74994
2022-05-28 06:00:00+00:00,0.7,0.7,26.096758,4.3104525,183.99083
2022-05-28 07:00:00+00:00,0.2,0.2,26.393307,4.4777226,156.29735
2022-05-28 08:00:00+00:00,0.1,0.1,26.038692,5.0921507,160.49747
2022-05-28 09:00:00+00:00,0.0,0.0,26.383497,4.295346,167.90526
2022-05-28 10:00:00+00:00,0.1,0.1,25.819954,4.3416586,151.07367
2022-05-28 11:00:00+00:00,0.5,0.5,24.98244,4.8600416,143.3658
2022-05-28 12:00:00+00:00,1.5,1.5,24.575598,3.9446166,149.53453
2022-05-28 13:00:00+00:00,0.4,0.4,24.08141,4.472136,153.43501
2022-05-28 14:00:00+00:00,0.2,0.2,23.941618,4.554119,171.15826
2022-05-28 15:00:00+00:00,0.0,0.0,23.826454,4.527693,186.3401
2022-05-28 16:00:00+00:00,0.0,0.0,24.05877,4.0521603,195.75124
2022-05-28 17:00:00+00:00,0.0,0.0,24.074766,2.720294,197.10281
2022-05-28 18:00:00+00:00,0.1,0.1,23.967813,2.5961509,195.6423
2022-05-28 19:00:00+00:00,0.2,0.2,24.17052,2.505993,208.61037
2022-05-28 20:00:00+00:00,1.1,1.1,24.236458,2.376973,202.24907
2022-05-28 21:00:00+00:00,2.6,2.6,24.26351,2.3086793,197.6502
2022-05-28 22:00:00+00:00,1.1,1.1,23.919044,3.535534,188.13002
2022-05-28 23:00:00+00:00,3.0,3.0,24.0385,4.539824,187.59456
2022-05-29 00:00:00+00:00,5.7,5.7,24.433151,2.0,180.0
2022-05-29 01:00:00+00:00,6.0,6.0,24.609825,1.9104973,186.00891
2022-05-29 02:00:00+00:00,1.8,1.8,24.892513,1.9723083,210.46547
2022-05-29 03:00:00+00:00,2.3,2.3,25.904324,2.2847319,203.19861
2022-05-29 04:00:00+00:00,2.8,2.8,26.87477,1.8439089,229.39879
2022-05-29 05:00:00+00:00,2.9,2.9,26.857103,2.758623,226.46873
2022-05-29 06:00:00+00:00,1.9,1.9,28.409924,3.0413814,207.40749
2022-05-29 07:00:00+00:00,3.8,3.8,29.444939,2.8017852,214.82455
2022-05-29 08:00:00+00:00,2.6,2.6,29.428802,3.001666,209.98155
2022-05-29 09:00:00+00:00,1.1,1.1,29.000847,4.4922156,196.82149
2022-05-29 10:00:00+00:00,0.1,0.1,29.466087,3.8587563,211.21834
2022-05-29 11:00:00+00:00,0.0,0.0,28.305698,5.2630787,218.82983
2022-05-29 12:00:00+00:00,0.0,0.0,28.074142,4.770744,213.02386
2022-05-29 13:00:00+00:00,0.0,0.0,27.171976,4.110961,228.94528
2022-05-29 14:00:00+00:00,0.0,0.0,26.907871,3.9446166,239.53453
2022-05-29 15:00:00+00:00,0.0,0.0,26.84147,3.981206,258.40784
2022-05-29 16:00:00+00:00,0.0,0.0,26.018497,3.8470767,261.02747
2022-05-29 17:00:00+00:00,0.0,0.0,26.770004,4.707441,282.26477
2022-05-29 18:00:00+00:00,0.2,0.2,26.751541,2.4207437,308.2902
2022-05-29 19:00:00+00:00,0.1,0.1,26.198929,2.3706539,242.35411
2022-05-29 20:00:00+00:00,0.0,0.0,26.536112,3.1780498,245.85446
2022-05-29 21:00:00+00:00,0.0,0.0,25.866882,3.7643058,253.0091
2022-05-29 22:00:00+00:00,0.0,0.0,26.619503,3.8832974,258.11136
2022-05-29 23:00:00+00:00,0.0,0.0,28.395561,3.5014284,271.63654
2022-05-30 00:00:00+00:00,0.0,0.0,29.782986,0.4,90.0
2022-05-30 01:00:00+00:00,0.3,0.3,30.492485,0.9055385,83.659904
2022-05-30 02:00:00+00:00,0.1,0.1,30.959148,0.5,216.86998
2022-05-30 03:00:00+00:00,0.0,0.0,32.198925,1.4866068,289.6539
2022-05-30 04:00:00+00:00,0.0,0.0,31.958889,3.1780496,347.27563
2022-05-30 05:00:00+00:00,0.2,0.2,32.540154,4.204759,2.7262611
2022-05-30 06:00:00+00:00,0.1,0.1,31.60588,4.317406,13.392516
2022-05-30 07:00:00+00:00,1.0,1.0,29.939564,5.400926,358.93912
2022-05-30 08:00:00+00:00,0.6,0.6,29.488789,0.22360681,63.435013
2022-05-30 09:00:00+00:00,0.0,0.0,29.400013,1.8027756,199.44012
2022-05-30 10:00:00+00:00,0.0,0.0,29.473248,1.6643317,237.26477
2022-05-30 11:00:00+00:00,0.0,0.0,27.662996,1.5132746,187.59456
2022-05-30 12:00:00+00:00,0.1,0.1,25.885027,5.5362444,106.798454
2022-05-30 13:00:00+00:00,0.6,0.6,25.389671,4.7801676,105.78082
2022-05-30 14:00:00+00:00,0.4,0.4,25.197615,4.341659,82.056625
2022-05-30 15:00:00+00:00,0.1,0.1,24.706566,4.701064,66.161255
2022-05-30 16:00:00+00:00,0.0,0.0,24.068958,5.8591805,62.560368
2022-05-30 17:00:00+00:00,0.0,0.0,22.206648,5.9464273,70.346085
2022-05-30 18:00:00+00:00,0.0,0.0,21.519808,5.5036354,87.91749
2022-05-30 19:00:00+00:00,0.0,0.0,21.560017,5.135173,96.70974
2022-05-30 20:00:00+00:00,0.0,0.0,21.235271,4.8,90.0
2022-05-30 21:00:00+00:00,0.0,0.0,21.036148,4.5177426,84.92049
2022-05-30 22:00:00+00:00,0.0,0.0,20.82449,5.3037724,92.16103
2022-05-30 23:00:00+00:00,0.0,0.0,21.150032,4.8507733,98.297066
2022-05-31 00:00:00+00:00,0.0,0.0,22.260874,5.0447993,103.76081
2022-05-31 01:00:00+00:00,0.0,0.0,22.61966,5.554278,103.53587
2022-05-31 02:00:00+00:00,0.0,0.0,23.74104,5.7428217,97.001175
2022-05-31 03:00:00+00:00,0.0,0.0,25.031662,6.063827,103.34874
2022-05-31 04:00:00+00:00,0.0,0.0,27.461786,5.515433,112.38018
2022-05-31 05:00:00+00:00,0.0,0.0,27.940758,5.700877,111.61484
2022-05-31 06:00:00+00:00,0.0,0.0,28.185833,5.420332,119.87591
2022-05-31 07:00:00+00:00,0.0,0.0,28.836895,4.4407206,125.837746
2022-05-31 08:00:00+00:00,0.0,0.0,28.856518,4.8795495,135.83023
2022-05-31 09:00:00+00:00,0.0,0.0,28.549252,4.924429,113.962494
2022-05-31 10:00:00+00:00,0.0,0.0,27.201864,7.324616,141.09586
2022-05-31 11:00:00+00:00,0.0,0.0,26.006634,6.6098413,162.38733
2022-05-31 12:00:00+00:00,0.0,0.0,25.493538,7.0405965,168.5305
2022-05-31 13:00:00+00:00,0.1,0.1,25.806076,6.708204,169.6952
2022-05-31 14:00:00+00:00,0.0,0.0,25.575554,6.258594,167.074
2022-05-31 15:00:00+00:00,0.0,0.0,25.630314,6.7119293,183.41652
2022-05-31 16:00:00+00:00,0.0,0.0,25.503546,6.7186303,184.2678
2022-05-31 17:00:00+00:00,0.0,0.0,25.541111,6.648308,201.16133
2022-05-31 18:00:00+00:00,0.1,0.1,26.166573,5.5542774,203.33406
2022-05-31 19:00:00+00:00,0.2,0.2,26.237255,5.5108986,191.5138
2022-05-31 20:00:00+00:00,0.1,0.1,26.325596,3.9446166,210.46547
2022-05-31 21:00:00+00:00,0.1,0.1,26.012444,4.876474,195.46127
2022-05-31 22:00:00+00:00,0.7,0.7,26.256805,4.104875,214.07724
2022-05-31 23:00:00+00:00,0.5,0.5,26.814001,2.9732137,222.27362
2022-06-01 00:00:00+00:00,0.0,0.0,27.697088,3.8013155,234.63745
2022-06-01 01:00:00+00:00,0.0,0.0,29.728302,3.544009,253.61038
2022-06-01 02:00:00+00:00,0.1,0.1,32.786083,2.3086793,287.6502
2022-06-01 03:00:00+00:00,0.1,0.1,34.02363,2.1023796,295.34613
2022-06-01 04:00:00+00:00,0.1,0.1,34.67341,2.1023796,295.34613
2022-06-01 05:00:00+00:00,0.1,0.1,34.99575,1.7804494,308.15726
2022-06-01 06:00:00+00:00,2.7,2.7,28.441483,5.3740115,315.0001
2022-06-01 07:00:00+00:00,0.5,0.5,29.083553,1.4035668,265.91446
2022-06-01 08:00:00+00:00,0.0,0.0,29.285583,0.92195445,229.39879
2022-06-01 09:00:00+00:00,0.2,0.2,29.15144,1.8027756,199.44012
2022-06-01 10:00:00+00:00,0.0,0.0,29.249737,3.8626416,201.25058
2022-06-01 11:00:00+00:00,0.0,0.0,29.07647,4.3324356,198.85326
2022-06-01 12:00:00+00:00,0.0,0.0,29.03941,3.828838,220.76352
2022-06-01 13:00:00+00:00,0.0,0.0,28.30336,4.770744,213.02386
2022-06-01 14:00:00+00:00,0.1,0.1,27.422514,3.7735925,212.00534
2022-06-01 15:00:00+00:00,0.0,0.0,27.680822,2.7892652,194.5345
2022-06-01 16:00:00+00:00,0.0,0.0,27.433043,2.2,180.0
2022-06-01 17:00:00+00:00,0.0,0.0,27.16181,1.8439089,139.39879
2022-06-01 18:00:00+00:00,0.0,0.0,27.19322,2.5,126.86999
2022-06-01 19:00:00+00:00,0.0,0.0,26.547058,2.2825425,118.8107
2022-06-01 20:00:00+00:00,0.0,0.0,26.573038,2.751363,109.09359
2022-06-01 21:00:00+00:00,0.0,0.0,25.969416,2.8160255,96.11541
2022-06-01 22:00:00+00:00,0.0,0.0,27.647299,2.886174,104.03627
2022-06-01 23:00:00+00:00,0.0,0.0,28.598705,3.008322,105.42222
2022-06-02 00:00:00+00:00,0.0,0.0,28.868622,2.745906,123.11135
2022-06-02 01:00:00+00:00,0.0,0.0,29.486416,4.080441,126.027466
2022-06-02 02:00:00+00:00,0.0,0.0,30.440128,3.5735137,107.92801
2022-06-02 03:00:00+00:00,0.0,0.0,32.507015,3.8013155,116.56499
2022-06-02 04:00:00+00:00,0.0,0.0,32.50412,4.080441,126.027466
2022-06-02 05:00:00+00:00,0.0,0.0,31.221134,4.428318,115.40768
2022-06-02 06:00:00+00:00,0.1,0.1,32.73707,4.9396353,121.75944
2022-06-02 07:00:00+00:00,0.2,0.2,31.087551,5.515433,112.38018
2022-06-02 08:00:00+00:00,0.0,0.0,30.10516,6.628725,101.3099
2022-06-02 09:00:00+00:00,0.0,0.0,29.10561,6.7007456,90.85508
2022-06-02 10:00:00+00:00,0.0,0.0,28.878532,6.3007936,90.90936
2022-06-02 11:00:00+00:00,0.0,0.0,29.420753,4.992995,122.73522
2022-06-02 12:00:00+00:00,0.0,0.0,29.483131,4.1231055,129.09386
2022-06-02 13:00:00+00:00,0.0,0.0,29.176636,3.8626416,158.74942
2022-06-02 14:00:00+00:00,0.0,0.0,28.875492,4.661545,144.60512
2022-06-02 15:00:00+00:00,0.0,0.0,27.951523,5.59017,132.82524
2022-06-02 16:00:00+00:00,0.0,0.0,26.655535,5.872819,132.92996
2022-06-02 17:00:00+00:00,0.0,0.0,26.263819,4.8795495,135.83023
2022-06-02 18:00:00+00:00,0.0,0.0,25.843355,4.614109,119.89881
2022-06-02 19:00:00+00:00,0.0,0.0,25.393566,5.0328918,110.95586
2022-06-02 20:00:00+00:00,0.0,0.0,25.179007,4.8703184,109.17911
2022-06-02 21:00:00+00:00,0.0,0.0,24.840338,5.223983,95.49223
2022-06-02 22:00:00+00:00,0.0,0.0,24.838,5.7558665,97.98924
2022-06-02 23:00:00+00:00,0.0,0.0,25.338535,6.203225,91.84757
2022-06-03 00:00:00+00:00,0.0,0.0,26.286148,6.139218,102.22511
2022-06-03 01:00:00+00:00,0.3,0.3,27.24157,6.307139,92.72626
2022-06-03 02:00:00+00:00,0.1,0.1,29.137077,5.824946,101.88863
2022-06-03 03:00:00+00:00,0.0,0.0,29.571564,4.527693,96.340096
2022-06-03 04:00:00+00:00,0.0,0.0,31.7504,4.304649,87.33706
2022-06-03 05:00:00+00:00,0.0,0.0,31.310425,3.945884,81.25392
2022-06-03 06:00:00+00:00,0.0,0.0,30.614147,5.4451814,97.38595
2022-06-03 07:00:00+00:00,0.2,0.2,29.588146,7.34983,104.98169
2022-06-03 08:00:00+00:00,0.1,0.1,28.788193,7.17844,108.68745
2022-06-03 09:00:00+00:00,0.0,0.0,29.867348,6.074537,110.22495
2022-06-03 10:00:00+00:00,0.0,0.0,30.304337,5.4589376,118.442825
2022-06-03 11:00:00+00:00,0.0,0.0,30.225975,5.0477715,123.6901
2022-06-03 12:00:00+00:00,0.4,0.4,29.524452,5.491812,123.11135
2022-06-03 13:00:00+00:00,0.5,0.5,29.423016,4.104875,87.20736
2022-06-03 14:00:00+00:00,0.0,0.0,28.45723,5.731492,96.00892
2022-06-03 15:00:00+00:00,0.0,0.0,27.748268,6.6407833,108.43504
2022-06-03 16:00:00+00:00,0.0,0.0,27.488169,6.854196,113.198616
2022-06-03 17:00:00+00:00,0.0,0.0,27.526934,6.242595,125.21768
2022-06-03 18:00:00+00:00,0.0,0.0,28.13144,4.7423625,137.56381
2022-06-03 19:00:00+00:00,0.0,0.0,27.914822,4.5,126.86999
2022-06-03 20:00:00+00:00,0.0,0.0,27.827034,4.596738,135.88132
2022-06-03 21:00:00+00:00,0.0,0.0,27.65486,4.1231055,129.09386
2022-06-03 22:00:00+00:00,0.0,0.0,27.899654,4.1617303,125.21768
2022-06-03 23:00:00+00:00,0.1,0.1,29.054443,4.313931,134.0609
2022-06-04 00:00:00+00:00,6.1,6.1,29.960316,3.8418746,141.34016
2022-06-04 01:00:00+00:00,5.2,5.2,30.863571,1.4866068,160.34608
2022-06-04 02:00:00+00:00,2.4,2.4,30.991482,2.5,143.13002
2022-06-04 03:00:00+00:00,0.6,0.6,31.568886,2.6172504,136.54811
2022-06-04 04:00:00+00:00,0.0,0.0,33.663536,2.1023796,154.65387
2022-06-04 05:00:00+00:00,1.5,1.5,32.121094,4.6173587,184.96965
2022-06-04 06:00:00+00:00,0.2,0.2,32.376614,3.7696154,201.80147
2022-06-04 07:00:00+00:00,0.3,0.3,33.028236,3.9204593,185.85593
2022-06-04 08:00:00+00:00,0.1,0.1,33.44731,3.8897302,197.96924
2022-06-04 09:00:00+00:00,0.1,0.1,33.50404,4.341659,187.94337
2022-06-04 10:00:00+00:00,0.0,0.0,33.508034,4.7169905,184.86443
2022-06-04 11:00:00+00:00,0.0,0.0,31.639301,6.562012,187.88304
2022-06-04 12:00:00+00:00,0.0,0.0,30.045269,7.5960517,196.04907
2022-06-04 13:00:00+00:00,0.3,0.3,31.11724,5.1971145,210.01828
2022-06-04 14:00:00+00:00,1.6,1.6,32.087334,1.6763055,252.64589
2022-06-04 15:00:00+00:00,0.3,0.3,31.120178,3.9962482,211.70139
2022-06-04 16:00:00+00:00,0.0,0.0,30.824287,3.9824615,208.49554
2022-06-04 17:00:00+00:00,0.0,0.0,30.626347,4.7010636,209.29126
2022-06-04 18:00:00+00:00,0.0,0.0,30.395462,5.456189,221.2846
2022-06-04 19:00:00+00:00,0.0,0.0,30.329735,4.816638,228.36655
2022-06-04 20:00:00+00:00,0.0,0.0,30.118858,4.7423625,227.56381
2022-06-04 21:00:00+00:00,0.0,0.0,29.93124,4.763402,230.9645
2022-06-04 22:00:00+00:00,0.0,0.0,30.421608,4.4654226,235.95401
2022-06-04 23:00:00+00:00,2.8,2.8,29.829372,5.3712196,245.82089
2022-06-05 00:00:00+00:00,1.3,1.3,30.236408,3.5846896,239.85869
2022-06-05 01:00:00+00:00,3.3,3.3,30.473648,2.7802877,232.3057
2022-06-05 02:00:00+00:00,2.4,2.4,29.791588,3.5608988,218.15727
2022-06-05 03:00:00+00:00,2.7,2.7,30.090984,3.1064448,213.17853
2022-06-05 04:00:00+00:00,5.2,5.2,30.816181,2.2022715,219.47243
2022-06-05 05:00:00+00:00,7.8,7.8,30.989449,1.0770329,21.801476
2022-06-05 06:00:00+00:00,7.8,7.8,29.719372,4.022437,55.1246
2022-06-05 07:00:00+00:00,10.0,10.0,28.655933,6.8183575,4.2052836
2022-06-05 08:00:00+00:00,9.1,9.1,26.304165,8.438008,354.55975
2022-06-05 09:00:00+00:00,5.4,5.4,27.542397,5.162364,338.40463
2022-06-05 10:00:00+00:00,0.0,0.0,28.373367,5.059644,341.56494
2022-06-05 11:00:00+00:00,0.0,0.0,28.730404,5.3225937,334.39786
2022-06-05 12:00:00+00:00,0.0,0.0,29.090271,3.613862,14.4208145
2022-06-05 13:00:00+00:00,0.0,0.0,27.88527,2.9068885,3.9451082
2022-06-05 14:00:00+00:00,0.0,0.0,26.934832,5.1088157,356.6336
2022-06-05 15:00:00+00:00,0.0,0.0,25.488276,4.704253,357.5634
2022-06-05 16:00:00+00:00,0.0,0.0,24.109226,3.522783,353.4803
2022-06-05 17:00:00+00:00,0.0,0.0,23.332619,3.3955853,346.373
2022-06-05 18:00:00+00:00,0.0,0.0,23.667557,3.5510561,350.2725
2022-06-05 19:00:00+00:00,0.0,0.0,23.476105,2.9017239,1.9748993
2022-06-05 20:00:00+00:00,0.0,0.0,23.890425,2.5,16.26028
2022-06-05 21:00:00+00:00,0.0,0.0,24.336803,2.2472205,32.275623
2022-06-05 22:00:00+00:00,0.0,0.0,25.544115,1.2529964,28.610369
2022-06-05 23:00:00+00:00,0.0,0.0,26.154188,1.104536,264.80566
2022-06-06 00:00:00+00:00,0.0,0.0,26.418169,1.5264337,238.39255
2022-06-06 01:00:00+00:00,0.1,0.1,27.267387,2.209072,275.19434
2022-06-06 02:00:00+00:00,0.0,0.0,29.37767,2.3194828,277.4313
2022-06-06 03:00:00+00:00,0.0,0.0,32.11682,2.1633308,236.3099
2022-06-06 04:00:00+00:00,0.0,0.0,33.704052,2.6907248,228.01286
2022-06-06 05:00:00+00:00,0.0,0.0,34.576614,2.5495098,221.82008
2022-06-06 06:00:00+00:00,0.0,0.0,34.08825,3.275668,211.26367
2022-06-06 07:00:00+00:00,0.0,0.0,34.100613,2.7784889,210.25635
2022-06-06 08:00:00+00:00,0.0,0.0,33.38666,3.6055512,199.44012
2022-06-06 09:00:00+00:00,0.0,0.0,33.44015,5.186521,199.13374
2022-06-06 10:00:00+00:00,0.0,0.0,32.281067,5.3600373,188.58354
2022-06-06 11:00:00+00:00,0.0,0.0,29.082947,5.9774575,197.52565
2022-06-06 12:00:00+00:00,0.0,0.0,28.879726,8.09506,207.19804
2022-06-06 13:00:00+00:00,0.0,0.0,28.747646,8.459906,208.98872
2022-06-06 14:00:00+00:00,0.0,0.0,28.76892,6.4202805,217.40543
2022-06-06 15:00:00+00:00,0.0,0.0,27.929749,5.5443664,277.2531
2022-06-06 16:00:00+00:00,0.0,0.0,27.09869,4.20119,321.7661
2022-06-06 17:00:00+00:00,0.0,0.0,27.030184,5.748913,346.93066
2022-06-06 18:00:00+00:00,0.0,0.0,28.721851,1.8384776,337.6198
2022-06-06 19:00:00+00:00,0.0,0.0,27.441984,4.060788,350.07382
2022-06-06 20:00:00+00:00,0.0,0.0,26.11272,5.5542774,336.66592
2022-06-06 21:00:00+00:00,0.0,0.0,25.203157,6.5,337.3801
2022-06-06 22:00:00+00:00,0.0,0.0,25.28046,6.628725,348.6901
2022-06-06 23:00:00+00:00,0.0,0.0,25.906982,5.3037724,2.1610355
2022-06-07 00:00:00+00:00,0.0,0.0,27.56946,2.7856774,21.037588
2022-06-07 01:00:00+00:00,0.0,0.0,27.328917,4.2,360.0
2022-06-07 02:00:00+00:00,0.0,0.0,28.51807,4.2107005,355.91446
2022-06-07 03:00:00+00:00,0.0,0.0,29.71225,4.707441,347.73523
2022-06-07 04:00:00+00:00,0.0,0.0,29.906609,5.4451814,352.61404
2022-06-07 05:00:00+00:00,0.0,0.0,29.190987,5.8549128,352.14676
2022-06-07 06:00:00+00:00,0.0,0.0,28.923878,6.0299253,354.2895
2022-06-07 07:00:00+00:00,0.0,0.0,27.793777,6.000833,0.95482427
2022-06-07 08:00:00+00:00,0.0,0.0,27.52425,5.0358715,6.842679
2022-06-07 09:00:00+00:00,0.0,0.0,27.595764,4.3011627,17.592522
2022-06-07 10:00:00+00:00,0.0,0.0,27.537231,3.9115214,32.471172
2022-06-07 11:00:00+00:00,0.0,0.0,24.510353,3.5468295,49.574005
2022-06-07 12:00:00+00:00,0.0,0.0,27.496668,4.140048,52.853233
2022-06-07 13:00:00+00:00,0.0,0.0,25.871464,5.903389,91.94145
2022-06-07 14:00:00+00:00,0.0,0.0,24.94842,6.8593006,97.53935
2022-06-07 15:00:00+00:00,0.0,0.0,23.664814,7.200694,99.59306
2022-06-07 16:00:00+00:00,0.0,0.0,23.115839,6.8883963,99.18877
2022-06-07 17:00:00+00:00,0.0,0.0,22.568356,6.8883963,99.18877
2022-06-07 18:00:00+00:00,0.0,0.0,22.101034,6.806614,100.15421
2022-06-07 19:00:00+00:00,0.0,0.0,22.029215,6.3007936,89.090645
2022-06-07 20:00:00+00:00,0.0,0.0,22.044592,6.0,90.0
2022-06-07 21:00:00+00:00,0.0,0.0,22.118576,5.921149,94.84392
2022-06-07 22:00:00+00:00,0.0,0.0,22.27084,5.731492,96.00892
2022-06-07 23:00:00+00:00,0.0,0.0,23.04721,4.90408,92.33726
2022-06-08 00:00:00+00:00,0.0,0.0,23.87583,4.527693,83.659904
2022-06-08 01:00:00+00:00,0.0,0.0,25.151165,4.509989,93.814
2022-06-08 02:00:00+00:00,0.0,0.0,26.576502,4.997999,109.885254
2022-06-08 03:00:00+00:00,0.0,0.0,27.364483,4.90408,110.28265
2022-06-08 04:00:00+00:00,0.0,0.0,29.352257,4.3011627,107.592514
2022-06-08 05:00:00+00:00,0.0,0.0,30.83411,3.613862,104.420815
2022-06-08 06:00:00+00:00,0.0,0.0,31.29219,3.3376637,98.61557
2022-06-08 07:00:00+00:00,0.0,0.0,30.825043,3.2015622,91.78987
2022-06-08 08:00:00+00:00,0.0,0.0,29.327866,3.7121422,94.635376
2022-06-08 09:00:00+00:00,0.0,0.0,28.481903,4.509989,86.186005
2022-06-08 10:00:00+00:00,0.0,0.0,26.745214,5.59017,79.69521
2022-06-08 11:00:00+00:00,0.0,0.0,24.838602,6.419502,85.53293
2022-06-08 12:00:00+00:00,0.0,0.0,25.237123,6.905071,79.99209
2022-06-08 13:00:00+00:00,0.0,0.0,25.357336,7.025667,85.101
2022-06-08 14:00:00+00:00,0.0,0.0,25.94663,6.419502,94.46708
2022-06-08 15:00:00+00:00,0.0,0.0,25.879343,5.4744864,99.46225
2022-06-08 16:00:00+00:00,0.0,0.0,25.777039,4.9658837,115.01686
2022-06-08 17:00:00+00:00,0.0,0.0,25.688635,5.108816,130.23628
2022-06-08 18:00:00+00:00,0.0,0.0,25.921755,4.90408,140.79282
2022-06-08 19:00:00+00:00,0.0,0.0,25.648552,4.7885275,151.29414
2022-06-08 20:00:00+00:00,0.0,0.0,25.3475,4.0706263,152.176
2022-06-08 21:00:00+00:00,0.0,0.0,24.21224,4.2801867,142.59457
2022-06-08 22:00:00+00:00,0.0,0.0,24.927885,4.837354,150.2552
2022-06-08 23:00:00+00:00,0.0,0.0,26.308449,3.88973,136.04153
2022-06-09 00:00:00+00:00,0.0,0.0,27.761684,3.679674,132.79738
2022-06-09 01:00:00+00:00,0.0,0.0,29.17157,3.4669871,146.76828
2022-06-09 02:00:00+00:00,0.0,0.0,31.335587,3.3837848,145.84026
2022-06-09 03:00:00+00:00,0.0,0.0,33.460255,3.1016126,110.77233
2022-06-09 04:00:00+00:00,0.0,0.0,33.262615,4.368066,105.945465
2022-06-09 05:00:00+00:00,0.0,0.0,32.51558,4.876474,105.46127
2022-06-09 06:00:00+00:00,0.0,0.0,32.475582,5.0089917,93.43356
2022-06-09 07:00:00+00:00,0.0,0.0,31.608387,5.001,101.53459
2022-06-09 08:00:00+00:00,0.0,0.0,30.29142,5.6008925,91.02301
2022-06-09 09:00:00+00:00,0.0,0.0,30.03909,6.596969,75.96373
2022-06-09 10:00:00+00:00,0.0,0.0,29.74134,6.1073728,92.8155
2022-06-09 11:00:00+00:00,0.0,0.0,28.779545,6.9375787,105.03787
2022-06-09 12:00:00+00:00,0.0,0.0,26.271011,8.670064,97.28886
2022-06-09 13:00:00+00:00,0.0,0.0,26.055416,8.28734,109.74693
2022-06-09 14:00:00+00:00,0.0,0.0,26.282125,7.3783464,122.828545
2022-06-09 15:00:00+00:00,0.0,0.0,26.273802,7.2180333,137.24576
2022-06-09 16:00:00+00:00,0.0,0.0,25.679995,6.6030297,144.86572
2022-06-09 17:00:00+00:00,0.0,0.0,24.92343,6.4070277,145.81383
2022-06-09 18:00:00+00:00,0.0,0.0,24.385635,5.5317264,139.39879
2022-06-09 19:00:00+00:00,0.0,0.0,24.025745,5.9396963,135.0001
2022-06-09 20:00:00+00:00,0.0,0.0,23.742846,6.789698,133.8066
2022-06-09 21:00:00+00:00,0.0,0.0,23.516375,7.076722,137.29063
2022-06-09 22:00:00+00:00,0.0,0.0,23.902994,5.5605755,142.3057
2022-06-09 23:00:00+00:00,0.5,0.5,24.283613,4.0360875,131.98714
2022-06-10 00:00:00+00:00,0.5,0.5,23.55583,5.124451,107.020615
2022-06-10 01:00:00+00:00,1.6,1.6,22.956758,7.006426,92.45398
2022-06-10 02:00:00+00:00,1.9,1.9,23.075647,7.9075913,80.53775
2022-06-10 03:00:00+00:00,1.1,1.1,21.395323,9.300538,89.38396
2022-06-10 04:00:00+00:00,0.5,0.5,21.42672,8.2,90.0
2022-06-10 05:00:00+00:00,0.3,0.3,22.357111,6.6128664,69.64669
2022-06-10 06:00:00+00:00,0.3,0.3,22.5383,5.940539,53.901627
2022-06-10 07:00:00+00:00,0.1,0.1,22.169796,6.140033,59.676483
2022-06-10 08:00:00+00:00,0.3,0.3,22.281116,5.635601,62.525658
2022-06-10 09:00:00+00:00,0.2,0.2,22.933071,5.6859474,66.139824
2022-06-10 10:00:00+00:00,0.2,0.2,22.546349,7.236712,78.84538
2022-06-10 11:00:00+00:00,0.2,0.2,22.638966,6.7742157,81.51115
2022-06-10 12:00:00+00:00,0.3,0.3,21.762924,5.3009434,91.0809
2022-06-10 13:00:00+00:00,0.1,0.1,21.835712,4.7,90.0
2022-06-10 14:00:00+00:00,0.1,0.1,22.79051,2.7730849,64.35905
2022-06-10 15:00:00+00:00,0.9,0.9,22.457075,3.6124785,41.63345
2022-06-10 16:00:00+00:00,0.2,0.2,21.881958,4.606517,62.878777
2022-06-10 17:00:00+00:00,0.1,0.1,21.522469,4.7423625,47.563812
2022-06-10 18:00:00+00:00,0.3,0.3,21.3411,4.1773195,42.08909
2022-06-10 19:00:00+00:00,0.4,0.4,21.01639,4.365776,20.095322
2022-06-10 20:00:00+00:00,0.2,0.2,21.144875,5.189412,25.083572
2022-06-10 21:00:00+00:00,0.2,0.2,21.517447,5.333854,30.41101
2022-06-10 22:00:00+00:00,0.1,0.1,21.388676,5.5226803,42.064255
2022-06-10 23:00:00+00:00,0.2,0.2,21.478598,5.1739736,48.91835
2022-06-11 00:00:00+00:00,0.1,0.1,22.599133,3.9623227,47.045418
2022-06-11 01:00:00+00:00,0.0,0.0,23.865768,4.294182,62.24156
2022-06-11 02:00:00+00:00,0.0,0.0,24.862045,5.021952,77.34745
2022-06-11 03:00:00+00:00,0.1,0.1,25.112223,5.536244,69.92838
2022-06-11 04:00:00+00:00,0.1,0.1,26.132504,5.4424257,69.56709
2022-06-11 05:00:00+00:00,0.1,0.1,26.80816,6.1188235,78.6901
2022-06-11 06:00:00+00:00,0.1,0.1,25.564234,6.200806,90.92403
2022-06-11 07:00:00+00:00,0.0,0.0,25.6476,6.4031243,91.78987
2022-06-11 08:00:00+00:00,0.0,0.0,24.756828,7.1,90.0
2022-06-11 09:00:00+00:00,0.0,0.0,24.090961,7.306162,87.64676
2022-06-11 10:00:00+00:00,0.0,0.0,24.039902,7.025667,94.89901
2022-06-11 11:00:00+00:00,0.0,0.0,23.277187,7.410803,93.093994
2022-06-11 12:00:00+00:00,0.0,0.0,22.898886,7.368175,97.8001
2022-06-11 13:00:00+00:00,0.0,0.0,22.62401,7.6902537,102.77125
2022-06-11 14:00:00+00:00,0.0,0.0,22.49828,7.4330344,107.21616
2022-06-11 15:00:00+00:00,0.0,0.0,22.443277,6.9570107,108.43504
2022-06-11 16:00:00+00:00,0.0,0.0,22.39492,6.296825,110.44964
2022-06-11 17:00:00+00:00,0.0,0.0,22.056602,5.8600345,115.25313
2022-06-11 18:00:00+00:00,0.0,0.0,21.89443,5.186521,109.133736
2022-06-11 19:00:00+00:00,0.0,0.0,22.003246,5.1662364,104.57426
2022-06-11 20:00:00+00:00,0.0,0.0,21.83184,5.7584724,110.32322
2022-06-11 21:00:00+00:00,0.0,0.0,21.77781,5.769748,115.67677
2022-06-11 22:00:00+00:00,0.1,0.1,21.90425,5.3712196,114.1791
2022-06-11 23:00:00+00:00,1.2,1.2,22.00736,5.565968,107.78398
2022-06-12 00:00:00+00:00,0.5,0.5,22.145834,6.551336,121.26367
2022-06-12 01:00:00+00:00,0.2,0.2,22.160349,6.484597,107.03786
2022-06-12 02:00:00+00:00,0.3,0.3,22.522058,6.198387,107.85041
2022-06-12 03:00:00+00:00,0.7,0.7,22.72335,6.063827,103.34874
2022-06-12 04:00:00+00:00,1.5,1.5,22.839119,5.7775426,113.459045
2022-06-12 05:00:00+00:00,2.1,2.1,23.11652,5.1971145,101.09368
2022-06-12 06:00:00+00:00,1.1,1.1,23.402496,5.0,106.26028
2022-06-12 07:00:00+00:00,0.1,0.1,23.429262,5.4037027,92.12105
2022-06-12 08:00:00+00:00,0.1,0.1,23.372131,5.7035074,92.009514
2022-06-12 09:00:00+00:00,0.1,0.1,22.958988,6.530697,101.48196
2022-06-12 10:00:00+00:00,0.4,0.4,23.060226,6.0299253,95.7105
2022-06-12 11:00:00+00:00,0.2,0.2,22.792055,6.20967,104.93147
2022-06-12 12:00:00+00:00,0.1,0.1,22.219345,6.768308,102.80426
2022-06-12 13:00:00+00:00,0.8,0.8,22.191282,6.7446275,105.4787
2022-06-12 14:00:00+00:00,0.5,0.5,22.297905,6.5924196,112.28564
2022-06-12 15:00:00+00:00,0.1,0.1,22.507647,5.8523498,109.98319
2022-06-12 16:00:00+00:00,0.0,0.0,22.864147,4.6840153,106.11349
2022-06-12 17:00:00+00:00,0.2,0.2,23.227335,3.6878178,102.5288
2022-06-12 18:00:00+00:00,1.3,1.3,23.202158,3.8078866,113.198616
2022-06-12 19:00:00+00:00,0.6,0.6,23.076672,3.7443287,124.11452
2022-06-12 20:00:00+00:00,1.0,1.0,23.366585,1.7492856,120.963684
2022-06-12 21:00:00+00:00,1.1,1.1,23.472801,0.8,90.0
2022-06-12 22:00:00+00:00,0.5,0.5,23.629175,1.5,360.0
2022-06-12 23:00:00+00:00,0.2,0.2,23.456083,2.2022717,357.3975
2022-06-13 00:00:00+00:00,0.3,0.3,23.546648,1.8439089,12.528798
2022-06-13 01:00:00+00:00,1.0,1.0,23.628471,1.9026297,356.98727
2022-06-13 02:00:00+00:00,0.3,0.3,23.769188,2.1931713,313.1524
2022-06-13 03:00:00+00:00,0.3,0.3,24.386484,3.2202482,306.15826
2022-06-13 04:00:00+00:00,0.1,0.1,25.508965,3.0,306.86996
2022-06-13 05:00:00+00:00,0.1,0.1,26.502264,2.1260293,311.18582
2022-06-13 06:00:00+00:00,0.0,0.0,26.672354,2.6400757,322.69595
2022-06-13 07:00:00+00:00,0.0,0.0,26.812849,2.8301945,327.99466
2022-06-13 08:00:00+00:00,0.0,0.0,27.237755,2.828427,351.87
2022-06-13 09:00:00+00:00,0.0,0.0,27.886337,1.3038405,32.471172
2022-06-13 10:00:00+00:00,0.0,0.0,27.487028,2.0,90.0
2022-06-13 11:00:00+00:00,0.0,0.0,25.548609,3.1575305,100.95402
2022-06-13 12:00:00+00:00,0.0,0.0,25.259808,3.5014284,88.363464
2022-06-13 13:00:00+00:00,0.0,0.0,24.791544,3.1,90.0
2022-06-13 14:00:00+00:00,0.0,0.0,24.173752,2.7784889,120.256355
2022-06-13 15:00:00+00:00,0.0,0.0,24.45069,1.6492423,165.96373
2022-06-13 16:00:00+00:00,0.0,0.0,25.26311,1.3928387,201.03758
2022-06-13 17:00:00+00:00,0.0,0.0,25.19747,0.9433981,212.00534
2022-06-13 18:00:00+00:00,0.0,0.0,24.744637,0.92195445,282.5288
2022-06-13 19:00:00+00:00,0.0,0.0,24.213467,0.7211103,213.6901
2022-06-13 20:00:00+00:00,0.0,0.0,23.687204,0.5,233.13002
2022-06-13 21:00:00+00:00,0.0,0.0,23.615194,0.6324555,288.43503
2022-06-13 22:00:00+00:00,0.0,0.0,23.836792,1.1401755,195.25517
2022-06-13 23:00:00+00:00,0.0,0.0,23.548338,2.0024984,182.86235
2022-06-14 00:00:00+00:00,0.0,0.0,26.195398,1.0440307,196.69933
2022-06-14 01:00:00+00:00,0.0,0.0,28.163708,1.264911,198.43504
2022-06-14 02:00:00+00:00,0.0,0.0,30.464806,1.17047,199.9832
2022-06-14 03:00:00+00:00,0.0,0.0,32.17862,1.6155494,248.19853
2022-06-14 04:00:00+00:00,0.0,0.0,32.476833,1.746425,246.3706
2022-06-14 05:00:00+00:00,0.0,0.0,33.046944,2.0808651,215.21768
2022-06-14 06:00:00+00:00,0.0,0.0,32.987892,1.5,233.13002
2022-06-14 07:00:00+00:00,0.0,0.0,33.043373,1.3038404,265.60138
2022-06-14 08:00:00+00:00,0.0,0.0,32.11188,1.4866068,222.27362
2022-06-14 09:00:00+00:00,0.0,0.0,32.046474,2.0518284,223.02507
2022-06-14 10:00:00+00:00,0.0,0.0,31.400738,2.5495098,295.5599
2022-06-14 11:00:00+00:00,6.2,6.2,24.877474,1.4142135,261.87
2022-06-14 12:00:00+00:00,0.2,0.2,26.713018,2.3,180.0
2022-06-14 13:00:00+00:00,0.2,0.2,26.420235,4.3324356,161.14674
2022-06-14 14:00:00+00:00,0.0,0.0,25.71323,5.769748,154.32323
2022-06-14 15:00:00+00:00,0.1,0.1,25.165916,5.223983,174.50777
2022-06-14 16:00:00+00:00,0.1,0.1,25.507103,4.167733,210.25635
2022-06-14 17:00:00+00:00,0.0,0.0,25.006376,3.1890438,221.18582
2022-06-14 18:00:00+00:00,0.0,0.0,24.616024,3.1890438,228.81418
2022-06-14 19:00:00+00:00,0.0,0.0,25.347147,3.679674,227.20262
2022-06-14 20:00:00+00:00,0.0,0.0,25.206255,4.0360875,228.01286
2022-06-14 21:00:00+00:00,0.0,0.0,24.96205,3.6715121,240.64233
2022-06-14 22:00:00+00:00,0.0,0.0,26.038921,2.9732137,250.34608
2022-06-14 23:00:00+00:00,0.0,0.0,27.138548,2.385372,213.02386
2022-06-15 00:00:00+00:00,0.0,0.0,28.479923,2.3194828,187.43132
2022-06-15 01:00:00+00:00,0.0,0.0,30.58472,1.5132746,187.59456
2022-06-15 02:00:00+00:00,0.0,0.0,33.21757,0.5830952,149.03632
2022-06-15 03:00:00+00:00,0.0,0.0,34.144688,0.8062258,82.875084
2022-06-15 04:00:00+00:00,0.0,0.0,35.080338,1.3000001,67.3801
2022-06-15 05:00:00+00:00,0.0,0.0,35.51396,1.5297059,78.6901
2022-06-15 06:00:00+00:00,0.0,0.0,35.249672,1.746425,76.75947
2022-06-15 07:00:00+00:00,0.0,0.0,34.365517,2.0099752,84.2895
2022-06-15 08:00:00+00:00,0.0,0.0,32.97321,3.0364454,107.241554
2022-06-15 09:00:00+00:00,0.0,0.0,32.381985,3.224903,119.74479
2022-06-15 10:00:00+00:00,0.0,0.0,32.000072,4.4553337,134.09071
2022-06-15 11:00:00+00:00,0.0,0.0,29.807934,4.8104053,136.68465
2022-06-15 12:00:00+00:00,0.0,0.0,30.686787,5.6435804,119.74478
2022-06-15 13:00:00+00:00,0.0,0.0,29.682095,6.2393913,111.63095
2022-06-15 14:00:00+00:00,0.0,0.0,28.842018,6.041523,114.44395
2022-06-15 15:00:00+00:00,0.0,0.0,28.441326,5.6859474,124.24909
2022-06-15 16:00:00+00:00,0.0,0.0,27.655638,5.7489133,139.93929
2022-06-15 17:00:00+00:00,0.0,0.0,26.695116,4.9648767,145.66972
2022-06-15 18:00:00+00:00,0.0,0.0,26.124851,4.531004,157.96371
2022-06-15 19:00:00+00:00,0.0,0.0,25.797955,4.9365983,173.01904
2022-06-15 20:00:00+00:00,0.0,0.0,24.852533,4.440721,187.76508
2022-06-15 21:00:00+00:00,0.0,0.0,23.748121,3.7643058,196.9909
2022-06-15 22:00:00+00:00,0.0,0.0,26.765646,3.992493,202.06795
2022-06-15 23:00:00+00:00,0.0,0.0,28.473816,3.0413814,207.40749
2022-06-16 00:00:00+00:00,0.0,0.0,30.142944,2.1213202,188.13002
2022-06-16 01:00:00+00:00,0.0,0.0,31.75843,2.302173,182.4895
2022-06-16 02:00:00+00:00,0.0,0.0,33.817852,2.5019991,182.29056
2022-06-16 03:00:00+00:00,0.0,0.0,34.703533,3.0149627,185.7105
2022-06-16 04:00:00+00:00,0.0,0.0,34.708385,3.0805843,193.13403
2022-06-16 05:00:00+00:00,0.0,0.0,34.71772,2.9732137,199.65392
2022-06-16 06:00:00+00:00,0.0,0.0,35.0384,3.1384711,202.47948
2022-06-16 07:00:00+00:00,0.0,0.0,35.51941,2.9068882,206.56499
2022-06-16 08:00:00+00:00,0.0,0.0,35.336056,2.863564,204.77512
2022-06-16 09:00:00+00:00,0.0,0.0,36.04347,2.3086793,184.96965
2022-06-16 10:00:00+00:00,0.0,0.0,35.33281,3.3600597,143.47105
2022-06-16 11:00:00+00:00,0.0,0.0,32.329964,3.9698865,139.08571
2022-06-16 12:00:00+00:00,0.0,0.0,31.662563,5.2,180.0
2022-06-16 13:00:00+00:00,0.0,0.0,29.825409,4.2720017,147.42595
2022-06-16 14:00:00+00:00,0.0,0.0,28.854172,3.8626416,158.74942
2022-06-16 15:00:00+00:00,0.0,0.0,28.466965,4.304649,177.33705
2022-06-16 16:00:00+00:00,0.0,0.0,28.400887,5.500909,181.04161
2022-06-16 17:00:00+00:00,0.0,0.0,27.542141,5.2952805,190.88548
2022-06-16 18:00:00+00:00,0.0,0.0,26.963842,5.249762,197.74477
2022-06-16 19:00:00+00:00,0.0,0.0,26.48037,6.0008335,203.57472
2022-06-16 20:00:00+00:00,0.0,0.0,24.775034,4.609772,220.60121
2022-06-16 21:00:00+00:00,0.0,0.0,25.528662,3.2449963,236.3099
2022-06-16 22:00:00+00:00,0.0,0.0,28.232979,2.6400757,232.69597
2022-06-16 23:00:00+00:00,0.0,0.0,29.703331,2.0615528,230.90614
2022-06-17 00:00:00+00:00,0.0,0.0,31.312428,1.3416408,206.56499
2022-06-17 01:00:00+00:00,0.0,0.0,33.08845,1.5264337,211.60745
2022-06-17 02:00:00+00:00,0.0,0.0,35.178646,1.7029386,229.76372
2022-06-17 03:00:00+00:00,0.0,0.0,36.980404,0.98488575,246.0375
2022-06-17 04:00:00+00:00,0.0,0.0,38.04974,0.22360681,206.56499
2022-06-17 05:00:00+00:00,0.0,0.0,36.927307,0.9433981,122.00535
2022-06-17 06:00:00+00:00,0.0,0.0,35.84802,2.0808651,144.78232
2022-06-17 07:00:00+00:00,0.0,0.0,36.37498,2.8844411,146.3099
2022-06-17 08:00:00+00:00,0.0,0.0,35.44014,3.4132097,148.17259
2022-06-17 09:00:00+00:00,0.0,0.0,35.03244,4.313931,135.9391
2022-06-17 10:00:00+00:00,0.0,0.0,34.67707,4.3863425,114.22774
2022-06-17 11:00:00+00:00,0.0,0.0,33.17064,4.8052053,102.01146
2022-06-17 12:00:00+00:00,0.0,0.0,32.575027,6.9584484,97.43131
2022-06-17 13:00:00+00:00,0.0,0.0,31.824154,6.9778223,154.5367
2022-06-17 14:00:00+00:00,0.0,0.0,30.747032,7.1470275,162.07199
2022-06-17 15:00:00+00:00,0.0,0.0,30.464699,6.063827,166.65126
2022-06-17 16:00:00+00:00,0.0,0.0,30.247383,5.124451,174.40076
2022-06-17 17:00:00+00:00,0.0,0.0,29.583698,4.804165,177.6141
2022-06-17 18:00:00+00:00,0.0,0.0,28.97422,5.223983,174.50777
2022-06-17 19:00:00+00:00,0.0,0.0,27.985802,5.1009803,178.87672
2022-06-17 20:00:00+00:00,0.0,0.0,27.02735,5.5,180.0
2022-06-17 21:00:00+00:00,0.0,0.0,25.860764,4.1773195,191.0409
2022-06-17 22:00:00+00:00,0.0,0.0,27.449165,3.8470767,171.02745
2022-06-17 23:00:00+00:00,0.0,0.0,28.077,4.2296567,173.21112
2022-06-18 00:00:00+00:00,0.0,0.0,30.316322,2.942788,170.21767
2022-06-18 01:00:00+00:00,0.0,0.0,31.89125,3.5057096,183.27042
2022-06-18 02:00:00+00:00,0.0,0.0,34.69333,1.4317821,192.09474
2022-06-18 03:00:00+00:00,0.0,0.0,36.578712,1.029563,119.05451
2022-06-18 04:00:00+00:00,0.0,0.0,37.443073,1.8248286,99.46225
2022-06-18 05:00:00+00:00,0.0,0.0,36.77417,2.8635643,102.09474
2022-06-18 06:00:00+00:00,0.0,0.0,35.088196,3.238827,81.11942
2022-06-18 07:00:00+00:00,0.0,0.0,34.065094,4.295346,77.90526
2022-06-18 08:00:00+00:00,0.0,0.0,32.587765,5.375872,99.637474
2022-06-18 09:00:00+00:00,0.0,0.0,32.191628,4.2953463,114.775116
2022-06-18 10:00:00+00:00,0.0,0.0,32.467133,3.8078864,119.93143
2022-06-18 11:00:00+00:00,0.0,0.0,32.093525,3.6400552,142.81522
2022-06-18 12:00:00+00:00,0.0,0.0,32.220383,3.5805027,125.90981
2022-06-18 13:00:00+00:00,0.0,0.0,31.770405,4.3965893,162.80138
2022-06-18 14:00:00+00:00,0.0,0.0,31.83728,4.4384685,194.34937
2022-06-18 15:00:00+00:00,0.0,0.0,31.440231,5.4378304,212.22873
2022-06-18 16:00:00+00:00,0.0,0.0,30.681412,5.7628117,218.65982
2022-06-18 17:00:00+00:00,0.0,0.0,30.115475,5.7384667,221.4676
2022-06-18 18:00:00+00:00,0.0,0.0,29.666336,5.3037724,225.76381
2022-06-18 19:00:00+00:00,0.0,0.0,28.797447,6.0827627,226.33215
2022-06-18 20:00:00+00:00,0.0,0.0,28.242199,6.3820057,234.56659
2022-06-18 21:00:00+00:00,0.0,0.0,28.0001,5.866856,240.37634
2022-06-18 22:00:00+00:00,0.0,0.0,28.280407,5.5569777,239.74365
2022-06-18 23:00:00+00:00,0.0,0.0,28.96479,4.167733,239.74365
2022-06-19 00:00:00+00:00,0.0,0.0,29.303143,4.1868844,220.15593
2022-06-19 01:00:00+00:00,0.0,0.0,29.440063,4.2520585,221.18582
2022-06-19 02:00:00+00:00,0.0,0.0,30.309727,4.5343137,228.57643
2022-06-19 03:00:00+00:00,0.0,0.0,31.925175,4.1340055,237.84773
2022-06-19 04:00:00+00:00,0.0,0.0,32.48029,4.2190046,238.57048
2022-06-19 05:00:00+00:00,0.0,0.0,32.814537,3.679674,227.20262
2022-06-19 06:00:00+00:00,0.0,0.0,32.246735,5.1739736,221.08165
2022-06-19 07:00:00+00:00,0.0,0.0,31.4347,5.408327,213.6901
2022-06-19 08:00:00+00:00,0.1,0.1,31.369312,4.609772,204.34108
2022-06-19 09:00:00+00:00,0.2,0.2,31.09169,4.5122056,192.80426
2022-06-19 10:00:00+00:00,0.3,0.3,30.463947,5.115662,184.48453
2022-06-19 11:00:00+00:00,0.5,0.5,29.289356,6.0406957,186.65433
2022-06-19 12:00:00+00:00,0.6,0.6,28.429943,7.3164196,190.23474
2022-06-19 13:00:00+00:00,0.3,0.3,28.18509,7.4464755,194.78278
2022-06-19 14:00:00+00:00,0.4,0.4,28.592182,6.20967,194.93147
2022-06-19 15:00:00+00:00,0.3,0.3,28.474625,5.6435804,187.12492
2022-06-19 16:00:00+00:00,0.4,0.4,28.380306,5.3150725,191.94415
2022-06-19 17:00:00+00:00,1.6,1.6,28.47942,4.539824,187.59456
2022-06-19 18:00:00+00:00,1.5,1.5,28.65963,3.3241541,164.2913
2022-06-19 19:00:00+00:00,5.3,5.3,28.771397,2.3600848,143.61555
2022-06-19 20:00:00+00:00,2.5,2.5,28.766598,2.3086793,107.650215
2022-06-19 21:00:00+00:00,1.0,1.0,28.944893,2.3537204,77.735245
2022-06-19 22:00:00+00:00,2.2,2.2,29.06665,2.657066,70.20104
2022-06-19 23:00:00+00:00,0.6,0.6,29.72813,1.6552945,115.01687
2022-06-20 00:00:00+00:00,0.2,0.2,29.451866,0.8,270.0
2022-06-20 01:00:00+00:00,0.2,0.2,30.062695,1.4422206,326.3099
2022-06-20 02:00:00+00:00,0.2,0.2,31.22242,1.4317821,12.094739
2022-06-20 03:00:00+00:00,0.1,0.1,32.213837,0.5830952,149.03632
2022-06-20 04:00:00+00:00,0.1,0.1,32.24379,0.50990194,168.69011
2022-06-20 05:00:00+00:00,0.0,0.0,34.40049,0.8062258,187.12492
2022-06-20 06:00:00+00:00,0.0,0.0,35.376415,1.5264337,211.60745
2022-06-20 07:00:00+00:00,0.1,0.1,34.24195,2.529822,198.43504
2022-06-20 08:00:00+00:00,0.3,0.3,32.29141,3.2557642,312.5104
2022-06-20 09:00:00+00:00,2.3,2.3,30.107197,1.603122,356.42374
2022-06-20 10:00:00+00:00,0.1,0.1,31.399181,1.8439089,192.5288
2022-06-20 11:00:00+00:00,0.0,0.0,31.019375,2.5079873,184.57384
2022-06-20 12:00:00+00:00,0.0,0.0,31.999073,2.1,180.0
2022-06-20 13:00:00+00:00,0.0,0.0,31.100212,4.341659,187.94337
2022-06-20 14:00:00+00:00,0.0,0.0,31.04808,4.785394,190.84026
2022-06-20 15:00:00+00:00,0.0,0.0,30.556763,4.3908997,210.0685
2022-06-20 16:00:00+00:00,0.0,0.0,30.067795,4.428318,244.59233
2022-06-20 17:00:00+00:00,0.0,0.0,29.762012,4.140048,232.85323
2022-06-20 18:00:00+00:00,0.0,0.0,29.384262,4.294182,207.75845
2022-06-20 19:00:00+00:00,0.0,0.0,29.035656,4.1,192.68037
2022-06-20 20:00:00+00:00,0.0,0.0,28.64148,3.6687872,197.44728
2022-06-20 21:00:00+00:00,0.0,0.0,28.576523,3.757659,205.2011
2022-06-20 22:00:00+00:00,0.0,0.0,29.58086,2.9068882,206.56499
2022-06-20 23:00:00+00:00,0.0,0.0,30.7337,1.6,180.0
2022-06-21 00:00:00+00:00,0.0,0.0,31.437576,2.236068,153.43501
2022-06-21 01:00:00+00:00,0.1,0.1,31.875313,3.2015622,178.21013
2022-06-21 02:00:00+00:00,0.1,0.1,31.399326,4.1761227,196.69933
2022-06-21 03:00:00+00:00,0.2,0.2,32.388992,3.8209946,186.00891
2022-06-21 04:00:00+00:00,0.1,0.1,34.576324,3.535534,171.86998
2022-06-21 05:00:00+00:00,0.1,0.1,35.16749,3.383785,161.0295
2022-06-21 06:00:00+00:00,0.7,0.7,34.635025,3.6619666,145.0079
2022-06-21 07:00:00+00:00,0.2,0.2,34.651466,4.3863425,114.22774
2022-06-21 08:00:00+00:00,0.2,0.2,34.37852,3.939543,156.0375
2022-06-21 09:00:00+00:00,0.1,0.1,34.721767,2.7,180.0
2022-06-21 10:00:00+00:00,0.4,0.4,33.3022,4.159327,207.18103
2022-06-21 11:00:00+00:00,0.1,0.1,33.435658,2.5495098,221.82008
2022-06-21 12:00:00+00:00,0.0,0.0,31.415867,3.04795,131.00899
2022-06-21 13:00:00+00:00,0.0,0.0,30.628193,4.8600416,143.3658
2022-06-21 14:00:00+00:00,0.0,0.0,30.715881,5.3665633,153.43501
2022-06-21 15:00:00+00:00,0.0,0.0,30.850056,5.4708314,161.89615
2022-06-21 16:00:00+00:00,0.0,0.0,30.855167,5.770615,171.02745
2022-06-21 17:00:00+00:00,0.0,0.0,30.998936,5.308484,183.23964
2022-06-21 18:00:00+00:00,0.0,0.0,31.098953,4.609772,192.5288
2022-06-21 19:00:00+00:00,0.0,0.0,30.930614,4.535416,194.03627
2022-06-21 20:00:00+00:00,0.0,0.0,30.650482,3.8275316,199.8553
2022-06-21 21:00:00+00:00,0.0,0.0,30.628986,3.310589,205.01686
2022-06-21 22:00:00+00:00,0.0,0.0,31.348824,3.5846896,202.98874
2022-06-21 23:00:00+00:00,0.0,0.0,32.13686,3.3955853,193.62701
2022-06-22 00:00:00+00:00,0.0,0.0,33.231647,4.648656,198.8248
2022-06-22 01:00:00+00:00,0.0,0.0,34.11005,5.9093146,203.9625
2022-06-22 02:00:00+00:00,0.1,0.1,34.605564,6.220129,216.50153
2022-06-22 03:00:00+00:00,0.1,0.1,36.187042,6.0108232,224.32605
2022-06-22 04:00:00+00:00,0.1,0.1,36.248573,7.2180333,222.75424
2022-06-22 05:00:00+00:00,0.0,0.0,36.454464,7.8568444,222.4208
2022-06-22 06:00:00+00:00,0.0,0.0,36.393612,8.207314,226.97493
2022-06-22 07:00:00+00:00,0.0,0.0,35.693565,7.648529,221.82008
2022-06-22 08:00:00+00:00,0.0,0.0,36.24633,6.129437,213.6901
2022-06-22 09:00:00+00:00,0.0,0.0,36.65382,6.438167,223.11183
2022-06-22 10:00:00+00:00,0.0,0.0,36.173214,6.16198,221.71066
2022-06-22 11:00:00+00:00,0.0,0.0,34.935173,6.220129,216.50153
2022-06-22 12:00:00+00:00,0.0,0.0,33.33657,6.8410525,217.87505
2022-06-22 13:00:00+00:00,0.0,0.0,32.69806,7.1021123,212.34741
2022-06-22 14:00:00+00:00,0.0,0.0,32.040592,7.071068,208.7397
2022-06-22 15:00:00+00:00,0.0,0.0,31.635765,6.844706,205.06743
2022-06-22 16:00:00+00:00,0.0,0.0,31.20343,7.1589108,204.77512
2022-06-22 17:00:00+00:00,0.0,0.0,30.991467,6.797794,206.18805
2022-06-22 18:00:00+00:00,0.0,0.0,30.816895,6.551336,211.26367
2022-06-22 19:00:00+00:00,0.0,0.0,30.706345,6.3953104,206.96564
2022-06-22 20:00:00+00:00,0.0,0.0,30.586899,6.440497,205.76927
2022-06-22 21:00:00+00:00,0.0,0.0,30.549362,6.440497,205.76927
2022-06-22 22:00:00+00:00,0.0,0.0,31.160511,6.3631754,210.19153
2022-06-22 23:00:00+00:00,0.0,0.0,31.938843,6.296825,212.68054
2022-06-23 00:00:00+00:00,0.0,0.0,33.58752,4.1617303,215.21768
2022-06-23 01:00:00+00:00,0.0,0.0,34.5162,4.110961,198.43504
2022-06-23 02:00:00+00:00,0.0,0.0,36.2167,4.7423625,204.94388
2022-06-23 03:00:00+00:00,0.0,0.0,36.76344,7.2835426,224.44382
2022-06-23 04:00:00+00:00,0.0,0.0,35.8063,10.280078,232.90707
2022-06-23 05:00:00+00:00,0.0,0.0,36.28765,9.002777,229.05365
2022-06-23 06:00:00+00:00,0.0,0.0,37.535122,9.202173,227.6426
2022-06-23 07:00:00+00:00,0.0,0.0,37.237865,9.411164,222.84703
2022-06-23 08:00:00+00:00,0.0,0.0,37.27889,8.9196415,227.72636
2022-06-23 09:00:00+00:00,0.0,0.0,37.03959,8.429116,221.63344
2022-06-23 10:00:00+00:00,0.0,0.0,36.176342,8.438602,220.67485
2022-06-23 11:00:00+00:00,0.0,0.0,35.690636,7.710383,213.89621
2022-06-23 12:00:00+00:00,0.0,0.0,35.449535,5.841233,231.95291
2022-06-23 13:00:00+00:00,0.0,0.0,34.659348,6.8600287,233.29706
2022-06-23 14:00:00+00:00,0.0,0.0,34.22667,6.5053825,224.9999
2022-06-23 15:00:00+00:00,0.0,0.0,33.953266,8.556284,225.47345
2022-06-23 16:00:00+00:00,0.0,0.0,33.33234,9.24554,231.14662
2022-06-23 17:00:00+00:00,0.0,0.0,33.217766,8.780091,232.86899
2022-06-23 18:00:00+00:00,0.0,0.0,33.00951,7.379024,243.43501
2022-06-23 19:00:00+00:00,0.0,0.0,32.70554,6.9115844,238.60979
2022-06-23 20:00:00+00:00,0.0,0.0,32.17221,6.7357254,229.21426
2022-06-23 21:00:00+00:00,0.0,0.0,32.007988,6.9339743,236.76828
2022-06-23 22:00:00+00:00,0.0,0.0,32.50898,5.8830266,238.20113
2022-06-23 23:00:00+00:00,0.0,0.0,33.316406,5.420332,240.12408
2022-06-24 00:00:00+00:00,0.0,0.0,32.826645,2.8999999,46.39711
2022-06-24 01:00:00+00:00,0.0,0.0,34.12599,1.7888545,63.435013
2022-06-24 02:00:00+00:00,0.0,0.0,34.473614,3.0463092,23.198618
2022-06-24 03:00:00+00:00,0.1,0.1,33.230976,3.5805027,35.909817
2022-06-24 04:00:00+00:00,0.2,0.2,33.500164,3.4,28.072395
2022-06-24 05:00:00+00:00,0.3,0.3,35.055027,1.8,90.0
2022-06-24 06:00:00+00:00,0.6,0.6,35.637478,1.2206556,124.992096
2022-06-24 07:00:00+00:00,0.8,0.8,35.49251,2.376973,165.37909
2022-06-24 08:00:00+00:00,0.6,0.6,35.57228,2.8301945,147.99466
2022-06-24 09:00:00+00:00,0.2,0.2,35.572235,4.428318,173.51703
2022-06-24 10:00:00+00:00,0.4,0.4,36.31425,3.6878178,167.4712
2022-06-24 11:00:00+00:00,0.8,0.8,36.073547,2.6000001,202.6199
2022-06-24 12:00:00+00:00,0.3,0.3,30.578537,6.8883963,230.30096
2022-06-24 13:00:00+00:00,6.4,6.4,30.722,5.6462374,247.06787
2022-06-24 14:00:00+00:00,1.7,1.7,31.47512,3.88973,226.04153
2022-06-24 15:00:00+00:00,0.4,0.4,30.539433,3.6055512,109.440125
2022-06-24 16:00:00+00:00,0.0,0.0,29.479301,6.236986,138.90059
2022-06-24 17:00:00+00:00,0.0,0.0,30.205494,3.733631,159.62349
2022-06-24 18:00:00+00:00,0.0,0.0,30.31464,3.4234486,173.29025
2022-06-24 19:00:00+00:00,6.2,6.2,26.385263,8.100618,90.707306
2022-06-24 20:00:00+00:00,5.8,5.8,28.581638,4.6861496,129.80553
2022-06-24 21:00:00+00:00,0.2,0.2,29.04926,6.1814237,189.30986
2022-06-24 22:00:00+00:00,0.2,0.2,30.41167,4.738143,225.85501
2022-06-24 23:00:00+00:00,0.7,0.7,30.918892,3.4234486,186.70975
2022-06-25 00:00:00+00:00,9.5,9.5,32.75581,1.4764823,208.30066
2022-06-25 01:00:00+00:00,1.3,1.3,32.512165,3.354102,206.56499
2022-06-25 02:00:00+00:00,6.1,6.1,29.937218,6.9115844,86.68229
2022-06-25 03:00:00+00:00,12.4,12.4,30.085999,6.4443774,138.14505
2022-06-25 04:00:00+00:00,0.0,0.0,33.80308,5.6515484,193.29858
2022-06-25 05:00:00+00:00,0.0,0.0,35.26773,5.2153616,184.39862
2022-06-25 06:00:00+00:00,0.0,0.0,35.58828,4.62277,218.85338
2022-06-25 07:00:00+00:00,0.2,0.2,35.54372,4.103657,223.02507
2022-06-25 08:00:00+00:00,0.0,0.0,36.379883,3.3421547,218.92755
2022-06-25 09:00:00+00:00,0.0,0.0,37.425285,2.1095023,211.42952
2022-06-25 10:00:00+00:00,0.0,0.0,37.686813,2.8017852,177.95464
2022-06-25 11:00:00+00:00,0.0,0.0,36.065247,5.414795,175.76369
2022-06-25 12:00:00+00:00,0.0,0.0,35.69431,7.529276,149.68887
2022-06-25 13:00:00+00:00,0.0,0.0,35.28154,5.8180757,155.63756
2022-06-25 14:00:00+00:00,0.0,0.0,34.562817,6.2128897,176.30869
2022-06-25 15:00:00+00:00,0.0,0.0,34.09559,6.0033326,181.9091
2022-06-25 16:00:00+00:00,0.0,0.0,33.44548,6.5276337,185.2738
2022-06-25 17:00:00+00:00,0.0,0.0,32.578236,7.3109508,183.13629
2022-06-25 18:00:00+00:00,0.0,0.0,32.058372,7.723341,184.45552
2022-06-25 19:00:00+00:00,0.0,0.0,31.77179,7.7317524,185.19434
2022-06-25 20:00:00+00:00,0.0,0.0,31.55436,8.089499,188.53069
2022-06-25 21:00:00+00:00,0.0,0.0,31.283863,7.8638415,187.30566
2022-06-25 22:00:00+00:00,0.0,0.0,31.404408,7.915807,183.62141
2022-06-25 23:00:00+00:00,0.0,0.0,32.659534,8.01561,183.57626
2022-06-26 00:00:00+00:00,0.0,0.0,34.812576,5.4341516,192.75752
2022-06-26 01:00:00+00:00,0.0,0.0,35.784615,5.8549128,187.85323
2022-06-26 02:00:00+00:00,0.0,0.0,36.954834,6.258594,192.926
2022-06-26 03:00:00+00:00,0.0,0.0,37.979877,6.6098413,197.61267
2022-06-26 04:00:00+00:00,0.0,0.0,38.746502,6.4513564,198.99675
2022-06-26 05:00:00+00:00,0.0,0.0,39.722267,5.9808025,200.55612
2022-06-26 06:00:00+00:00,0.0,0.0,38.55381,5.8523498,196.88687
2022-06-26 07:00:00+00:00,0.0,0.0,38.57911,6.6490602,192.15492
2022-06-26 08:00:00+00:00,0.3,0.3,38.048782,6.063827,193.34874
2022-06-26 09:00:00+00:00,0.0,0.0,38.70057,4.7801676,195.78082
2022-06-26 10:00:00+00:00,0.0,0.0,38.04094,5.200961,181.10168
2022-06-26 11:00:00+00:00,0.0,0.0,36.523384,5.059644,161.56496
2022-06-26 12:00:00+00:00,0.0,0.0,35.562683,6.519202,175.60138
2022-06-26 13:00:00+00:00,0.0,0.0,34.788242,7.324616,184.6986
2022-06-26 14:00:00+00:00,0.0,0.0,33.726425,7.170077,171.983
2022-06-26 15:00:00+00:00,0.0,0.0,32.779583,7.7929454,171.14212
2022-06-26 16:00:00+00:00,0.0,0.0,32.129112,8.935883,174.86371
2022-06-26 17:00:00+00:00,0.0,0.0,31.673489,9.732934,184.71468
2022-06-26 18:00:00+00:00,0.0,0.0,31.25156,9.9985,188.04898
2022-06-26 19:00:00+00:00,0.0,0.0,30.948086,10.160708,190.20392
2022-06-26 20:00:00+00:00,0.0,0.0,30.65052,10.480935,187.12492
2022-06-26 21:00:00+00:00,0.0,0.0,30.265556,10.616968,183.23964
2022-06-26 22:00:00+00:00,0.0,0.0,30.205322,10.458011,186.03758
2022-06-26 23:00:00+00:00,0.0,0.0,31.232426,9.436631,189.7617
2022-06-27 00:00:00+00:00,0.0,0.0,33.707016,7.990619,188.63705
2022-06-27 01:00:00+00:00,0.0,0.0,34.132645,9.291394,188.0428
2022-06-27 02:00:00+00:00,0.0,0.0,36.009567,9.265528,186.81812
2022-06-27 03:00:00+00:00,0.0,0.0,37.477337,9.338094,189.86574
2022-06-27 04:00:00+00:00,0.0,0.0,38.613247,8.572631,196.9554
2022-06-27 05:00:00+00:00,0.0,0.0,39.078045,7.7201037,196.55714
2022-06-27 06:00:00+00:00,0.0,0.0,38.3707,7.48131,188.45494
2022-06-27 07:00:00+00:00,0.0,0.0,37.407524,8.395236,192.38075
2022-06-27 08:00:00+00:00,0.0,0.0,37.062782,8.646965,185.97423
2022-06-27 09:00:00+00:00,0.0,0.0,37.44745,7.6941533,188.97255
2022-06-27 10:00:00+00:00,0.0,0.0,37.527206,6.2968245,190.06062
2022-06-27 11:00:00+00:00,0.0,0.0,36.594852,6.8264194,185.04236
2022-06-27 12:00:00+00:00,0.0,0.0,35.109936,9.57549,187.19914
2022-06-27 13:00:00+00:00,0.0,0.0,35.516937,7.324616,165.774
2022-06-27 14:00:00+00:00,0.0,0.0,34.02017,8.228001,159.36237
2022-06-27 15:00:00+00:00,0.0,0.0,33.191685,8.713209,170.75397
2022-06-27 16:00:00+00:00,0.0,0.0,32.812233,8.628442,175.34674
2022-06-27 17:00:00+00:00,0.0,0.0,32.225773,9.300538,179.38396
2022-06-27 18:00:00+00:00,0.0,0.0,31.706718,9.812747,182.92065
2022-06-27 19:00:00+00:00,0.0,0.0,30.751137,10.916501,183.15065
2022-06-27 20:00:00+00:00,0.0,0.0,30.212372,11.315918,183.03934
2022-06-27 21:00:00+00:00,0.0,0.0,30.019527,11.144955,185.1478
2022-06-27 22:00:00+00:00,0.0,0.0,30.240475,10.917875,188.42688
2022-06-27 23:00:00+00:00,0.0,0.0,30.94981,10.705606,188.05432
2022-06-28 00:00:00+00:00,0.0,0.0,32.46388,9.15478,186.27098
2022-06-28 01:00:00+00:00,0.0,0.0,33.65345,8.537564,185.37662
2022-06-28 02:00:00+00:00,0.0,0.0,34.578228,8.537564,185.37662
2022-06-28 03:00:00+00:00,0.0,0.0,36.63671,8.249242,186.2634
2022-06-28 04:00:00+00:00,0.0,0.0,38.28339,7.8339005,194.03627
2022-06-28 05:00:00+00:00,0.0,0.0,39.659634,7.2498274,204.44394
2022-06-28 06:00:00+00:00,0.0,0.0,39.80185,6.3134775,209.40709
2022-06-28 07:00:00+00:00,0.0,0.0,38.99644,6.603787,212.00534
2022-06-28 08:00:00+00:00,0.1,0.1,38.403233,6.5436993,218.79657
2022-06-28 09:00:00+00:00,0.1,0.1,39.368057,3.748333,226.08084
2022-06-28 10:00:00+00:00,0.0,0.0,39.192616,4.1,192.68037
2022-06-28 11:00:00+00:00,0.0,0.0,37.32881,5.830952,174.09395
2022-06-28 12:00:00+00:00,0.0,0.0,34.674484,7.905694,182.1747
2022-06-28 13:00:00+00:00,0.0,0.0,34.72814,7.406079,177.67851
2022-06-28 14:00:00+00:00,0.0,0.0,34.21895,7.1175838,175.97182
2022-06-28 15:00:00+00:00,0.0,0.0,34.043125,6.8264194,174.95764
2022-06-28 16:00:00+00:00,0.0,0.0,34.101227,6.519202,184.39862
2022-06-28 17:00:00+00:00,0.0,0.0,33.901215,6.306346,194.69736
2022-06-28 18:00:00+00:00,0.0,0.0,33.473423,6.726812,191.14285
2022-06-28 19:00:00+00:00,0.0,0.0,33.092087,6.9720874,188.24623
2022-06-28 20:00:00+00:00,0.0,0.0,32.51615,7.4525166,191.61145
2022-06-28 21:00:00+00:00,0.0,0.0,32.43041,7.1309185,202.24907
2022-06-28 22:00:00+00:00,5.1,5.1,31.719532,1.8439089,310.60123
2022-06-28 23:00:00+00:00,0.0,0.0,31.7715,1.17047,70.01681
2022-06-29 00:00:00+00:00,0.0,0.0,36.14459,3.3301651,221.34767
2022-06-29 01:00:00+00:00,0.0,0.0,37.809223,1.868154,254.47583
2022-06-29 02:00:00+00:00,0.0,0.0,39.246128,2.8844411,236.3099
2022-06-29 03:00:00+00:00,0.0,0.0,39.060135,3.0413814,226.33215
2022-06-29 04:00:00+00:00,0.0,0.0,39.11344,2.5806975,215.53777
2022-06-29 05:00:00+00:00,0.2,0.2,40.593933,2.5553863,210.57915
2022-06-29 06:00:00+00:00,0.0,0.0,38.963665,4.0496917,237.09476
2022-06-29 07:00:00+00:00,5.1,5.1,36.063587,4.2059484,161.99574
2022-06-29 08:00:00+00:00,4.4,4.4,35.799244,1.8357561,119.357666
2022-06-29 09:00:00+00:00,0.0,0.0,36.521896,1.9104972,132.87889
2022-06-29 10:00:00+00:00,0.0,0.0,36.857544,2.996665,154.2901
2022-06-29 11:00:00+00:00,0.0,0.0,35.02936,4.90408,182.33725
2022-06-29 12:00:00+00:00,0.0,0.0,32.724495,5.323533,185.38922
2022-06-29 13:00:00+00:00,1.1,1.1,32.60776,4.167733,210.25635
2022-06-29 14:00:00+00:00,0.1,0.1,32.019966,5.5217752,215.41714
2022-06-29 15:00:00+00:00,0.0,0.0,32.09868,5.3037724,225.76381
2022-06-29 16:00:00+00:00,0.0,0.0,32.036983,3.748333,226.08084
2022-06-29 17:00:00+00:00,0.0,0.0,31.835655,3.2557642,169.3804
2022-06-29 18:00:00+00:00,0.0,0.0,30.74916,6.0827627,170.53775
2022-06-29 19:00:00+00:00,0.0,0.0,30.888973,5.4332314,186.3401
2022-06-29 20:00:00+00:00,0.0,0.0,31.189224,4.535416,165.96373
2022-06-29 21:00:00+00:00,0.0,0.0,31.39996,4.609772,167.4712
2022-06-29 22:00:00+00:00,0.0,0.0,31.602692,5.001,178.85426
2022-06-29 23:00:00+00:00,0.0,0.0,32.314133,5.1009803,181.12328
2022-06-30 00:00:00+00:00,0.0,0.0,33.047688,3.6124783,175.23645
2022-06-30 01:00:00+00:00,0.0,0.0,34.156826,3.7215588,173.82993
2022-06-30 02:00:00+00:00,0.0,0.0,35.966522,4.501111,181.273
2022-06-30 03:00:00+00:00,0.0,0.0,35.54484,4.6270943,186.20335
2022-06-30 04:00:00+00:00,0.0,0.0,36.301437,4.4011364,181.30193
2022-06-30 05:00:00+00:00,0.2,0.2,36.88501,3.6,180.0
2022-06-30 06:00:00+00:00,3.4,3.4,37.792717,3.1016126,159.22766
2022-06-30 07:00:00+00:00,14.7,14.7,31.265068,6.4513564,161.00325
2022-06-30 08:00:00+00:00,1.0,1.0,32.809784,2.1931713,136.8476
2022-06-30 09:00:00+00:00,0.8,0.8,33.461926,1.8439089,130.60121
2022-06-30 10:00:00+00:00,0.1,0.1,33.844917,3.482815,129.17365
2022-06-30 11:00:00+00:00,0.0,0.0,33.88831,5.375872,133.49263
2022-06-30 12:00:00+00:00,0.0,0.0,30.71241,4.8703184,160.82089
2022-06-30 13:00:00+00:00,0.5,0.5,30.638447,6.868042,137.95085
2022-06-30 14:00:00+00:00,0.1,0.1,30.694904,7.1344237,148.76085
2022-06-30 15:00:00+00:00,0.0,0.0,30.857655,6.2169123,154.25934
2022-06-30 16:00:00+00:00,0.0,0.0,30.487316,4.8703184,160.82089
2022-06-30 17:00:00+00:00,0.0,0.0,30.507881,4.9658837,154.98314
2022-06-30 18:00:00+00:00,0.0,0.0,29.949776,5.4589376,151.55717
2022-06-30 19:00:00+00:00,0.0,0.0,29.65239,6.4899926,146.3099
2022-06-30 20:00:00+00:00,0.0,0.0,29.706661,6.3780875,138.81418
2022-06-30 21:00:00+00:00,0.4,0.4,29.326462,7.144928,133.29869
2022-06-30 22:00:00+00:00,0.4,0.4,29.303814,7.093659,139.574
2022-06-30 23:00:00+00:00,0.6,0.6,29.614407,6.1032777,145.0079
2022-07-01 00:00:00+00:00,0.3,0.3,30.592663,5.5605755,127.694305
2022-07-01 01:00:00+00:00,0.0,0.0,31.672504,3.623534,140.59937
2022-07-01 02:00:00+00:00,0.0,0.0,32.490097,3.7443287,124.11452
2022-07-01 03:00:00+00:00,0.1,0.1,33.96845,5.1623635,134.21527
2022-07-01 04:00:00+00:00,0.2,0.2,36.624863,4.909175,123.36639
2022-07-01 05:00:00+00:00,0.3,0.3,36.81991,5.7306194,119.24873
2022-07-01 06:00:00+00:00,2.6,2.6,35.507477,6.0926185,113.19862
2022-07-01 07:00:00+00:00,9.4,9.4,34.802975,3.324154,96.91113
2022-07-01 08:00:00+00:00,0.0,0.0,35.639965,3.3301651,138.65233
2022-07-01 09:00:00+00:00,0.0,0.0,35.09497,4.743417,145.30478
2022-07-01 10:00:00+00:00,0.0,0.0,34.822502,5.060632,150.39565
2022-07-01 11:00:00+00:00,0.0,0.0,32.44059,6.720863,133.19128
2022-07-01 12:00:00+00:00,0.0,0.0,31.748909,7.638063,133.93918
2022-07-01 13:00:00+00:00,0.0,0.0,30.64542,8.621485,127.933334
2022-07-01 14:00:00+00:00,0.0,0.0,29.86324,8.429116,131.63344
2022-07-01 15:00:00+00:00,0.0,0.0,29.464462,7.212489,135.0001
2022-07-01 16:00:00+00:00,0.0,0.0,28.965733,6.0207973,131.63345
2022-07-01 17:00:00+00:00,0.0,0.0,28.576103,5.4037023,128.991
2022-07-01 18:00:00+00:00,0.0,0.0,28.626347,5.448853,132.76881
2022-07-01 19:00:00+00:00,0.0,0.0,28.570576,5.360038,126.656204
2022-07-01 20:00:00+00:00,0.0,0.0,28.594055,5.6035705,124.82456
2022-07-01 21:00:00+00:00,0.0,0.0,28.480885,5.325411,124.286934
2022-07-01 22:00:00+00:00,0.0,0.0,29.103039,5.077401,122.12497
2022-07-01 23:00:00+00:00,0.0,0.0,30.044193,4.2544093,113.55228
2022-07-02 00:00:00+00:00,0.0,0.0,30.87698,4.9193497,116.56499
2022-07-02 01:00:00+00:00,0.0,0.0,32.113495,4.976947,112.4428
2022-07-02 02:00:00+00:00,0.0,0.0,34.066833,5.3488317,110.80687
2022-07-02 03:00:00+00:00,0.0,0.0,35.34452,5.5461698,115.64096
2022-07-02 04:00:00+00:00,0.1,0.1,35.889156,5.8694124,113.07044
2022-07-02 05:00:00+00:00,0.1,0.1,35.47877,6.236986,102.03058
2022-07-02 06:00:00+00:00,0.2,0.2,35.53909,7.1449285,96.42866
2022-07-02 07:00:00+00:00,0.1,0.1,34.334156,8.309633,87.24095
2022-07-02 08:00:00+00:00,0.1,0.1,33.148453,8.820431,86.09958
2022-07-02 09:00:00+00:00,0.0,0.0,32.275925,9.198369,78.079285
2022-07-02 10:00:00+00:00,0.0,0.0,31.684086,9.43663,77.141914
2022-07-02 11:00:00+00:00,0.0,0.0,31.259361,9.402127,91.21885
2022-07-02 12:00:00+00:00,0.0,0.0,30.544079,9.6187315,86.423744
2022-07-02 13:00:00+00:00,0.0,0.0,30.426315,9.453041,96.072365
2022-07-02 14:00:00+00:00,0.0,0.0,30.383507,8.764131,106.57409
2022-07-02 15:00:00+00:00,0.0,0.0,30.353489,7.632169,111.522675
2022-07-02 16:00:00+00:00,0.0,0.0,30.205265,6.741662,110.85454
2022-07-02 17:00:00+00:00,0.0,0.0,30.177162,6.2769423,112.47948
2022-07-02 18:00:00+00:00,0.0,0.0,30.074932,5.9093146,113.962494
2022-07-02 19:00:00+00:00,0.0,0.0,29.8698,5.507268,119.357666
2022-07-02 20:00:00+00:00,0.0,0.0,29.594341,5.916925,120.46546
2022-07-02 21:00:00+00:00,0.0,0.0,29.49353,5.3009434,125.78906
2022-07-02 22:00:00+00:00,0.0,0.0,29.501492,5.481788,128.33337
2022-07-02 23:00:00+00:00,0.0,0.0,30.354687,4.661545,125.39488
2022-07-03 00:00:00+00:00,0.0,0.0,32.155647,3.1400635,127.23492
2022-07-03 01:00:00+00:00,0.0,0.0,33.416462,3.49285,113.62939
2022-07-03 02:00:00+00:00,0.0,0.0,34.963078,3.794733,108.43504
2022-07-03 03:00:00+00:00,0.0,0.0,36.650055,3.8078866,103.671326
2022-07-03 04:00:00+00:00,0.0,0.0,37.400146,4.0112343,94.28908
2022-07-03 05:00:00+00:00,0.0,0.0,36.634552,4.816638,85.23644
2022-07-03 06:00:00+00:00,0.0,0.0,35.24957,5.707889,86.98728
2022-07-03 07:00:00+00:00,0.0,0.0,35.926144,5.5,90.0
2022-07-03 08:00:00+00:00,0.0,0.0,35.452324,5.4,90.0
2022-07-03 09:00:00+00:00,0.0,0.0,34.657146,6.1073728,87.1845
2022-07-03 10:00:00+00:00,0.0,0.0,33.90664,6.239391,83.5585
2022-07-03 11:00:00+00:00,0.0,0.0,32.91353,6.865857,77.38069
2022-07-03 12:00:00+00:00,0.0,0.0,32.10983,8.570881,82.62633
2022-07-03 13:00:00+00:00,0.0,0.0,31.385262,9.202173,88.75467
2022-07-03 14:00:00+00:00,0.0,0.0,31.084286,8.714355,93.28918
2022-07-03 15:00:00+00:00,0.0,0.0,31.114433,8.022469,94.28908
2022-07-03 16:00:00+00:00,0.0,0.0,31.109612,7.641989,96.00892
2022-07-03 17:00:00+00:00,0.0,0.0,30.891613,7.0035706,99.865746
2022-07-03 18:00:00+00:00,0.0,0.0,31.032642,6.3890533,107.30062
2022-07-03 19:00:00+00:00,0.0,0.0,30.997608,5.6462374,112.93214
2022-07-03 20:00:00+00:00,0.0,0.0,31.106258,4.9193497,116.56499
2022-07-03 21:00:00+00:00,0.0,0.0,31.09797,4.215448,112.30626
2022-07-03 22:00:00+00:00,0.0,0.0,31.584011,4.3737855,100.53913
2022-07-03 23:00:00+00:00,0.0,0.0,32.397034,4.031129,97.12492
2022-07-04 00:00:00+00:00,0.0,0.0,33.234745,4.3011627,107.592514
2022-07-04 01:00:00+00:00,0.0,0.0,34.6245,3.736308,105.52418
2022-07-04 02:00:00+00:00,0.0,0.0,36.397102,3.613862,104.420815
2022-07-04 03:00:00+00:00,0.0,0.0,37.833138,3.748333,99.21095
2022-07-04 04:00:00+00:00,0.0,0.0,38.761883,3.5128336,94.89901
2022-07-04 05:00:00+00:00,0.0,0.0,39.457554,3.522783,96.519714
2022-07-04 06:00:00+00:00,0.0,0.0,39.007996,3.8118236,85.4861
2022-07-04 07:00:00+00:00,0.0,0.0,37.793823,4.440721,82.234924
2022-07-04 08:00:00+00:00,0.0,0.0,36.364693,5.0635953,80.909805
2022-07-04 09:00:00+00:00,0.0,0.0,35.769875,5.4589376,81.57312
2022-07-04 10:00:00+00:00,0.0,0.0,33.616436,7.2339478,84.44713
2022-07-04 11:00:00+00:00,0.0,0.0,32.799507,7.106335,87.58054
2022-07-04 12:00:00+00:00,0.0,0.0,32.73137,9.10055,90.629585
2022-07-04 13:00:00+00:00,0.2,0.2,33.765022,7.8313475,95.128105
2022-07-04 14:00:00+00:00,0.3,0.3,33.209576,8.572631,106.9554
2022-07-04 15:00:00+00:00,0.0,0.0,34.034966,4.753946,112.24908
2022-07-04 16:00:00+00:00,0.1,0.1,33.71377,4.404543,129.47243
2022-07-04 17:00:00+00:00,0.0,0.0,33.751827,3.8999999,112.61991
2022-07-04 18:00:00+00:00,0.0,0.0,33.61486,3.8327534,97.495766
2022-07-04 19:00:00+00:00,0.0,0.0,33.490643,4.1231055,104.03627
2022-07-04 20:00:00+00:00,0.0,0.0,33.351204,3.6715121,119.357666
2022-07-04 21:00:00+00:00,0.0,0.0,33.117336,3.1906114,122.1957
2022-07-04 22:00:00+00:00,0.0,0.0,33.736637,2.9068882,139.18501
2022-07-04 23:00:00+00:00,0.0,0.0,35.05308,1.2083046,155.55606
2022-07-05 00:00:00+00:00,0.0,0.0,36.46108,2.8017852,124.82456
2022-07-05 01:00:00+00:00,0.0,0.0,37.646282,3.1400635,127.23492
2022-07-05 02:00:00+00:00,0.1,0.1,39.698475,3.176476,151.8215
2022-07-05 03:00:00+00:00,0.3,0.3,40.387783,3.130495,153.43501
2022-07-05 04:00:00+00:00,0.2,0.2,41.360657,3.3615475,149.62096
2022-07-05 05:00:00+00:00,0.1,0.1,41.77743,3.4409301,144.46223
2022-07-05 06:00:00+00:00,0.5,0.5,40.28333,4.4553337,135.90929
2022-07-05 07:00:00+00:00,0.5,0.5,39.58884,4.802083,121.372955
2022-07-05 08:00:00+00:00,0.0,0.0,38.82799,5.714018,122.85572
2022-07-05 09:00:00+00:00,0.0,0.0,39.6408,4.750789,130.73203
2022-07-05 10:00:00+00:00,0.0,0.0,39.169353,4.802083,148.62704
2022-07-05 11:00:00+00:00,0.0,0.0,37.85315,5.661272,162.52513
2022-07-05 12:00:00+00:00,0.0,0.0,36.830616,6.1814237,170.69014
2022-07-05 13:00:00+00:00,0.0,0.0,36.704563,6.041523,167.57407
2022-07-05 14:00:00+00:00,0.0,0.0,36.50422,5.9539905,172.27826
2022-07-05 15:00:00+00:00,0.0,0.0,35.971573,6.7029843,178.29022
2022-07-05 16:00:00+00:00,0.0,0.0,35.193783,7.3171034,183.91817
2022-07-05 17:00:00+00:00,0.0,0.0,34.3356,7.891768,188.74608
2022-07-05 18:00:00+00:00,0.0,0.0,33.60693,8.515867,189.46225
2022-07-05 19:00:00+00:00,0.0,0.0,33.111984,8.598837,188.69542
2022-07-05 20:00:00+00:00,0.0,0.0,32.722233,8.0062475,189.3446
2022-07-05 21:00:00+00:00,0.0,0.0,32.348366,7.990619,188.63705
2022-07-05 22:00:00+00:00,0.0,0.0,32.470314,8.203658,189.11778
2022-07-05 23:00:00+00:00,0.0,0.0,33.459915,7.1021123,189.72751
2022-07-06 00:00:00+00:00,0.0,0.0,34.43061,7.218033,190.3758
2022-07-06 01:00:00+00:00,0.0,0.0,34.848476,8.640023,196.12766
2022-07-06 02:00:00+00:00,0.0,0.0,36.468693,8.1412525,207.824
2022-07-06 03:00:00+00:00,0.1,0.1,37.850857,7.907591,212.08215
2022-07-06 04:00:00+00:00,0.0,0.0,38.459263,7.156116,213.02388
2022-07-06 05:00:00+00:00,0.0,0.0,39.150597,6.87968,212.53505
2022-07-06 06:00:00+00:00,0.0,0.0,39.832977,6.242595,215.21768
2022-07-06 07:00:00+00:00,0.0,0.0,40.06502,5.8898215,220.17917
2022-07-06 08:00:00+00:00,0.1,0.1,39.14787,5.9816384,218.21107
2022-07-06 09:00:00+00:00,0.1,0.1,38.870758,5.5946403,204.27443
2022-07-06 10:00:00+00:00,0.0,0.0,39.54004,4.750789,210.34317
2022-07-06 11:00:00+00:00,0.0,0.0,38.218063,5.2554736,201.19412
2022-07-06 12:00:00+00:00,0.0,0.0,36.782032,6.484597,197.03786
2022-07-06 13:00:00+00:00,0.0,0.0,36.11641,6.477654,188.88058
2022-07-06 14:00:00+00:00,0.0,0.0,35.437084,7.324616,194.226
2022-07-06 15:00:00+00:00,0.0,0.0,34.813168,8.099382,200.22495
2022-07-06 16:00:00+00:00,0.0,0.0,34.80601,7.021396,206.20006
2022-07-06 17:00:00+00:00,0.0,0.0,34.704857,6.1294374,208.23735
2022-07-06 18:00:00+00:00,0.0,0.0,34.613644,5.5470715,207.95087
2022-07-06 19:00:00+00:00,0.0,0.0,34.67264,4.7010636,209.29126
2022-07-06 20:00:00+00:00,0.0,0.0,34.49148,4.8259716,214.0194
2022-07-06 21:00:00+00:00,0.0,0.0,34.36117,4.9578223,221.72942
2022-07-06 22:00:00+00:00,0.0,0.0,34.93864,4.5343137,228.57643
2022-07-06 23:00:00+00:00,0.0,0.0,36.002388,2.9681644,237.38077
2022-07-07 00:00:00+00:00,0.0,0.0,37.21152,3.088689,240.94548
2022-07-07 01:00:00+00:00,0.0,0.0,37.63073,3.8948684,240.80261
2022-07-07 02:00:00+00:00,0.0,0.0,38.62314,4.548626,236.65927
2022-07-07 03:00:00+00:00,0.0,0.0,39.212708,4.920366,232.43134
2022-07-07 04:00:00+00:00,0.0,0.0,40.418465,4.6690474,226.73567
2022-07-07 05:00:00+00:00,0.0,0.0,40.84869,4.596738,225.8813
2022-07-07 06:00:00+00:00,0.9,0.9,38.380844,6.0959,221.00899
2022-07-07 07:00:00+00:00,0.1,0.1,39.190456,3.8209944,222.87889
2022-07-07 08:00:00+00:00,0.0,0.0,37.85199,3.3,270.0
2022-07-07 09:00:00+00:00,0.0,0.0,37.84192,2.408319,318.36655
2022-07-07 10:00:00+00:00,0.0,0.0,38.54651,0.7,360.0
2022-07-07 11:00:00+00:00,0.0,0.0,38.462234,0.41231057,255.96373
2022-07-07 12:00:00+00:00,0.0,0.0,35.837173,5.9033885,218.81139
2022-07-07 13:00:00+00:00,0.0,0.0,37.170223,3.8948684,228.12221
2022-07-07 14:00:00+00:00,0.0,0.0,36.613586,3.0805843,215.75398
2022-07-07 15:00:00+00:00,0.0,0.0,36.141323,3.482815,219.17365
2022-07-07 16:00:00+00:00,0.0,0.0,35.64227,3.1827662,223.72705
2022-07-07 17:00:00+00:00,0.0,0.0,35.431812,3.6891732,212.82854
2022-07-07 18:00:00+00:00,0.0,0.0,35.180668,4.022437,214.8754
2022-07-07 19:00:00+00:00,0.0,0.0,35.078396,4.327817,220.31403
2022-07-07 20:00:00+00:00,0.0,0.0,34.980186,4.596738,224.11868
2022-07-07 21:00:00+00:00,0.0,0.0,34.74184,4.8795495,225.83023
2022-07-07 22:00:00+00:00,0.0,0.0,34.889484,4.9578223,228.27058
2022-07-07 23:00:00+00:00,0.0,0.0,35.836582,4.4598207,227.72636
2022-07-08 00:00:00+00:00,0.0,0.0,37.571136,3.753665,221.76021
2022-07-08 01:00:00+00:00,0.0,0.0,38.224037,4.967897,229.89915
2022-07-08 02:00:00+00:00,0.0,0.0,38.865963,6.053924,239.19862
2022-07-08 03:00:00+00:00,0.0,0.0,39.826458,5.8309517,239.0363
2022-07-08 04:00:00+00:00,0.0,0.0,40.75006,5.4378304,237.77127
2022-07-08 05:00:00+00:00,0.0,0.0,41.097515,5.3,238.10924
2022-07-08 06:00:00+00:00,0.0,0.0,40.799503,5.2630787,231.17017
2022-07-08 07:00:00+00:00,0.7,0.7,40.27868,4.6872168,236.3099
2022-07-08 08:00:00+00:00,0.0,0.0,39.103474,4.68188,250.0168
2022-07-08 09:00:00+00:00,0.0,0.0,39.217422,2.7856774,291.03757
2022-07-08 10:00:00+00:00,0.0,0.0,39.11181,2.9732137,340.3461
2022-07-08 11:00:00+00:00,0.0,0.0,38.120586,2.9068885,356.0549
2022-07-08 12:00:00+00:00,0.0,0.0,39.44426,0.92195445,229.39879
2022-07-08 13:00:00+00:00,0.0,0.0,38.51656,1.7029386,229.76372
2022-07-08 14:00:00+00:00,0.0,0.0,37.607475,2.3600848,233.61555
2022-07-08 15:00:00+00:00,0.0,0.0,38.703266,1.3892444,239.74365
2022-07-08 16:00:00+00:00,0.0,0.0,37.416695,1.3038404,184.39862
2022-07-08 17:00:00+00:00,0.0,0.0,36.61158,1.6278821,222.5104
2022-07-08 18:00:00+00:00,0.0,0.0,35.98533,2.1633308,236.3099
2022-07-08 19:00:00+00:00,0.0,0.0,35.452984,2.6925824,238.67136
2022-07-08 20:00:00+00:00,0.0,0.0,35.029984,2.8792362,249.67677
2022-07-08 21:00:00+00:00,0.0,0.0,34.802544,2.9017239,268.02512
2022-07-08 22:00:00+00:00,0.0,0.0,36.010727,3.4785054,251.56496
2022-07-08 23:00:00+00:00,0.0,0.0,36.672962,3.130495,243.43501
2022-07-09 00:00:00+00:00,0.0,0.0,38.178104,3.0528674,238.39255
2022-07-09 01:00:00+00:00,0.0,0.0,38.91371,2.640076,245.37645
2022-07-09 02:00:00+00:00,0.0,0.0,40.39274,2.1400933,232.59457
2022-07-09 03:00:00+00:00,0.0,0.0,40.90565,3.0413814,242.5925
2022-07-09 04:00:00+00:00,0.0,0.0,41.806408,3.324154,248.83867
2022-07-09 05:00:00+00:00,0.0,0.0,42.203003,2.9120438,254.05453
2022-07-09 06:00:00+00:00,0.0,0.0,42.307167,2.3259406,244.5367
2022-07-09 07:00:00+00:00,0.0,0.0,42.032658,1.9235384,242.10283
2022-07-09 08:00:00+00:00,2.1,2.1,37.812866,3.2649655,310.0302
2022-07-09 09:00:00+00:00,0.7,0.7,36.775425,2.8178005,297.47433
2022-07-09 10:00:00+00:00,4.2,4.2,35.967224,1.2,180.0
2022-07-09 11:00:00+00:00,0.0,0.0,36.216503,1.421267,230.71062
2022-07-09 12:00:00+00:00,0.0,0.0,33.869057,4.8270073,50.04252
2022-07-09 13:00:00+00:00,0.6,0.6,34.692593,3.9115217,85.60138
2022-07-09 14:00:00+00:00,0.0,0.0,35.580177,2.8017852,145.17545
2022-07-09 15:00:00+00:00,0.0,0.0,35.7125,2.0099752,185.7105
2022-07-09 16:00:00+00:00,0.0,0.0,35.40967,1.746425,193.24052
2022-07-09 17:00:00+00:00,0.0,0.0,35.15305,2.6925824,238.67136
2022-07-09 18:00:00+00:00,0.0,0.0,34.86771,2.624881,220.36446
2022-07-09 19:00:00+00:00,0.0,0.0,34.54468,3.6891732,212.82854
2022-07-09 20:00:00+00:00,0.0,0.0,34.097126,3.4,208.07239
2022-07-09 21:00:00+00:00,0.0,0.0,33.477627,2.6832817,206.56499
2022-07-09 22:00:00+00:00,0.0,0.0,34.610428,2.4596748,206.56499
2022-07-09 23:00:00+00:00,0.0,0.0,35.548622,2.5942245,207.55272
2022-07-10 00:00:00+00:00,0.0,0.0,37.554966,3.3015149,215.13428
2022-07-10 01:00:00+00:00,0.0,0.0,38.899548,3.522783,214.59235
2022-07-10 02:00:00+00:00,0.0,0.0,41.336983,3.5510561,237.65257
2022-07-10 03:00:00+00:00,0.0,0.0,42.888153,3.1906114,237.80429
2022-07-10 04:00:00+00:00,0.1,0.1,42.67157,2.86007,233.53067
2022-07-10 05:00:00+00:00,0.0,0.0,42.183926,3.2202485,244.23071
2022-07-10 06:00:00+00:00,0.0,0.0,42.042503,2.751363,250.9064
2022-07-10 07:00:00+00:00,0.3,0.3,39.99755,2.376973,255.37909
2022-07-10 08:00:00+00:00,0.0,0.0,40.82977,1.6278821,222.5104
2022-07-10 09:00:00+00:00,0.0,0.0,41.02886,3.6235344,207.97939
2022-07-10 10:00:00+00:00,0.0,0.0,40.92727,3.6619666,214.9921
2022-07-10 11:00:00+00:00,0.0,0.0,39.470154,3.5510561,189.72751
2022-07-10 12:00:00+00:00,0.0,0.0,39.986862,2.0808651,54.782326
2022-07-10 13:00:00+00:00,0.0,0.0,37.436935,5.714018,355.9859
2022-07-10 14:00:00+00:00,0.0,0.0,38.178482,1.4764823,61.69934
2022-07-10 15:00:00+00:00,0.0,0.0,39.3383,0.7615773,113.19862
2022-07-10 16:00:00+00:00,0.0,0.0,39.506935,1.4317821,167.90526
2022-07-10 17:00:00+00:00,0.0,0.0,37.993607,2.4020824,177.6141
2022-07-10 18:00:00+00:00,0.0,0.0,38.143257,2.1095023,211.42952
2022-07-10 19:00:00+00:00,0.0,0.0,37.378944,3.0528674,211.60745
2022-07-10 20:00:00+00:00,0.0,0.0,37.056175,1.8357561,299.35767
2022-07-10 21:00:00+00:00,0.0,0.0,34.781273,4.049691,339.77505
2022-07-10 22:00:00+00:00,0.0,0.0,35.853687,3.764306,230.38934
2022-07-10 23:00:00+00:00,0.0,0.0,37.392403,4.429447,241.69934
2022-07-11 00:00:00+00:00,0.0,0.0,38.16922,0.6324555,198.43504
2022-07-11 01:00:00+00:00,0.0,0.0,39.42238,1.029563,209.0545
2022-07-11 02:00:00+00:00,0.0,0.0,41.921593,0.94868326,198.43504
2022-07-11 03:00:00+00:00,0.0,0.0,43.65041,1.6492423,104.03627
2022-07-11 04:00:00+00:00,0.6,0.6,40.67359,5.3758717,108.43504
2022-07-11 05:00:00+00:00,0.0,0.0,40.78904,2.8017852,124.82456
2022-07-11 06:00:00+00:00,0.0,0.0,41.702633,2.863564,114.775116
2022-07-11 07:00:00+00:00,0.0,0.0,43.07802,1.8867962,147.99466
2022-07-11 08:00:00+00:00,0.0,0.0,42.80383,0.92195445,139.39879
2022-07-11 09:00:00+00:00,0.0,0.0,42.522877,1.6401219,142.43134
2022-07-11 10:00:00+00:00,0.0,0.0,41.059296,3.9319208,97.30567
2022-07-11 11:00:00+00:00,0.0,0.0,38.466698,7.0007143,90.818436
2022-07-11 12:00:00+00:00,0.0,0.0,40.262684,6.0207973,101.49654
2022-07-11 13:00:00+00:00,0.0,0.0,39.895126,5.3235326,118.00909
2022-07-11 14:00:00+00:00,0.0,0.0,38.843918,6.4404964,126.15828
2022-07-11 15:00:00+00:00,0.0,0.0,37.897156,6.87968,147.46495
2022-07-11 16:00:00+00:00,0.0,0.0,37.573082,6.053924,149.19862
2022-07-11 17:00:00+00:00,0.0,0.0,37.205986,6.0016665,169.43904
2022-07-11 18:00:00+00:00,0.0,0.0,36.663006,6.207254,177.22984
2022-07-11 19:00:00+00:00,0.0,0.0,36.246506,6.0133185,183.814
2022-07-11 20:00:00+00:00,0.0,0.0,36.00417,5.8549128,187.85323
2022-07-11 21:00:00+00:00,0.0,0.0,35.754635,5.554278,193.53587
2022-07-11 22:00:00+00:00,0.0,0.0,37.430386,4.3965893,197.19862
2022-07-11 23:00:00+00:00,0.0,0.0,38.149357,3.7696154,201.80147
2022-07-12 00:00:00+00:00,0.0,0.0,39.398636,3.5510561,212.34741
2022-07-12 01:00:00+00:00,0.0,0.0,40.640903,3.1827662,226.27295
2022-07-12 02:00:00+00:00,0.0,0.0,42.37325,3.3421547,231.07245
2022-07-12 03:00:00+00:00,0.0,0.0,44.180634,3.443835,244.17906
2022-07-12 04:00:00+00:00,0.0,0.0,44.330105,3.383785,251.0295
2022-07-12 05:00:00+00:00,0.0,0.0,44.70572,2.9546573,246.0375
2022-07-12 06:00:00+00:00,0.0,0.0,44.20632,2.1023796,244.65387
2022-07-12 07:00:00+00:00,0.0,0.0,44.0897,1.9235383,261.02747
2022-07-12 08:00:00+00:00,0.0,0.0,43.663303,1.17047,250.0168
2022-07-12 09:00:00+00:00,0.0,0.0,43.658802,0.94868326,161.56496
2022-07-12 10:00:00+00:00,0.0,0.0,41.32457,6.3780875,138.81418
2022-07-12 11:00:00+00:00,0.0,0.0,39.52763,7.3817344,144.37201
2022-07-12 12:00:00+00:00,0.0,0.0,41.126633,5.3225937,154.39786
2022-07-12 13:00:00+00:00,0.0,0.0,39.443245,6.795587,147.01147
2022-07-12 14:00:00+00:00,0.0,0.0,38.820633,6.574192,153.82477
2022-07-12 15:00:00+00:00,0.0,0.0,38.39686,6.5520988,164.05453
2022-07-12 16:00:00+00:00,0.0,0.0,37.704132,6.648308,173.08887
2022-07-12 17:00:00+00:00,0.0,0.0,37.019768,6.428064,185.35573
2022-07-12 18:00:00+00:00,0.0,0.0,36.548855,6.360031,196.44046
2022-07-12 19:00:00+00:00,0.0,0.0,36.324497,5.5036354,204.70241
2022-07-12 20:00:00+00:00,0.0,0.0,36.08379,4.909175,213.36638
2022-07-12 21:00:00+00:00,0.0,0.0,36.0663,4.7169905,212.00534
2022-07-12 22:00:00+00:00,0.0,0.0,37.278584,4.8548946,212.38066
2022-07-12 23:00:00+00:00,0.0,0.0,38.057323,4.8259716,214.0194
2022-07-13 00:00:00+00:00,0.0,0.0,39.575848,3.130495,206.56499
2022-07-13 01:00:00+00:00,0.0,0.0,40.589855,3.2557642,222.5104
2022-07-13 02:00:00+00:00,0.0,0.0,42.659096,3.3015149,234.86572
2022-07-13 03:00:00+00:00,0.0,0.0,43.6705,3.51141,250.0168
2022-07-13 04:00:00+00:00,0.0,0.0,44.01425,3.939543,246.0375
2022-07-13 05:00:00+00:00,0.0,0.0,44.280453,3.8948684,240.80261
2022-07-13 06:00:00+00:00,0.0,0.0,43.763435,4.167733,239.74365
2022-07-13 07:00:00+00:00,0.0,0.0,43.518497,3.3837848,235.84026
2022-07-13 08:00:00+00:00,0.0,0.0,42.920128,3.1241,219.80553
2022-07-13 09:00:00+00:00,0.0,0.0,43.0828,3.4985712,210.96368
2022-07-13 10:00:00+00:00,0.0,0.0,42.241497,4.8010416,215.6765
2022-07-13 11:00:00+00:00,0.0,0.0,40.19902,5.882177,234.6887
2022-07-13 12:00:00+00:00,0.0,0.0,40.47071,5.188449,242.44727
2022-07-13 13:00:00+00:00,0.0,0.0,39.97452,5.223983,264.50778
2022-07-13 14:00:00+00:00,0.0,0.0,39.140747,4.9648767,297.5972
2022-07-13 15:00:00+00:00,0.0,0.0,38.71999,3.9217343,289.35907
2022-07-13 16:00:00+00:00,0.0,0.0,37.63002,4.804165,267.6141
2022-07-13 17:00:00+00:00,0.0,0.0,37.06117,3.7854989,282.20044
2022-07-13 18:00:00+00:00,0.0,0.0,36.804516,3.0,306.86996
2022-07-13 19:00:00+00:00,0.0,0.0,36.476997,2.529822,288.43503
2022-07-13 20:00:00+00:00,0.0,0.0,36.148098,3.026549,262.40546
2022-07-13 21:00:00+00:00,0.0,0.0,35.524734,2.6076808,265.60138
2022-07-13 22:00:00+00:00,0.0,0.0,36.484188,2.7856774,248.96242
2022-07-13 23:00:00+00:00,0.0,0.0,37.779278,3.1622777,251.56496
2022-07-14 00:00:00+00:00,0.0,0.0,39.051044,2.4596748,243.43501
2022-07-14 01:00:00+00:00,0.0,0.0,40.106766,2.2847319,246.80139
2022-07-14 02:00:00+00:00,0.0,0.0,41.6693,2.4698176,238.24055
2022-07-14 03:00:00+00:00,0.0,0.0,43.43393,3.1780498,245.85446
2022-07-14 04:00:00+00:00,0.0,0.0,44.23858,3.4481878,253.14151
2022-07-14 05:00:00+00:00,0.0,0.0,44.53536,2.9017239,271.97488
2022-07-14 06:00:00+00:00,0.0,0.0,44.43524,2.0615528,292.83368
2022-07-14 07:00:00+00:00,0.0,0.0,43.754772,2.9529645,331.69934
2022-07-14 08:00:00+00:00,0.0,0.0,41.75611,4.3737855,349.46088
2022-07-14 09:00:00+00:00,0.0,0.0,40.81492,5.6089215,348.6901
2022-07-14 10:00:00+00:00,0.0,0.0,41.15129,4.738143,352.72507
2022-07-14 11:00:00+00:00,0.0,0.0,43.620884,3.0413814,350.53775
2022-07-14 12:00:00+00:00,0.0,0.0,40.681957,5.001,11.5345955
2022-07-14 13:00:00+00:00,0.0,0.0,39.080627,3.8897302,342.03076
2022-07-14 14:00:00+00:00,0.0,0.0,39.03889,3.1016126,358.15244
2022-07-14 15:00:00+00:00,0.0,0.0,38.835594,1.9235384,27.897186
2022-07-14 16:00:00+00:00,0.0,0.0,38.739906,0.89442724,296.56497
2022-07-14 17:00:00+00:00,0.0,0.0,38.340527,2.1213202,261.87
2022-07-14 18:00:00+00:00,0.0,0.0,38.26968,3.0805843,256.86597
2022-07-14 19:00:00+00:00,0.0,0.0,37.45867,3.901282,268.53122
2022-07-14 20:00:00+00:00,0.0,0.0,35.84882,4.341659,277.9434
2022-07-14 21:00:00+00:00,0.0,0.0,35.23923,4.104875,272.79263
2022-07-14 22:00:00+00:00,0.0,0.0,35.93792,3.945884,261.2539
2022-07-14 23:00:00+00:00,0.0,0.0,36.9511,4.148494,254.62369
2022-07-15 00:00:00+00:00,0.0,0.0,38.170956,3.4176016,249.44386
2022-07-15 01:00:00+00:00,0.0,0.0,39.044426,2.9832869,256.42953
2022-07-15 02:00:00+00:00,0.0,0.0,40.600346,3.5014284,271.63654
2022-07-15 03:00:00+00:00,0.0,0.0,42.00867,4.7265205,276.07236
2022-07-15 04:00:00+00:00,0.0,0.0,42.513813,5.217279,282.17145
2022-07-15 05:00:00+00:00,0.0,0.0,41.78177,5.096077,285.94547
2022-07-15 06:00:00+00:00,0.0,0.0,40.278667,5.508176,285.80258
2022-07-15 07:00:00+00:00,0.0,0.0,40.29612,5.314132,289.79895
2022-07-15 08:00:00+00:00,0.0,0.0,41.10377,4.6572523,284.93146
2022-07-15 09:00:00+00:00,0.0,0.0,41.260834,4.7853947,296.02954
2022-07-15 10:00:00+00:00,0.0,0.0,41.443558,3.9812057,295.27768
2022-07-15 11:00:00+00:00,0.0,0.0,38.0398,7.496666,9.210952
2022-07-15 12:00:00+00:00,0.0,0.0,39.09702,1.3928387,291.03757
2022-07-15 13:00:00+00:00,0.0,0.0,39.85808,1.360147,72.89719
2022-07-15 14:00:00+00:00,0.0,0.0,39.19938,0.7211103,123.690094
2022-07-15 15:00:00+00:00,0.0,0.0,38.83613,0.1,270.0
2022-07-15 16:00:00+00:00,0.0,0.0,38.587273,0.5830952,329.03632
2022-07-15 17:00:00+00:00,0.0,0.0,38.288734,0.50990194,258.6901
2022-07-15 18:00:00+00:00,0.0,0.0,37.14341,2.236068,259.69522
2022-07-15 19:00:00+00:00,0.0,0.0,36.5908,2.302173,267.5105
2022-07-15 20:00:00+00:00,0.0,0.0,36.131824,3.1890438,228.81418
2022-07-15 21:00:00+00:00,0.0,0.0,35.786636,4.172529,224.02907
2022-07-15 22:00:00+00:00,0.0,0.0,36.354275,4.1868844,229.84407
2022-07-15 23:00:00+00:00,0.0,0.0,37.06458,3.3615475,239.62096
2022-07-16 00:00:00+00:00,0.0,0.0,37.634857,2.1400933,232.59457
2022-07-16 01:00:00+00:00,0.0,0.0,38.456234,1.8027756,236.3099
2022-07-16 02:00:00+00:00,0.0,0.0,39.35733,2.7802877,232.3057
2022-07-16 03:00:00+00:00,0.0,0.0,40.082863,3.0805843,256.86597
2022-07-16 04:00:00+00:00,0.0,0.0,39.957664,3.0413814,313.66785
2022-07-16 05:00:00+00:00,0.0,0.0,41.30315,2.2203605,352.23492
2022-07-16 06:00:00+00:00,0.0,0.0,41.78494,1.17047,19.983198
2022-07-16 07:00:00+00:00,0.0,0.0,41.377983,1.4764823,61.69934
2022-07-16 08:00:00+00:00,0.0,0.0,41.205696,1.9026297,93.012726
2022-07-16 09:00:00+00:00,0.0,0.0,39.4392,4.7885275,61.294147
2022-07-16 10:00:00+00:00,0.0,0.0,38.22636,5.7974133,75.004875
2022-07-16 11:00:00+00:00,0.0,0.0,37.734375,6.726812,95.117226
2022-07-16 12:00:00+00:00,0.0,0.0,38.54027,5.9076223,92.910774
2022-07-16 13:00:00+00:00,0.0,0.0,38.980576,5.2886667,105.3502
2022-07-16 14:00:00+00:00,0.0,0.0,39.22021,5.0537114,117.072
2022-07-16 15:00:00+00:00,0.0,0.0,39.00449,4.0816665,120.963684
2022-07-16 16:00:00+00:00,0.0,0.0,38.6067,3.8209944,137.12111
2022-07-16 17:00:00+00:00,0.0,0.0,38.24418,2.8792362,159.67677
2022-07-16 18:00:00+00:00,0.0,0.0,37.76092,3.0016663,178.0909
2022-07-16 19:00:00+00:00,0.0,0.0,37.124344,3.4481878,196.85847
2022-07-16 20:00:00+00:00,0.0,0.0,36.60675,3.5510561,212.34741
2022-07-16 21:00:00+00:00,0.0,0.0,35.78099,4.1629314,204.10223
2022-07-16 22:00:00+00:00,0.0,0.0,36.592033,4.8548946,212.38066
2022-07-16 23:00:00+00:00,0.0,0.0,36.69034,5.948109,206.99576
2022-07-17 00:00:00+00:00,0.0,0.0,36.30332,5.0159745,203.49858
2022-07-17 01:00:00+00:00,0.0,0.0,37.675346,5.3310413,246.80139
2022-07-17 02:00:00+00:00,0.0,0.0,37.790104,7.4686007,243.77809
2022-07-17 03:00:00+00:00,0.0,0.0,39.392998,7.2449985,243.78868
2022-07-17 04:00:00+00:00,0.0,0.0,40.2897,6.536819,240.6901
2022-07-17 05:00:00+00:00,0.0,0.0,40.505302,6.1846585,230.90614
2022-07-17 06:00:00+00:00,0.0,0.0,39.221058,6.9526978,229.66693
2022-07-17 07:00:00+00:00,0.0,0.0,38.068855,8.273452,224.51036
2022-07-17 08:00:00+00:00,0.0,0.0,38.511627,7.170077,230.09216
2022-07-17 09:00:00+00:00,0.3,0.3,39.197464,5.9548297,229.08571
2022-07-17 10:00:00+00:00,0.0,0.0,38.24904,5.7974133,194.99513
2022-07-17 11:00:00+00:00,0.0,0.0,37.496887,6.2169123,205.74066
2022-07-17 12:00:00+00:00,0.0,0.0,35.115765,5.0635953,170.9098
2022-07-17 13:00:00+00:00,1.9,1.9,34.004086,4.4384685,165.65063
2022-07-17 14:00:00+00:00,0.3,0.3,33.202248,4.6872168,146.3099
2022-07-17 15:00:00+00:00,0.0,0.0,33.347233,4.785394,169.15974
2022-07-17 16:00:00+00:00,0.0,0.0,34.039177,4.883646,190.6196
2022-07-17 17:00:00+00:00,0.0,0.0,35.014374,3.8183768,224.9999
2022-07-17 18:00:00+00:00,0.0,0.0,35.311,3.8626416,248.74942
2022-07-17 19:00:00+00:00,0.0,0.0,35.242466,4.609772,257.4712
2022-07-17 20:00:00+00:00,0.0,0.0,34.949463,4.6840153,253.8865
2022-07-17 21:00:00+00:00,0.0,0.0,34.31284,5.3235326,241.99092
2022-07-17 22:00:00+00:00,0.1,0.1,33.912212,5.2801514,232.69597
2022-07-17 23:00:00+00:00,0.1,0.1,33.17001,5.6400356,217.07317
2022-07-18 00:00:00+00:00,0.1,0.1,33.2534,4.604346,214.3804
2022-07-18 01:00:00+00:00,0.6,0.6,33.35202,4.609772,204.34108
2022-07-18 02:00:00+00:00,0.0,0.0,34.68844,5.234501,223.45189
2022-07-18 03:00:00+00:00,0.0,0.0,36.415497,5.481788,218.33337
2022-07-18 04:00:00+00:00,0.1,0.1,35.711025,5.2201533,249.82925
2022-07-18 05:00:00+00:00,12.9,12.9,33.771847,5.5226803,312.06424
2022-07-18 06:00:00+00:00,3.5,3.5,35.250088,1.2727922,224.9999
2022-07-18 07:00:00+00:00,0.4,0.4,35.529892,3.9661064,213.6901
2022-07-18 08:00:00+00:00,0.3,0.3,36.806953,2.505993,241.38963
2022-07-18 09:00:00+00:00,0.3,0.3,36.72159,0.36055514,33.6901
2022-07-18 10:00:00+00:00,6.4,6.4,33.66087,1.264911,251.56496
2022-07-18 11:00:00+00:00,3.2,3.2,33.56179,0.98994946,44.999897
2022-07-18 12:00:00+00:00,0.2,0.2,34.308838,2.8635643,167.90526
2022-07-18 13:00:00+00:00,1.2,1.2,34.59548,1.6124516,172.87508
2022-07-18 14:00:00+00:00,0.2,0.2,34.418076,2.118962,160.70985
2022-07-18 15:00:00+00:00,0.1,0.1,33.9121,3.1064448,183.69131
2022-07-18 16:00:00+00:00,0.1,0.1,33.066067,3.0463092,203.19862
2022-07-18 17:00:00+00:00,0.1,0.1,33.312042,2.3537204,167.73524
2022-07-18 18:00:00+00:00,0.0,0.0,33.140133,3.0413814,170.53775
2022-07-18 19:00:00+00:00,0.0,0.0,33.179256,1.8027756,176.82024
2022-07-18 20:00:00+00:00,0.0,0.0,32.5651,1.3341664,192.99461
2022-07-18 21:00:00+00:00,0.0,0.0,32.546387,1.3341664,192.99461
2022-07-18 22:00:00+00:00,0.0,0.0,33.988907,1.17047,199.9832
2022-07-18 23:00:00+00:00,0.0,0.0,34.499638,1.2529964,208.61037
2022-07-19 00:00:00+00:00,0.0,0.0,34.99835,1.6155494,158.19853
2022-07-19 01:00:00+00:00,0.1,0.1,35.7211,2.2022717,182.60251
2022-07-19 02:00:00+00:00,0.1,0.1,36.363304,2.7294688,208.44283
2022-07-19 03:00:00+00:00,0.5,0.5,35.804367,4.816638,228.36655
2022-07-19 04:00:00+00:00,1.0,1.0,36.327854,3.7,251.07526
2022-07-19 05:00:00+00:00,5.0,5.0,33.465523,4.7853947,243.97047
2022-07-19 06:00:00+00:00,0.1,0.1,35.005505,2.0808651,215.21768
2022-07-19 07:00:00+00:00,0.0,0.0,35.229027,2.6925824,158.19853
2022-07-19 08:00:00+00:00,0.0,0.0,36.02651,3.6124783,184.76355
2022-07-19 09:00:00+00:00,2.4,2.4,34.178104,3.765634,259.28693
2022-07-19 10:00:00+00:00,0.2,0.2,34.68607,3.8626416,248.74942
2022-07-19 11:00:00+00:00,0.0,0.0,35.02709,3.679674,227.20262
2022-07-19 12:00:00+00:00,0.0,0.0,34.288113,4.701064,218.08882
2022-07-19 13:00:00+00:00,0.3,0.3,34.3719,5.283938,209.4758
2022-07-19 14:00:00+00:00,0.3,0.3,33.319935,5.060632,217.77574
2022-07-19 15:00:00+00:00,1.6,1.6,33.404247,4.9658837,205.01686
2022-07-19 16:00:00+00:00,1.5,1.5,33.85107,4.9477267,194.03627
2022-07-19 17:00:00+00:00,1.0,1.0,34.02127,5.707013,191.113
2022-07-19 18:00:00+00:00,0.4,0.4,33.742924,6.5924196,189.60513
2022-07-19 19:00:00+00:00,0.0,0.0,33.79971,6.2513995,187.35228
2022-07-19 20:00:00+00:00,0.0,0.0,33.825886,5.6293874,192.308
2022-07-19 21:00:00+00:00,0.0,0.0,33.714718,5.080354,190.20392
2022-07-19 22:00:00+00:00,0.0,0.0,33.81618,5.0635953,189.0902
2022-07-19 23:00:00+00:00,0.0,0.0,34.887592,4.924429,192.90741
2022-07-20 00:00:00+00:00,0.0,0.0,36.765568,2.4166093,204.44394
2022-07-20 01:00:00+00:00,0.0,0.0,38.600403,2.8792362,200.32323
2022-07-20 02:00:00+00:00,0.0,0.0,40.450203,4.159327,207.18103
2022-07-20 03:00:00+00:00,0.0,0.0,41.276722,6.3702435,227.54485
2022-07-20 04:00:00+00:00,0.0,0.0,40.504177,8.736704,236.67369
2022-07-20 05:00:00+00:00,0.0,0.0,40.68293,9.013878,229.95033
2022-07-20 06:00:00+00:00,0.0,0.0,40.656555,8.711487,228.25731
2022-07-20 07:00:00+00:00,0.0,0.0,40.545593,8.005623,228.54486
2022-07-20 08:00:00+00:00,0.0,0.0,40.109512,7.144928,223.29869
2022-07-20 09:00:00+00:00,0.0,0.0,39.475067,7.5663733,224.46461
2022-07-20 10:00:00+00:00,0.0,0.0,39.046825,7.200694,217.66568
2022-07-20 11:00:00+00:00,0.0,0.0,38.113274,7.140028,217.03047
2022-07-20 12:00:00+00:00,0.0,0.0,36.765663,7.4027023,231.58191
2022-07-20 13:00:00+00:00,0.0,0.0,36.58669,7.184706,235.2039
2022-07-20 14:00:00+00:00,0.0,0.0,36.238457,6.809552,240.04648
2022-07-20 15:00:00+00:00,0.0,0.0,35.85001,6.6241984,241.11351
2022-07-20 16:00:00+00:00,0.0,0.0,35.54671,6.7675695,235.84026
2022-07-20 17:00:00+00:00,0.0,0.0,35.201534,6.481512,231.89238
2022-07-20 18:00:00+00:00,0.0,0.0,34.934475,6.5734315,236.79341
2022-07-20 19:00:00+00:00,0.0,0.0,34.64798,6.105735,238.39255
2022-07-20 20:00:00+00:00,0.0,0.0,34.36157,5.5226803,238.32457
2022-07-20 21:00:00+00:00,0.0,0.0,33.99604,4.341659,262.0566
2022-07-20 22:00:00+00:00,0.0,0.0,35.243675,3.8999999,292.6199
2022-07-20 23:00:00+00:00,0.0,0.0,36.178905,1.9697715,293.9625
2022-07-21 00:00:00+00:00,0.0,0.0,37.009796,1.8027756,250.55988
2022-07-21 01:00:00+00:00,0.0,0.0,38.163624,1.9104973,276.0089
2022-07-21 02:00:00+00:00,0.0,0.0,39.343033,1.7029386,310.2363
2022-07-21 03:00:00+00:00,2.3,2.3,39.676685,3.1016126,290.77234
2022-07-21 04:00:00+00:00,0.0,0.0,40.151573,2.9068882,296.56497
2022-07-21 05:00:00+00:00,0.0,0.0,40.854633,2.302173,304.3804
2022-07-21 06:00:00+00:00,5.5,5.5,36.65383,2.886174,284.03625
2022-07-21 07:00:00+00:00,0.2,0.2,36.14571,2.3345237,316.73566
2022-07-21 08:00:00+00:00,0.2,0.2,36.76114,1.1661904,329.03632
2022-07-21 09:00:00+00:00,0.2,0.2,37.12711,0.22360681,206.56499
2022-07-21 10:00:00+00:00,0.0,0.0,37.07063,0.89442724,206.56499
2022-07-21 11:00:00+00:00,0.0,0.0,36.886097,0.28284273,224.9999
2022-07-21 12:00:00+00:00,0.0,0.0,34.84383,2.5495098,48.179924
2022-07-21 13:00:00+00:00,0.0,0.0,34.959267,2.4698176,58.240574
2022-07-21 14:00:00+00:00,0.0,0.0,34.710915,2.9154758,67.83361
2022-07-21 15:00:00+00:00,0.0,0.0,34.60117,2.5495098,64.440094
2022-07-21 16:00:00+00:00,0.0,0.0,34.093697,1.8788295,64.79892
2022-07-21 17:00:00+00:00,0.4,0.4,33.620014,2.8160255,6.1154146
2022-07-21 18:00:00+00:00,0.2,0.2,32.92975,3.8639357,349.5626
2022-07-21 19:00:00+00:00,0.0,0.0,32.03688,3.2202485,334.2307
2022-07-21 20:00:00+00:00,0.0,0.0,32.295128,2.6925824,301.32864
2022-07-21 21:00:00+00:00,0.0,0.0,32.08282,1.9026297,273.01273
2022-07-21 22:00:00+00:00,0.0,0.0,33.340733,1.431782,245.22488
2022-07-21 23:00:00+00:00,0.0,0.0,34.50127,0.70710677,278.13
2022-07-22 00:00:00+00:00,0.0,0.0,36.348644,0.70710677,98.13002
2022-07-22 01:00:00+00:00,0.0,0.0,37.61218,1.0770329,158.19853
2022-07-22 02:00:00+00:00,0.0,0.0,39.174416,1.0770329,201.80147
2022-07-22 03:00:00+00:00,0.1,0.1,40.496643,0.36055514,213.6901
2022-07-22 04:00:00+00:00,0.1,0.1,43.21922,0.22360681,26.564985
2022-07-22 05:00:00+00:00,0.2,0.2,43.677433,0.1,270.0
2022-07-22 06:00:00+00:00,7.6,7.6,36.64786,4.119466,264.4279
2022-07-22 07:00:00+00:00,0.1,0.1,36.88211,1.118034,169.6952
2022-07-22 08:00:00+00:00,0.0,0.0,38.55606,1.360147,252.89719
2022-07-22 09:00:00+00:00,0.0,0.0,39.097046,1.6763055,197.35411
2022-07-22 10:00:00+00:00,0.0,0.0,38.966877,2.0615528,202.8337
2022-07-22 11:00:00+00:00,0.0,0.0,38.356293,1.6278821,190.6196
2022-07-22 12:00:00+00:00,0.0,0.0,38.223904,3.3015149,125.13428
2022-07-22 13:00:00+00:00,0.0,0.0,37.07074,4.103657,133.02507
2022-07-22 14:00:00+00:00,0.0,0.0,36.77533,4.545327,129.64413
2022-07-22 15:00:00+00:00,0.0,0.0,36.9039,3.9623227,137.04541
2022-07-22 16:00:00+00:00,0.0,0.0,36.695774,3.4785054,161.56496
2022-07-22 17:00:00+00:00,0.0,0.0,36.457623,3.2649658,62.65021
2022-07-22 18:00:00+00:00,0.0,0.0,36.0538,2.9546573,113.962494
2022-07-22 19:00:00+00:00,0.0,0.0,35.749245,3.6013885,181.59111
2022-07-22 20:00:00+00:00,0.0,0.0,35.17205,4.0816665,210.96368
2022-07-22 21:00:00+00:00,0.0,0.0,35.110413,4.6861496,219.80553
2022-07-22 22:00:00+00:00,0.0,0.0,35.496952,5.3413477,218.15727
2022-07-22 23:00:00+00:00,0.0,0.0,36.536797,6.220129,216.50153
2022-07-23 00:00:00+00:00,0.0,0.0,37.54376,4.9517674,226.63654
2022-07-23 01:00:00+00:00,0.0,0.0,38.728596,5.4037023,231.009
2022-07-23 02:00:00+00:00,0.0,0.0,40.199593,6.8593006,225.59058
2022-07-23 03:00:00+00:00,0.0,0.0,41.289692,7.3600273,233.2857
2022-07-23 04:00:00+00:00,0.0,0.0,42.331528,6.9857,246.3706
2022-07-23 05:00:00+00:00,0.0,0.0,42.916195,6.0876927,255.73544
2022-07-23 06:00:00+00:00,0.0,0.0,42.619682,6.4195013,251.8472
2022-07-23 07:00:00+00:00,0.0,0.0,42.676468,6.2625875,250.40762
2022-07-23 08:00:00+00:00,0.0,0.0,42.37954,5.9665737,256.42953
2022-07-23 09:00:00+00:00,0.0,0.0,42.345676,5.308484,266.76038
2022-07-23 10:00:00+00:00,0.0,0.0,42.73376,3.6249137,245.55606
2022-07-23 11:00:00+00:00,0.0,0.0,39.323246,4.701064,218.08882
2022-07-23 12:00:00+00:00,0.0,0.0,39.929626,3.9812057,244.7223
2022-07-23 13:00:00+00:00,0.0,0.0,36.317215,8.79659,310.38928
2022-07-23 14:00:00+00:00,0.1,0.1,33.71791,7.479305,330.35022
2022-07-23 15:00:00+00:00,0.0,0.0,34.38879,6.0016665,10.560966
2022-07-23 16:00:00+00:00,0.0,0.0,33.695614,6.708204,349.69522
2022-07-23 17:00:00+00:00,0.0,0.0,31.634266,6.865857,347.38068
2022-07-23 18:00:00+00:00,0.0,0.0,31.144768,5.4120235,343.90912
2022-07-23 19:00:00+00:00,0.0,0.0,30.717934,4.5694637,336.8014
2022-07-23 20:00:00+00:00,0.0,0.0,30.321468,3.544009,343.61038
2022-07-23 21:00:00+00:00,0.0,0.0,29.959995,2.6925821,344.93146
2022-07-23 22:00:00+00:00,0.0,0.0,30.624668,2.280351,344.7448
2022-07-23 23:00:00+00:00,0.0,0.0,30.825191,3.001666,330.01843
2022-07-24 00:00:00+00:00,0.0,0.0,31.456055,4.5694637,336.8014
2022-07-24 01:00:00+00:00,0.0,0.0,32.951485,2.8071337,355.91446
2022-07-24 02:00:00+00:00,0.0,0.0,34.279274,2.3086793,355.03033
2022-07-24 03:00:00+00:00,0.0,0.0,36.181572,2.302173,357.5105
2022-07-24 04:00:00+00:00,0.0,0.0,38.681545,1.56205,309.8055
2022-07-24 05:00:00+00:00,0.0,0.0,37.883152,1.2165525,350.53775
2022-07-24 06:00:00+00:00,0.4,0.4,36.285023,3.5805027,324.09018
2022-07-24 07:00:00+00:00,1.0,1.0,35.472847,2.5961509,344.3577
2022-07-24 08:00:00+00:00,0.0,0.0,35.30949,2.5,343.73972
2022-07-24 09:00:00+00:00,0.0,0.0,35.44037,2.2135942,341.56494
2022-07-24 10:00:00+00:00,0.0,0.0,35.021572,2.302173,55.6196
2022-07-24 11:00:00+00:00,0.0,0.0,35.054115,1.7029386,49.76371
2022-07-24 12:00:00+00:00,0.0,0.0,36.19559,2.0024984,92.86235
2022-07-24 13:00:00+00:00,0.0,0.0,34.87155,4.701064,128.08882
2022-07-24 14:00:00+00:00,0.0,0.0,34.72105,4.2190046,121.42952
2022-07-24 15:00:00+00:00,0.0,0.0,34.483017,3.9115214,122.471176
2022-07-24 16:00:00+00:00,1.9,1.9,33.26703,1.9026297,183.01273
2022-07-24 17:00:00+00:00,0.1,0.1,33.398685,1.8439089,130.60121
2022-07-24 18:00:00+00:00,0.1,0.1,33.807205,1.6763055,107.35411
2022-07-24 19:00:00+00:00,0.0,0.0,33.371983,3.1320918,106.699326
2022-07-24 20:00:00+00:00,0.0,0.0,32.687298,2.7892652,104.5345
2022-07-24 21:00:00+00:00,0.0,0.0,32.474514,2.5942245,117.552734
2022-07-24 22:00:00+00:00,0.0,0.0,34.720863,1.8439089,130.60121
2022-07-24 23:00:00+00:00,0.0,0.0,35.205772,1.3416408,116.56499
2022-07-25 00:00:00+00:00,0.0,0.0,36.345264,1.431782,114.775116
2022-07-25 01:00:00+00:00,0.0,0.0,37.353,2.3259406,115.46331
2022-07-25 02:00:00+00:00,0.0,0.0,39.48433,2.0808651,125.21768
2022-07-25 03:00:00+00:00,0.0,0.0,41.15822,1.8027756,123.6901
2022-07-25 04:00:00+00:00,0.0,0.0,42.005398,1.9416488,124.50858
2022-07-25 05:00:00+00:00,0.0,0.0,42.256275,1.4866068,132.27362
2022-07-25 06:00:00+00:00,0.0,0.0,41.499535,1.431782,114.775116
2022-07-25 07:00:00+00:00,0.0,0.0,41.269814,2.4698179,111.3707
2022-07-25 08:00:00+00:00,1.5,1.5,39.200096,1.7804494,141.84273
2022-07-25 09:00:00+00:00,0.0,0.0,39.66039,1.029563,150.9455
2022-07-25 10:00:00+00:00,0.0,0.0,39.922447,1.8027756,93.17977
2022-07-25 11:00:00+00:00,0.0,0.0,37.84312,3.306055,86.531845
2022-07-25 12:00:00+00:00,0.0,0.0,35.400604,1.1401755,195.25517
2022-07-25 13:00:00+00:00,0.0,0.0,34.823067,1.4142135,171.86998
2022-07-25 14:00:00+00:00,0.0,0.0,34.444847,1.9697715,156.0375
2022-07-25 15:00:00+00:00,0.0,0.0,34.6973,0.8062258,209.7448
2022-07-25 16:00:00+00:00,0.0,0.0,33.876865,1.2041595,184.76355
2022-07-25 17:00:00+00:00,0.0,0.0,35.00763,0.9055385,173.6599
2022-07-25 18:00:00+00:00,0.0,0.0,33.488834,1.3152945,188.74608
2022-07-25 19:00:00+00:00,0.0,0.0,34.039104,1.3,180.0
2022-07-25 20:00:00+00:00,0.0,0.0,33.490032,1.7,151.92761
2022-07-25 21:00:00+00:00,0.0,0.0,33.608505,2.607681,147.52882
2022-07-25 22:00:00+00:00,0.0,0.0,33.916477,3.0413814,152.59251
2022-07-25 23:00:00+00:00,0.0,0.0,35.232925,2.9120438,164.05453
2022-07-26 00:00:00+00:00,0.0,0.0,35.2776,2.2022717,182.60251
2022-07-26 01:00:00+00:00,0.0,0.0,36.526005,3.1,180.0
2022-07-26 02:00:00+00:00,0.0,0.0,39.42821,2.2671568,228.57643
2022-07-26 03:00:00+00:00,0.0,0.0,41.77253,1.3038405,237.52882
2022-07-26 04:00:00+00:00,0.0,0.0,43.545963,1.1661904,210.96368
2022-07-26 05:00:00+00:00,0.0,0.0,44.524834,1.5,233.13002
2022-07-26 06:00:00+00:00,0.0,0.0,43.366135,3.3286633,212.73521
2022-07-26 07:00:00+00:00,0.0,0.0,42.884506,1.3928387,201.03758
2022-07-26 08:00:00+00:00,0.0,0.0,39.78035,3.8418746,231.34016
2022-07-26 09:00:00+00:00,0.0,0.0,40.37104,3.1064448,183.69131
2022-07-26 10:00:00+00:00,0.0,0.0,40.071995,4.104875,145.92276
2022-07-26 11:00:00+00:00,0.0,0.0,38.72559,4.5177426,152.30061
2022-07-26 12:00:00+00:00,0.0,0.0,35.673122,3.0413814,62.59251
2022-07-26 13:00:00+00:00,0.0,0.0,36.270573,0.7615773,66.801384
2022-07-26 14:00:00+00:00,0.0,0.0,34.77453,1.8384775,135.0001
2022-07-26 15:00:00+00:00,0.0,0.0,33.79395,3.640055,159.07542
2022-07-26 16:00:00+00:00,0.0,0.0,33.460785,3.667424,191.0035
2022-07-26 17:00:00+00:00,0.0,0.0,32.914387,2.2671568,228.57643
2022-07-26 18:00:00+00:00,0.0,0.0,33.093452,2.0024984,267.13766
2022-07-26 19:00:00+00:00,0.0,0.0,33.361362,1.6970563,315.0001
2022-07-26 20:00:00+00:00,0.0,0.0,34.424057,0.9433981,32.005356
2022-07-26 21:00:00+00:00,0.0,0.0,32.88933,1.421267,50.710617
2022-07-26 22:00:00+00:00,0.0,0.0,34.533577,1.9697715,66.037506
2022-07-26 23:00:00+00:00,0.0,0.0,35.338436,1.9924859,72.47434
2022-07-27 00:00:00+00:00,0.0,0.0,35.85987,1.3416408,63.435013
2022-07-27 01:00:00+00:00,0.0,0.0,37.02037,1.4317821,77.90526
2022-07-27 02:00:00+00:00,0.0,0.0,39.22868,1.2083046,114.44395
2022-07-27 03:00:00+00:00,0.0,0.0,41.411846,1.104536,84.805664
2022-07-27 04:00:00+00:00,0.0,0.0,42.582638,1.2041595,355.23645
2022-07-27 05:00:00+00:00,0.0,0.0,42.90843,0.7615773,336.8014
2022-07-27 06:00:00+00:00,0.0,0.0,42.14682,0.6324555,71.564964
2022-07-27 07:00:00+00:00,0.5,0.5,41.36166,0.7211103,146.3099
2022-07-27 08:00:00+00:00,0.0,0.0,38.762913,2.8017852,357.95462
2022-07-27 09:00:00+00:00,0.0,0.0,39.40729,1.7117243,83.29026
2022-07-27 10:00:00+00:00,0.0,0.0,38.78172,3.710795,165.96373
2022-07-27 11:00:00+00:00,0.0,0.0,37.188824,4.3462625,203.02553
2022-07-27 12:00:00+00:00,0.0,0.0,34.246445,7.392564,293.09686
2022-07-27 13:00:00+00:00,2.3,2.3,36.427425,0.31622776,198.43504
2022-07-27 14:00:00+00:00,0.7,0.7,36.15863,0.5830952,210.96368
2022-07-27 15:00:00+00:00,0.0,0.0,35.155903,2.4515302,191.76826
2022-07-27 16:00:00+00:00,0.0,0.0,34.42015,3.905125,182.93561
2022-07-27 17:00:00+00:00,0.0,0.0,34.002674,3.757659,205.2011
2022-07-27 18:00:00+00:00,0.0,0.0,33.423397,2.842534,219.28938
2022-07-27 19:00:00+00:00,0.0,0.0,33.02057,2.7892652,194.5345
2022-07-27 20:00:00+00:00,0.0,0.0,32.923866,3.4014704,181.68465
2022-07-27 21:00:00+00:00,0.0,0.0,32.734974,4.002499,192.99461
2022-07-27 22:00:00+00:00,0.0,0.0,33.602493,2.9546573,203.9625
2022-07-27 23:00:00+00:00,0.0,0.0,34.501984,1.9646883,194.7436
2022-07-28 00:00:00+00:00,0.0,0.0,35.144787,2.6907248,131.98714
2022-07-28 01:00:00+00:00,0.0,0.0,36.27471,2.6870058,135.0001
2022-07-28 02:00:00+00:00,0.0,0.0,39.126072,2.2472205,147.72438
2022-07-28 03:00:00+00:00,0.0,0.0,41.863487,2.0,143.13002
2022-07-28 04:00:00+00:00,0.0,0.0,43.84726,1.5,143.13002
2022-07-28 05:00:00+00:00,0.0,0.0,44.166733,2.1633308,146.3099
2022-07-28 06:00:00+00:00,0.0,0.0,43.555767,2.2671568,131.42357
2022-07-28 07:00:00+00:00,0.0,0.0,42.379677,3.2572994,107.87879
2022-07-28 08:00:00+00:00,0.3,0.3,41.49964,3.026549,82.40546
2022-07-28 09:00:00+00:00,0.0,0.0,40.724583,3.4014704,88.31535
2022-07-28 10:00:00+00:00,0.0,0.0,39.53137,4.8052053,77.98855
2022-07-28 11:00:00+00:00,0.0,0.0,37.648857,5.8694124,66.929565
2022-07-28 12:00:00+00:00,0.0,0.0,39.390694,2.624881,49.635548
2022-07-28 13:00:00+00:00,0.0,0.0,34.897625,5.5569777,329.74365
2022-07-28 14:00:00+00:00,0.0,0.0,36.058212,2.2,360.0
2022-07-28 15:00:00+00:00,0.0,0.0,34.587708,4.14367,261.67444
2022-07-28 16:00:00+00:00,0.0,0.0,33.820614,4.0853395,248.45895
2022-07-28 17:00:00+00:00,0.0,0.0,34.06494,2.7202942,216.02747
2022-07-28 18:00:00+00:00,0.0,0.0,33.81485,3.0232434,145.78424
2022-07-28 19:00:00+00:00,0.0,0.0,33.083305,5.240229,131.90585
2022-07-28 20:00:00+00:00,0.0,0.0,31.86375,5.249762,139.63554
2022-07-28 21:00:00+00:00,0.0,0.0,31.137634,5.9548297,130.91429
2022-07-28 22:00:00+00:00,0.0,0.0,31.574188,6.351378,123.43989
2022-07-28 23:00:00+00:00,0.0,0.0,32.302315,5.283938,119.4758
2022-07-29 00:00:00+00:00,0.0,0.0,33.56537,5.27731,117.05052
2022-07-29 01:00:00+00:00,0.0,0.0,34.664288,4.846648,111.80147
2022-07-29 02:00:00+00:00,0.0,0.0,36.499184,5.3935146,100.68486
2022-07-29 03:00:00+00:00,0.0,0.0,37.937233,5.6435804,97.12492
2022-07-29 04:00:00+00:00,0.0,0.0,39.23757,5.10392,92.2457
2022-07-29 05:00:00+00:00,0.0,0.0,39.286694,5.622277,95.10208
2022-07-29 06:00:00+00:00,0.0,0.0,38.01834,7.406079,92.32148
2022-07-29 07:00:00+00:00,0.0,0.0,36.68145,6.618912,85.66777
2022-07-29 08:00:00+00:00,0.0,0.0,36.996174,6.8359346,84.1227
2022-07-29 09:00:00+00:00,0.1,0.1,35.34028,7.653104,83.24652
2022-07-29 10:00:00+00:00,0.0,0.0,35.06704,7.9246454,79.824554
2022-07-29 11:00:00+00:00,0.0,0.0,34.19237,8.668333,78.6901
2022-07-29 12:00:00+00:00,0.0,0.0,34.365303,7.955501,75.43969
2022-07-29 13:00:00+00:00,0.0,0.0,34.679707,6.395311,80.09588
2022-07-29 14:00:00+00:00,0.0,0.0,34.21278,7.0028567,91.63654
2022-07-29 15:00:00+00:00,0.0,0.0,33.778145,7.0611615,102.26476
2022-07-29 16:00:00+00:00,0.0,0.0,33.332504,7.17844,108.68745
2022-07-29 17:00:00+00:00,0.0,0.0,33.34891,6.109828,111.10492
2022-07-29 18:00:00+00:00,0.0,0.0,33.334297,5.1923018,105.64231
2022-07-29 19:00:00+00:00,0.0,0.0,33.264275,5.1195703,102.40741
2022-07-29 20:00:00+00:00,0.0,0.0,33.03471,4.2579336,99.46225
2022-07-29 21:00:00+00:00,0.0,0.0,32.661682,4.539824,97.59455
2022-07-29 22:00:00+00:00,0.0,0.0,33.46623,3.224903,97.12492
2022-07-29 23:00:00+00:00,0.0,0.0,34.078667,3.206244,93.57626
2022-07-30 00:00:00+00:00,0.0,0.0,33.85667,3.8078864,60.068577
2022-07-30 01:00:00+00:00,0.2,0.2,35.423874,2.4166093,65.55606
2022-07-30 02:00:00+00:00,0.1,0.1,37.04923,3.231099,68.19853
2022-07-30 03:00:00+00:00,0.1,0.1,38.488876,3.0413814,62.59251
2022-07-30 04:00:00+00:00,0.1,0.1,39.531532,2.842534,50.710617
2022-07-30 05:00:00+00:00,1.4,1.4,37.803463,3.1320918,73.300674
2022-07-30 06:00:00+00:00,6.5,6.5,34.112797,3.4132097,58.1726
2022-07-30 07:00:00+00:00,0.1,0.1,36.469463,1.6401219,52.431335
2022-07-30 08:00:00+00:00,0.0,0.0,36.512356,3.0870697,65.09527
2022-07-30 09:00:00+00:00,0.4,0.4,36.489388,2.886174,75.96373
2022-07-30 10:00:00+00:00,1.4,1.4,35.27865,2.3086793,94.96966
2022-07-30 11:00:00+00:00,0.0,0.0,35.56364,0.89442724,116.56499
2022-07-30 12:00:00+00:00,0.0,0.0,35.882954,2.6172504,43.451904
2022-07-30 13:00:00+00:00,0.0,0.0,35.150013,3.001666,29.981556
2022-07-30 14:00:00+00:00,0.0,0.0,34.790653,2.8319604,42.13753
2022-07-30 15:00:00+00:00,0.0,0.0,34.271492,2.059126,29.054508
2022-07-30 16:00:00+00:00,0.0,0.0,34.07694,1.868154,344.47583
2022-07-30 17:00:00+00:00,0.0,0.0,33.731407,3.5468295,338.4985
2022-07-30 18:00:00+00:00,0.0,0.0,32.865425,4.86621,350.53775
2022-07-30 19:00:00+00:00,0.0,0.0,32.490013,4.2107005,355.91446
2022-07-30 20:00:00+00:00,0.0,0.0,31.680386,2.6683328,347.00537
2022-07-30 21:00:00+00:00,0.0,0.0,31.543144,2.3600848,323.61554
2022-07-30 22:00:00+00:00,0.0,0.0,32.524143,2.4758837,316.63654
2022-07-30 23:00:00+00:00,0.0,0.0,33.55504,2.0518284,313.0251
2022-07-31 00:00:00+00:00,0.0,0.0,34.79986,2.0808651,305.21768
2022-07-31 01:00:00+00:00,0.1,0.1,35.192856,3.7013512,308.4181
2022-07-31 02:00:00+00:00,0.1,0.1,35.93595,4.318565,312.18436
2022-07-31 03:00:00+00:00,0.0,0.0,37.465134,4.327817,310.31403
2022-07-31 04:00:00+00:00,0.1,0.1,39.08552,4.313931,315.9391
2022-07-31 05:00:00+00:00,0.0,0.0,40.082893,4.110961,318.94528
2022-07-31 06:00:00+00:00,0.0,0.0,38.94567,4.382921,325.2221
2022-07-31 07:00:00+00:00,0.0,0.0,38.30338,4.4102154,327.03058
2022-07-31 08:00:00+00:00,0.0,0.0,38.570896,4.0496917,327.09476
2022-07-31 09:00:00+00:00,0.0,0.0,38.097073,4.701064,321.91116
2022-07-31 10:00:00+00:00,0.0,0.0,37.676674,4.472136,333.43503
2022-07-31 11:00:00+00:00,0.0,0.0,37.123653,2.5495098,348.6901
2022-07-31 12:00:00+00:00,0.0,0.0,37.21651,1.7,360.0
2022-07-31 13:00:00+00:00,0.0,0.0,36.452805,1.7204651,324.46225
2022-07-31 14:00:00+00:00,0.0,0.0,35.302246,1.9646883,284.74362
2022-07-31 15:00:00+00:00,0.0,0.0,35.531845,1.9235384,297.8972
2022-07-31 16:00:00+00:00,0.0,0.0,35.022957,1.8439089,257.4712
2022-07-31 17:00:00+00:00,0.0,0.0,34.579033,2.1633308,213.6901
2022-07-31 18:00:00+00:00,0.0,0.0,34.07573,2.745906,236.88864
2022-07-31 19:00:00+00:00,0.0,0.0,33.892944,3.2557642,280.6196
2022-07-31 20:00:00+00:00,0.0,0.0,33.380157,3.6878178,310.60123
2022-07-31 21:00:00+00:00,0.0,0.0,33.070583,3.6619666,325.0079
2022-07-31 22:00:00+00:00,0.0,0.0,33.73125,3.104835,345.06854
2022-07-31 23:00:00+00:00,0.0,0.0,34.63904,2.209072,5.19435
2022-08-01 00:00:00+00:00,0.0,0.0,36.33781,1.0770329,338.19852
2022-08-01 01:00:00+00:00,0.1,0.1,37.542065,1.555635,315.0001
2022-08-01 02:00:00+00:00,0.1,0.1,39.273834,1.9104972,312.8789
2022-08-01 03:00:00+00:00,0.1,0.1,41.01363,1.6278821,312.5104
2022-08-01 04:00:00+00:00,0.0,0.0,41.361977,1.3601471,323.97253
2022-08-01 05:00:00+00:00,0.0,0.0,41.579998,1.2041595,355.23645
2022-08-01 06:00:00+00:00,0.0,0.0,40.806683,0.86023253,35.537766
2022-08-01 07:00:00+00:00,0.0,0.0,41.581738,0.89442724,26.564985
2022-08-01 08:00:00+00:00,2.2,2.2,39.067467,1.3152945,278.74606
2022-08-01 09:00:00+00:00,2.9,2.9,36.47378,2.8844411,303.6901
2022-08-01 10:00:00+00:00,0.3,0.3,37.00413,1.0,36.86999
2022-08-01 11:00:00+00:00,0.1,0.1,36.716537,2.1400933,37.405437
2022-08-01 12:00:00+00:00,0.0,0.0,36.301895,3.2015622,104.47034
2022-08-01 13:00:00+00:00,0.0,0.0,36.547382,3.5,90.0
2022-08-01 14:00:00+00:00,0.0,0.0,36.621128,4.3737855,100.53913
2022-08-01 15:00:00+00:00,0.0,0.0,36.1131,4.472136,153.43501
