date,rain,precipitation,apparent_temperature,wind_speed_100m,wind_direction_100m
2022-07-31 16:00:00+00:00,1.1,1.1,32.14964,2.376973,22.249071
2022-07-31 17:00:00+00:00,0.2,0.2,31.651287,1.9723083,120.46546
2022-07-31 18:00:00+00:00,0.0,0.0,32.222206,0.781025,230.19447
2022-07-31 19:00:00+00:00,0.0,0.0,31.901672,2.4186773,277.1249
2022-07-31 20:00:00+00:00,0.0,0.0,31.409904,3.640055,290.92456
2022-07-31 21:00:00+00:00,0.0,0.0,31.269085,4.4418464,301.1849
2022-07-31 22:00:00+00:00,0.0,0.0,31.972195,4.9406476,305.9422
2022-07-31 23:00:00+00:00,0.0,0.0,33.23368,3.4205263,307.87503
2022-08-01 00:00:00+00:00,0.0,0.0,34.61716,3.3120992,298.88647
2022-08-01 01:00:00+00:00,0.0,0.0,35.54275,4.248529,296.56497
2022-08-01 02:00:00+00:00,0.0,0.0,37.250885,4.632494,302.6609
2022-08-01 03:00:00+00:00,0.0,0.0,38.463924,4.384062,315.0001
2022-08-01 04:00:00+00:00,0.0,0.0,39.797718,4.5343137,318.57642
2022-08-01 05:00:00+00:00,0.0,0.0,40.273006,4.9406476,324.0578
2022-08-01 06:00:00+00:00,0.0,0.0,40.012184,4.197618,347.61926
2022-08-01 07:00:00+00:00,0.0,0.0,38.95376,3.7,360.0
2022-08-01 08:00:00+00:00,0.0,0.0,38.07334,3.0528674,31.607454
2022-08-01 09:00:00+00:00,0.4,0.4,35.563694,6.2128897,93.691315
2022-08-01 10:00:00+00:00,1.0,1.0,35.13942,4.8764744,118.14151
2022-08-01 11:00:00+00:00,0.0,0.0,34.961437,4.651881,115.46331
2022-08-01 12:00:00+00:00,0.0,0.0,34.249866,5.8137765,116.56499
2022-08-01 13:00:00+00:00,0.0,0.0,33.6722,6.5795135,133.1524
2022-08-01 14:00:00+00:00,0.0,0.0,32.905533,7.4027023,141.58191
2022-08-01 15:00:00+00:00,0.0,0.0,32.153976,6.268173,146.05637
2022-08-01 16:00:00+00:00,0.0,0.0,32.031345,5.714018,147.14429
2022-08-01 17:00:00+00:00,0.0,0.0,32.38333,6.074537,147.09476
2022-08-01 18:00:00+00:00,0.0,0.0,32.91794,5.3225937,154.39786
2022-08-01 19:00:00+00:00,0.0,0.0,33.481686,4.5694637,156.80139
2022-08-01 20:00:00+00:00,0.0,0.0,33.909603,4.2059484,151.60707
2022-08-01 21:00:00+00:00,0.0,0.0,33.869267,4.6647615,149.03632
2022-08-01 22:00:00+00:00,0.0,0.0,34.818413,4.2059484,151.60707
2022-08-01 23:00:00+00:00,0.0,0.0,36.06455,3.6400552,142.81522
2022-08-02 00:00:00+00:00,0.1,0.1,37.4802,4.2520585,138.81418
2022-08-02 01:00:00+00:00,0.2,0.2,38.46089,3.9597979,135.0001
2022-08-02 02:00:00+00:00,3.0,3.0,37.260193,5.0990195,138.17992
2022-08-02 03:00:00+00:00,0.0,0.0,39.19979,4.3416586,141.54626
2022-08-02 04:00:00+00:00,0.0,0.0,40.844875,4.632494,147.3391
2022-08-02 05:00:00+00:00,0.1,0.1,39.337006,5.8591805,152.56036
2022-08-02 06:00:00+00:00,0.5,0.5,39.126163,5.5,143.13002
2022-08-02 07:00:00+00:00,0.5,0.5,37.45494,6.466065,140.64827
2022-08-02 08:00:00+00:00,0.4,0.4,36.55237,7.4060783,145.45157
2022-08-02 09:00:00+00:00,0.0,0.0,35.963676,7.2111025,146.3099
2022-08-02 10:00:00+00:00,0.0,0.0,35.14033,6.92026,142.63326
2022-08-02 11:00:00+00:00,0.0,0.0,34.706158,6.652819,137.43669
2022-08-02 12:00:00+00:00,0.0,0.0,34.80757,6.868042,137.95085
2022-08-02 13:00:00+00:00,0.0,0.0,34.513954,7.093659,139.574
2022-08-02 14:00:00+00:00,0.0,0.0,34.537964,6.3890533,140.07967
2022-08-02 15:00:00+00:00,0.0,0.0,33.99049,6.8007355,143.97253
2022-08-02 16:00:00+00:00,0.0,0.0,33.816204,6.6287255,146.07016
2022-08-02 17:00:00+00:00,0.0,0.0,33.718098,6.140033,149.67648
2022-08-02 18:00:00+00:00,0.0,0.0,33.499462,6.053924,149.19862
2022-08-02 19:00:00+00:00,0.0,0.0,33.265385,6.264982,151.38963
2022-08-02 20:00:00+00:00,0.0,0.0,33.11291,6.264982,151.38963
2022-08-02 21:00:00+00:00,0.0,0.0,32.893887,6.441273,152.24155
2022-08-02 22:00:00+00:00,0.0,0.0,33.166805,6.44748,156.21796
2022-08-02 23:00:00+00:00,0.0,0.0,34.169777,6.074537,159.77505
2022-08-03 00:00:00+00:00,0.0,0.0,35.438766,5.9464273,160.34608
2022-08-03 01:00:00+00:00,0.0,0.0,36.444275,5.9135437,161.25856
2022-08-03 02:00:00+00:00,0.0,0.0,37.73777,5.9481087,163.39294
2022-08-03 03:00:00+00:00,0.0,0.0,38.949974,6.2361846,164.18074
2022-08-03 04:00:00+00:00,0.0,0.0,39.503204,6.6483083,164.2913
2022-08-03 05:00:00+00:00,0.0,0.0,39.21521,7.18401,163.83543
2022-08-03 06:00:00+00:00,0.0,0.0,38.862408,7.3375745,162.55272
2022-08-03 07:00:00+00:00,0.0,0.0,38.09422,7.5239615,156.50142
2022-08-03 08:00:00+00:00,0.0,0.0,36.97534,7.529276,149.68887
2022-08-03 09:00:00+00:00,0.0,0.0,35.82106,7.823043,147.52882
2022-08-03 10:00:00+00:00,0.0,0.0,34.72311,7.545197,145.25676
2022-08-03 11:00:00+00:00,0.0,0.0,34.355785,7.017834,139.04459
2022-08-03 12:00:00+00:00,0.0,0.0,34.88319,6.4202805,127.40543
2022-08-03 13:00:00+00:00,0.0,0.0,34.208138,7.7201037,143.42688
2022-08-03 14:00:00+00:00,0.0,0.0,33.537636,9.037699,155.13632
2022-08-03 15:00:00+00:00,0.0,0.0,33.504967,8.430896,157.69374
2022-08-03 16:00:00+00:00,0.0,0.0,33.076412,9.052072,163.96759
2022-08-03 17:00:00+00:00,0.0,0.0,32.784546,9.178235,168.69011
2022-08-03 18:00:00+00:00,0.0,0.0,32.711117,8.811923,170.85843
2022-08-03 19:00:00+00:00,0.0,0.0,32.517124,8.570881,172.62633
2022-08-03 20:00:00+00:00,0.0,0.0,32.456905,8.260751,173.04713
2022-08-03 21:00:00+00:00,0.0,0.0,32.254772,8.050466,173.58131
2022-08-03 22:00:00+00:00,0.0,0.0,33.004093,7.632169,174.7377
2022-08-03 23:00:00+00:00,0.0,0.0,34.036484,6.8359346,174.1227
2022-08-04 00:00:00+00:00,0.0,0.0,35.35312,6.7,180.0
2022-08-04 01:00:00+00:00,0.0,0.0,36.33414,6.8066144,182.52606
2022-08-04 02:00:00+00:00,0.0,0.0,37.972275,7.200694,180.7957
2022-08-04 03:00:00+00:00,0.0,0.0,39.02934,7.7006493,180.74405
2022-08-04 04:00:00+00:00,0.0,0.0,39.839016,7.900633,180.7252
2022-08-04 05:00:00+00:00,0.0,0.0,40.270824,7.900633,180.7252
2022-08-04 06:00:00+00:00,0.0,0.0,40.179302,8.000625,179.28386
2022-08-04 07:00:00+00:00,0.0,0.0,39.652634,8.321658,175.8654
2022-08-04 08:00:00+00:00,0.0,0.0,38.438156,8.203658,170.88222
2022-08-04 09:00:00+00:00,0.0,0.0,37.417736,8.516455,164.33177
2022-08-04 10:00:00+00:00,0.0,0.0,35.964523,8.825531,160.12773
2022-08-04 11:00:00+00:00,0.0,0.0,34.863834,9.693296,158.19853
2022-08-04 12:00:00+00:00,0.0,0.0,35.338516,8.7464285,157.8336
2022-08-04 13:00:00+00:00,0.0,0.0,35.158054,8.766413,159.29088
2022-08-04 14:00:00+00:00,0.0,0.0,35.06528,8.25409,160.90642
2022-08-04 15:00:00+00:00,0.0,0.0,35.02761,8.440379,166.29301
2022-08-04 16:00:00+00:00,0.0,0.0,34.87427,8.614523,170.6471
2022-08-04 17:00:00+00:00,0.0,0.0,34.473858,8.514693,176.6336
2022-08-04 18:00:00+00:00,0.0,0.0,33.707493,8.20975,182.79265
2022-08-04 19:00:00+00:00,0.0,0.0,33.20428,7.9630394,187.21417
2022-08-04 20:00:00+00:00,0.0,0.0,32.921425,7.368175,187.8001
2022-08-04 21:00:00+00:00,0.0,0.0,32.825382,6.747592,186.80896
2022-08-04 22:00:00+00:00,0.0,0.0,33.44889,6.5276337,185.2738
2022-08-04 23:00:00+00:00,0.0,0.0,34.474773,5.714018,184.0141
2022-08-05 00:00:00+00:00,0.0,0.0,36.5273,5.2952805,190.88548
2022-08-05 01:00:00+00:00,0.0,0.0,38.34043,5.3600373,194.03627
2022-08-05 02:00:00+00:00,0.0,0.0,40.729473,5.1923018,195.6423
2022-08-05 03:00:00+00:00,0.0,0.0,42.54941,4.661545,202.71445
2022-08-05 04:00:00+00:00,0.0,0.0,43.98403,3.758989,208.61037
2022-08-05 05:00:00+00:00,0.0,0.0,44.739494,3.522783,214.59235
2022-08-05 06:00:00+00:00,0.0,0.0,44.6793,3.1144822,222.39738
2022-08-05 07:00:00+00:00,0.0,0.0,43.975266,2.5612497,218.65984
2022-08-05 08:00:00+00:00,0.0,0.0,43.403362,1.8867962,212.00534
2022-08-05 09:00:00+00:00,0.5,0.5,40.87981,3.352611,197.35411
2022-08-05 10:00:00+00:00,0.1,0.1,40.443375,2.5632012,200.55612
2022-08-05 11:00:00+00:00,0.0,0.0,38.80177,4.4271884,161.56496
2022-08-05 12:00:00+00:00,0.0,0.0,37.937744,6.2128897,146.82147
2022-08-05 13:00:00+00:00,0.0,0.0,37.579258,6.2649817,155.48038
2022-08-05 14:00:00+00:00,0.0,0.0,37.464745,5.456189,153.90463
2022-08-05 15:00:00+00:00,0.0,0.0,37.115395,4.8703184,160.82089
2022-08-05 16:00:00+00:00,0.0,0.0,36.8456,5.707889,176.98727
2022-08-05 17:00:00+00:00,0.0,0.0,36.534946,5.3712196,208.9509
2022-08-05 18:00:00+00:00,0.0,0.0,36.490067,4.5803933,233.88057
2022-08-05 19:00:00+00:00,0.0,0.0,35.943977,3.6249137,245.55606
2022-08-05 20:00:00+00:00,0.0,0.0,35.21499,3.7854989,257.79956
2022-08-05 21:00:00+00:00,0.0,0.0,34.881416,3.667424,258.9965
2022-08-05 22:00:00+00:00,0.0,0.0,34.786316,4.531004,247.96371
2022-08-05 23:00:00+00:00,0.0,0.0,36.63709,2.5961509,254.3577
2022-08-06 00:00:00+00:00,0.0,0.0,36.048237,4.4271884,288.43503
2022-08-06 01:00:00+00:00,0.0,0.0,36.732414,3.0594118,281.3099
2022-08-06 02:00:00+00:00,0.1,0.1,41.275608,3.4176016,290.55612
2022-08-06 03:00:00+00:00,1.8,1.8,39.89966,4.883646,349.3804
2022-08-06 04:00:00+00:00,0.0,0.0,39.680836,0.53851646,338.19852
2022-08-06 05:00:00+00:00,0.4,0.4,38.329517,1.4560219,164.05453
2022-08-06 06:00:00+00:00,0.0,0.0,39.97498,0.98994946,44.999897
2022-08-06 07:00:00+00:00,0.0,0.0,40.95816,0.60827625,80.53775
2022-08-06 08:00:00+00:00,0.0,0.0,41.054165,1.4866068,132.27362
2022-08-06 09:00:00+00:00,0.0,0.0,40.417576,2.5455844,135.0001
2022-08-06 10:00:00+00:00,0.7,0.7,39.41276,2.376973,165.37909
2022-08-06 11:00:00+00:00,0.0,0.0,38.367382,4.4045434,182.60251
2022-08-06 12:00:00+00:00,0.0,0.0,36.165604,3.905125,177.06439
2022-08-06 13:00:00+00:00,0.0,0.0,35.033245,5.080354,190.20392
2022-08-06 14:00:00+00:00,0.0,0.0,34.853992,5.2201533,200.17073
2022-08-06 15:00:00+00:00,0.0,0.0,34.844204,4.738143,187.27492
2022-08-06 16:00:00+00:00,0.0,0.0,34.989536,4.535416,194.03627
2022-08-06 17:00:00+00:00,0.0,0.0,34.66464,4.850773,194.32275
2022-08-06 18:00:00+00:00,0.0,0.0,34.395233,5.5470715,213.9766
2022-08-06 19:00:00+00:00,0.0,0.0,33.45264,5.742821,215.07384
2022-08-06 20:00:00+00:00,0.0,0.0,32.650597,5.0159745,203.49858
2022-08-06 21:00:00+00:00,0.0,0.0,31.92237,5.903389,190.73885
2022-08-06 22:00:00+00:00,0.0,0.0,32.431377,7.0035706,189.86574
2022-08-06 23:00:00+00:00,0.0,0.0,34.51986,5.6753855,194.28113
2022-08-07 00:00:00+00:00,0.0,0.0,35.854763,5.2038445,182.20255
2022-08-07 01:00:00+00:00,0.0,0.0,37.084763,5.414795,184.23631
2022-08-07 02:00:00+00:00,0.0,0.0,38.70459,5.656854,188.13002
2022-08-07 03:00:00+00:00,0.0,0.0,39.888416,6.1188235,191.30989
2022-08-07 04:00:00+00:00,0.0,0.0,40.781395,5.731492,186.00891
2022-08-07 05:00:00+00:00,0.0,0.0,41.347244,5.308484,183.23964
2022-08-07 06:00:00+00:00,0.0,0.0,41.418438,5.124451,185.59924
2022-08-07 07:00:00+00:00,0.0,0.0,40.471222,5.5226803,185.19434
2022-08-07 08:00:00+00:00,0.0,0.0,38.744896,6.500769,180.88138
2022-08-07 09:00:00+00:00,0.0,0.0,38.125763,7.334848,168.9965
2022-08-07 10:00:00+00:00,0.0,0.0,37.335835,7.884795,164.55362
2022-08-07 11:00:00+00:00,0.0,0.0,36.302982,8.888757,162.99197
2022-08-07 12:00:00+00:00,0.0,0.0,36.72775,7.291776,154.84073
2022-08-07 13:00:00+00:00,0.0,0.0,36.01452,8.637709,159.67677
2022-08-07 14:00:00+00:00,0.0,0.0,35.255325,9.895453,165.96373
2022-08-07 15:00:00+00:00,0.0,0.0,35.144775,9.786726,172.36676
2022-08-07 16:00:00+00:00,0.0,0.0,34.674446,9.254189,173.79665
2022-08-07 17:00:00+00:00,0.0,0.0,34.073357,8.900561,179.35626
2022-08-07 18:00:00+00:00,0.0,0.0,33.17032,8.802273,178.69807
2022-08-07 19:00:00+00:00,0.0,0.0,32.541084,8.700575,179.34148
2022-08-07 20:00:00+00:00,0.0,0.0,32.05201,8.409518,182.72626
2022-08-07 21:00:00+00:00,0.0,0.0,31.682693,8.000625,180.71614
2022-08-07 22:00:00+00:00,0.0,0.0,32.125767,8.005623,177.85246
2022-08-07 23:00:00+00:00,0.0,0.0,33.33489,7.5239615,175.42616
2022-08-08 00:00:00+00:00,0.0,0.0,34.670345,7.5059977,177.70944
2022-08-08 01:00:00+00:00,0.0,0.0,35.727264,7.5006666,180.76389
2022-08-08 02:00:00+00:00,0.0,0.0,37.57699,7.1175838,184.02818
2022-08-08 03:00:00+00:00,0.0,0.0,39.35144,6.2513995,187.35228
2022-08-08 04:00:00+00:00,0.0,0.0,40.352787,6.419502,184.46707
2022-08-08 05:00:00+00:00,0.0,0.0,40.64159,6.600757,180.86803
2022-08-08 06:00:00+00:00,0.0,0.0,40.131668,7.1344237,174.36942
2022-08-08 07:00:00+00:00,0.0,0.0,39.11913,7.119691,169.47926
2022-08-08 08:00:00+00:00,0.0,0.0,37.716076,7.495332,166.8908
2022-08-08 09:00:00+00:00,0.0,0.0,36.79017,8.036168,163.36897
2022-08-08 10:00:00+00:00,0.0,0.0,35.90493,8.234683,155.61363
2022-08-08 11:00:00+00:00,0.0,0.0,34.816414,9.078547,153.15279
2022-08-08 12:00:00+00:00,0.0,0.0,34.380333,8.989438,152.86494
2022-08-08 13:00:00+00:00,0.0,0.0,34.41119,8.508819,156.44772
2022-08-08 14:00:00+00:00,0.0,0.0,34.20545,8.759566,161.35811
2022-08-08 15:00:00+00:00,0.0,0.0,33.865604,9.472592,169.04597
2022-08-08 16:00:00+00:00,0.0,0.0,33.33517,10.0841465,172.59319
2022-08-08 17:00:00+00:00,0.0,0.0,33.276703,9.542536,174.58823
2022-08-08 18:00:00+00:00,0.0,0.0,32.892735,9.542536,174.58823
2022-08-08 19:00:00+00:00,0.0,0.0,32.808746,9.008884,177.45525
2022-08-08 20:00:00+00:00,0.0,0.0,32.460575,8.802273,178.69807
2022-08-08 21:00:00+00:00,0.0,0.0,32.340145,8.400595,180.68204
2022-08-08 22:00:00+00:00,0.0,0.0,32.9224,7.800641,180.7345
2022-08-08 23:00:00+00:00,0.0,0.0,33.640923,7.106335,182.41946
2022-08-09 00:00:00+00:00,0.0,0.0,35.037968,6.6370173,186.0541
2022-08-09 01:00:00+00:00,0.0,0.0,36.301697,6.8883963,189.18877
2022-08-09 02:00:00+00:00,0.0,0.0,38.367836,6.6490602,192.15492
2022-08-09 03:00:00+00:00,0.0,0.0,40.011642,6.356886,199.29015
2022-08-09 04:00:00+00:00,0.0,0.0,41.425148,5.769748,205.67677
2022-08-09 05:00:00+00:00,0.0,0.0,41.66194,5.1478148,204.0755
2022-08-09 06:00:00+00:00,0.0,0.0,41.198917,5.6435804,187.12492
2022-08-09 07:00:00+00:00,0.0,0.0,40.68253,6.3007936,180.90936
2022-08-09 08:00:00+00:00,0.0,0.0,39.383347,5.9135437,176.12155
2022-08-09 09:00:00+00:00,0.0,0.0,38.471355,6.0016665,169.43904
2022-08-09 10:00:00+00:00,0.0,0.0,37.467037,7.17844,161.31256
2022-08-09 11:00:00+00:00,0.0,0.0,36.26026,7.984986,157.93205
2022-08-09 12:00:00+00:00,0.0,0.0,35.38191,8.415462,159.8423
2022-08-09 13:00:00+00:00,0.0,0.0,35.23688,8.190848,162.22859
2022-08-09 14:00:00+00:00,0.0,0.0,34.772484,8.5440035,163.68607
2022-08-09 15:00:00+00:00,0.0,0.0,34.505272,8.6122,167.25471
2022-08-09 16:00:00+00:00,0.0,0.0,34.396484,8.318653,170.31128
2022-08-09 17:00:00+00:00,0.0,0.0,33.935276,9.453041,173.92764
2022-08-09 18:00:00+00:00,0.0,0.0,33.52767,9.426027,175.74124
2022-08-09 19:00:00+00:00,0.0,0.0,32.993317,9.002222,181.273
2022-08-09 20:00:00+00:00,0.0,0.0,32.862396,8.030566,185.00055
2022-08-09 21:00:00+00:00,0.0,0.0,32.645542,7.4330344,185.4037
2022-08-09 22:00:00+00:00,0.0,0.0,33.160442,7.324616,184.6986
2022-08-09 23:00:00+00:00,0.0,0.0,34.14871,6.3505907,187.23683
2022-08-10 00:00:00+00:00,0.0,0.0,35.72553,5.508176,195.80258
2022-08-10 01:00:00+00:00,0.0,0.0,37.43949,4.8703184,199.17911
2022-08-10 02:00:00+00:00,0.0,0.0,39.200592,4.651881,205.4633
2022-08-10 03:00:00+00:00,0.0,0.0,41.662598,4.0,216.86998
2022-08-10 04:00:00+00:00,0.0,0.0,43.293423,3.0,233.13002
2022-08-10 05:00:00+00:00,0.0,0.0,42.865246,2.9410884,234.6887
2022-08-10 06:00:00+00:00,0.1,0.1,43.37968,2.0248458,237.09476
2022-08-10 07:00:00+00:00,0.0,0.0,42.807995,2.2825425,208.8107
2022-08-10 08:00:00+00:00,1.7,1.7,39.82403,5.2952805,169.11452
2022-08-10 09:00:00+00:00,0.3,0.3,38.722816,5.9135437,161.25856
2022-08-10 10:00:00+00:00,0.0,0.0,36.88687,7.083784,161.0534
2022-08-10 11:00:00+00:00,0.0,0.0,36.260002,7.3054776,160.82089
2022-08-10 12:00:00+00:00,0.0,0.0,36.084454,6.706713,159.94382
2022-08-10 13:00:00+00:00,0.0,0.0,36.231438,6.705222,162.64589
2022-08-10 14:00:00+00:00,0.0,0.0,36.26834,6.7896976,170.67648
2022-08-10 15:00:00+00:00,0.0,0.0,36.153297,7.244308,173.6599
2022-08-10 16:00:00+00:00,0.0,0.0,35.77927,7.324616,175.3014
2022-08-10 17:00:00+00:00,0.0,0.0,35.12953,7.0114193,176.72958
2022-08-10 18:00:00+00:00,0.0,0.0,34.798058,7.0114193,176.72958
2022-08-10 19:00:00+00:00,0.0,0.0,34.61442,7.2,180.0
2022-08-10 20:00:00+00:00,0.0,0.0,34.32665,7.206247,177.6141
2022-08-10 21:00:00+00:00,0.0,0.0,34.079998,6.802941,178.31535
2022-08-10 22:00:00+00:00,0.0,0.0,34.569584,6.4070277,182.68372
2022-08-10 23:00:00+00:00,0.0,0.0,36.137318,4.491102,191.5601
2022-08-11 00:00:00+00:00,0.0,0.0,38.74284,3.1827662,223.72705
2022-08-11 01:00:00+00:00,0.0,0.0,40.54515,2.8999999,226.39711
2022-08-11 02:00:00+00:00,0.0,0.0,42.64174,2.842534,230.71062
2022-08-11 03:00:00+00:00,0.0,0.0,44.334927,2.8017852,235.17543
2022-08-11 04:00:00+00:00,0.0,0.0,45.40554,2.6925824,248.19853
2022-08-11 05:00:00+00:00,0.0,0.0,45.45126,2.2022717,267.3975
2022-08-11 06:00:00+00:00,0.0,0.0,42.438164,2.9614186,11.689341
2022-08-11 07:00:00+00:00,1.0,1.0,40.46375,1.2806249,141.34016
2022-08-11 08:00:00+00:00,0.0,0.0,40.092148,2.2671568,138.57643
2022-08-11 09:00:00+00:00,0.0,0.0,40.671494,3.1622777,161.56496
2022-08-11 10:00:00+00:00,0.0,0.0,40.663635,3.7,161.07526
2022-08-11 11:00:00+00:00,0.0,0.0,39.06981,5.2924476,157.79648
2022-08-11 12:00:00+00:00,0.0,0.0,38.236233,4.924429,156.0375
2022-08-11 13:00:00+00:00,0.0,0.0,36.751823,4.7169905,158.87521
2022-08-11 14:00:00+00:00,0.0,0.0,36.0158,5.9439044,167.36664
2022-08-11 15:00:00+00:00,0.0,0.0,36.185585,7.1344237,174.36942
2022-08-11 16:00:00+00:00,0.0,0.0,36.29868,7.4330344,174.5963
2022-08-11 17:00:00+00:00,0.0,0.0,36.436123,7.100704,180.80692
2022-08-11 18:00:00+00:00,0.0,0.0,36.094833,6.6068144,182.60251
2022-08-11 19:00:00+00:00,0.0,0.0,35.962486,6.0033326,181.9091
2022-08-11 20:00:00+00:00,0.0,0.0,35.864727,5.5,180.0
2022-08-11 21:00:00+00:00,0.0,0.0,35.85581,5.346027,187.52373
2022-08-11 22:00:00+00:00,0.0,0.0,36.794518,4.785394,190.84026
2022-08-11 23:00:00+00:00,0.0,0.0,38.78742,1.421267,230.71062
2022-08-12 00:00:00+00:00,0.0,0.0,40.925518,1.5033296,183.814
2022-08-12 01:00:00+00:00,0.0,0.0,42.1398,1.8027756,183.17976
2022-08-12 02:00:00+00:00,0.0,0.0,43.632652,2.1377556,169.21574
2022-08-12 03:00:00+00:00,0.0,0.0,45.1553,2.828427,171.86998
2022-08-12 04:00:00+00:00,0.0,0.0,45.47984,3.901282,181.46877
2022-08-12 05:00:00+00:00,0.7,0.7,42.45954,4.464303,195.59286
2022-08-12 06:00:00+00:00,0.3,0.3,43.240868,0.50990194,191.30989
2022-08-12 07:00:00+00:00,0.0,0.0,43.76931,2.158703,193.39252
2022-08-12 08:00:00+00:00,0.3,0.3,41.521286,3.0,233.13002
2022-08-12 09:00:00+00:00,0.0,0.0,41.005077,2.9732137,160.34608
2022-08-12 10:00:00+00:00,0.0,0.0,37.98248,6.26099,153.43501
2022-08-12 11:00:00+00:00,0.0,0.0,37.45157,6.400781,151.03244
2022-08-12 12:00:00+00:00,0.0,0.0,37.825172,4.753946,165.37909
2022-08-12 13:00:00+00:00,0.0,0.0,37.104416,5.0921507,160.49747
2022-08-12 14:00:00+00:00,0.0,0.0,36.57926,5.597321,161.24126
2022-08-12 15:00:00+00:00,0.0,0.0,36.064114,6.0728908,162.75845
2022-08-12 16:00:00+00:00,0.0,0.0,36.101192,6.0876927,165.73546
2022-08-12 17:00:00+00:00,0.0,0.0,36.149937,6.395311,170.09589
2022-08-12 18:00:00+00:00,0.0,0.0,35.86491,6.1983867,169.7779
2022-08-12 19:00:00+00:00,0.0,0.0,35.521233,6.363961,171.86998
2022-08-12 20:00:00+00:00,0.0,0.0,35.31828,6.576473,171.25392
2022-08-12 21:00:00+00:00,0.0,0.0,35.261936,6.395311,170.09589
2022-08-12 22:00:00+00:00,0.0,0.0,35.763573,6.6753273,171.38443
2022-08-12 23:00:00+00:00,0.0,0.0,37.068916,5.346027,172.47627
2022-08-13 00:00:00+00:00,0.0,0.0,39.19692,5.001,178.85426
2022-08-13 01:00:00+00:00,0.0,0.0,40.54959,4.707441,192.26476
2022-08-13 02:00:00+00:00,0.0,0.0,42.734043,4.2720017,196.31393
2022-08-13 03:00:00+00:00,0.0,0.0,44.710827,3.7161808,203.80595
2022-08-13 04:00:00+00:00,0.2,0.2,45.954727,3.4205263,217.87505
2022-08-13 05:00:00+00:00,1.1,1.1,45.528214,2.9832866,219.55963
2022-08-13 06:00:00+00:00,0.0,0.0,42.759357,3.9319208,187.30566
2022-08-13 07:00:00+00:00,0.5,0.5,39.330605,6.6370173,210.81564
2022-08-13 08:00:00+00:00,0.0,0.0,41.79764,1.2041595,175.23645
2022-08-13 09:00:00+00:00,0.0,0.0,41.639446,2.6,180.0
2022-08-13 10:00:00+00:00,0.0,0.0,40.86352,4.3011627,181.33218
2022-08-13 11:00:00+00:00,0.0,0.0,38.90032,5.656854,171.86998
2022-08-13 12:00:00+00:00,0.0,0.0,38.71311,4.588028,159.59003
2022-08-13 13:00:00+00:00,0.0,0.0,38.401066,4.7010636,150.70874
2022-08-13 14:00:00+00:00,0.0,0.0,37.377274,5.636488,154.7989
2022-08-13 15:00:00+00:00,0.0,0.0,36.581505,6.735726,161.83395
2022-08-13 16:00:00+00:00,0.0,0.0,35.981472,6.7446275,164.5213
2022-08-13 17:00:00+00:00,0.0,0.0,35.503674,7.0830784,166.94475
2022-08-13 18:00:00+00:00,0.0,0.0,35.326073,7.531268,169.28693
2022-08-13 19:00:00+00:00,0.0,0.0,35.19253,6.9720874,171.75377
2022-08-13 20:00:00+00:00,0.0,0.0,34.637207,7.5538073,173.15732
2022-08-13 21:00:00+00:00,0.0,0.0,34.271507,7.7781744,171.86998
2022-08-13 22:00:00+00:00,0.0,0.0,34.26596,7.5802374,171.65619
2022-08-13 23:00:00+00:00,0.0,0.0,35.558838,5.9135437,176.12155
2022-08-14 00:00:00+00:00,0.0,0.0,37.555553,5.021952,167.34744
2022-08-14 01:00:00+00:00,0.0,0.0,39.2761,4.7169905,175.13557
2022-08-14 02:00:00+00:00,0.0,0.0,41.791126,4.304649,177.33705
2022-08-14 03:00:00+00:00,0.0,0.0,43.671223,4.304649,177.33705
2022-08-14 04:00:00+00:00,0.0,0.0,44.8266,4.2107005,184.08554
2022-08-14 05:00:00+00:00,0.0,0.0,45.157303,4.3104525,183.99083
2022-08-14 06:00:00+00:00,0.0,0.0,44.712162,4.7010636,181.21884
2022-08-14 07:00:00+00:00,0.0,0.0,43.446655,5.323533,174.61078
2022-08-14 08:00:00+00:00,0.0,0.0,41.34594,6.063827,166.65126
2022-08-14 09:00:00+00:00,0.0,0.0,39.81079,6.1351447,160.9743
2022-08-14 10:00:00+00:00,0.0,0.0,38.377357,6.6730804,160.75038
2022-08-14 11:00:00+00:00,0.0,0.0,37.184963,7.1175838,155.95578
2022-08-14 12:00:00+00:00,0.0,0.0,35.709736,7.4686007,153.77809
2022-08-14 13:00:00+00:00,0.0,0.0,35.3681,7.970571,156.32945
2022-08-14 14:00:00+00:00,0.0,0.0,34.98226,8.321659,159.60504
2022-08-14 15:00:00+00:00,0.0,0.0,34.38924,9.075792,161.36533
2022-08-14 16:00:00+00:00,0.0,0.0,33.83966,10.043904,167.34744
2022-08-14 17:00:00+00:00,0.0,0.0,33.502575,10.127191,170.9098
2022-08-14 18:00:00+00:00,0.0,0.0,33.357826,10.071743,173.15732
2022-08-14 19:00:00+00:00,0.0,0.0,32.96145,10.11237,177.16595
2022-08-14 20:00:00+00:00,0.0,0.0,32.862434,9.502105,178.79398
2022-08-14 21:00:00+00:00,0.0,0.0,32.79203,9.10055,180.62958
2022-08-14 22:00:00+00:00,0.0,0.0,33.287567,8.505292,182.02132
2022-08-14 23:00:00+00:00,0.0,0.0,34.190186,7.566373,187.59456
2022-08-15 00:00:00+00:00,0.0,0.0,35.792835,7.2780495,192.69958
2022-08-15 01:00:00+00:00,0.0,0.0,37.224884,6.964194,195.83246
2022-08-15 02:00:00+00:00,0.0,0.0,39.207672,6.706713,200.05618
2022-08-15 03:00:00+00:00,0.0,0.0,41.655422,6.2241464,203.6821
2022-08-15 04:00:00+00:00,0.0,0.0,43.216003,5.770615,207.89719
2022-08-15 05:00:00+00:00,0.0,0.0,43.492435,5.147815,209.0545
2022-08-15 06:00:00+00:00,0.0,0.0,42.751614,5.0695167,202.01134
2022-08-15 07:00:00+00:00,0.0,0.0,42.475178,5.2773094,189.81923
2022-08-15 08:00:00+00:00,0.2,0.2,40.67662,6.4070277,177.31628
2022-08-15 09:00:00+00:00,0.0,0.0,39.632286,6.7742157,171.51114
2022-08-15 10:00:00+00:00,0.0,0.0,38.44776,7.242237,162.31552
2022-08-15 11:00:00+00:00,0.0,0.0,36.50233,8.450444,159.20581
2022-08-15 12:00:00+00:00,0.0,0.0,36.388588,8.28734,160.25307
2022-08-15 13:00:00+00:00,0.0,0.0,36.1923,8.052329,165.61858
2022-08-15 14:00:00+00:00,0.0,0.0,35.52001,8.845902,169.57935
2022-08-15 15:00:00+00:00,0.0,0.0,35.421078,8.646965,174.02577
2022-08-15 16:00:00+00:00,0.0,0.0,35.4016,8.5,180.0
2022-08-15 17:00:00+00:00,0.0,0.0,35.31253,8.302409,181.38033
2022-08-15 18:00:00+00:00,0.0,0.0,34.53,8.70919,182.63239
2022-08-15 19:00:00+00:00,0.0,0.0,34.409428,8.122192,184.23631
2022-08-15 20:00:00+00:00,0.0,0.0,34.27714,7.7103825,189.70659
2022-08-15 21:00:00+00:00,0.0,0.0,34.119324,7.7201037,196.55714
2022-08-15 22:00:00+00:00,0.0,0.0,34.652798,7.7077885,202.9058
2022-08-15 23:00:00+00:00,0.0,0.0,35.754948,6.484597,199.83221
2022-08-16 00:00:00+00:00,0.0,0.0,37.664833,5.280152,204.62355
2022-08-16 01:00:00+00:00,0.0,0.0,39.543385,5.162364,211.53474
2022-08-16 02:00:00+00:00,0.0,0.0,42.06641,4.1868844,220.15593
2022-08-16 03:00:00+00:00,0.0,0.0,43.651703,3.6878178,220.60121
2022-08-16 04:00:00+00:00,0.0,0.0,45.001896,3.764306,230.38934
2022-08-16 05:00:00+00:00,8.1,8.1,37.19496,5.325411,325.71307
2022-08-16 06:00:00+00:00,0.1,0.1,36.9908,2.5019991,87.70944
2022-08-16 07:00:00+00:00,0.0,0.0,37.59751,3.2449963,123.690094
2022-08-16 08:00:00+00:00,0.0,0.0,37.47124,3.8600519,143.42688
2022-08-16 09:00:00+00:00,0.0,0.0,38.156017,2.8160255,173.8846
2022-08-16 10:00:00+00:00,0.0,0.0,38.129925,3.224903,172.87508
2022-08-16 11:00:00+00:00,0.0,0.0,38.592823,2.3345237,223.26433
2022-08-16 12:00:00+00:00,0.0,0.0,34.01089,3.3970575,47.385983
2022-08-16 13:00:00+00:00,0.8,0.8,33.21031,6.328507,84.55976
2022-08-16 14:00:00+00:00,0.0,0.0,34.16177,3.6687872,72.55273
2022-08-16 15:00:00+00:00,0.0,0.0,34.556915,3.9319208,82.694336
2022-08-16 16:00:00+00:00,0.1,0.1,35.00047,1.5033296,93.814
2022-08-16 17:00:00+00:00,0.0,0.0,34.82571,2.2135942,108.43504
2022-08-16 18:00:00+00:00,0.0,0.0,34.775806,1.8973665,108.43504
2022-08-16 19:00:00+00:00,0.0,0.0,34.337803,1.9104972,137.12111
2022-08-16 20:00:00+00:00,0.0,0.0,34.251816,0.94868326,108.43504
2022-08-16 21:00:00+00:00,0.0,0.0,33.973946,1.6124516,82.875084
2022-08-16 22:00:00+00:00,0.0,0.0,34.613503,1.5524175,104.93147
2022-08-16 23:00:00+00:00,0.0,0.0,35.913025,0.1,360.0
2022-08-17 00:00:00+00:00,0.0,0.0,37.325554,2.1213202,8.130019
2022-08-17 01:00:00+00:00,0.1,0.1,38.015846,3.4481878,16.858482
2022-08-17 02:00:00+00:00,0.7,0.7,38.12957,4.0718546,24.67685
2022-08-17 03:00:00+00:00,0.7,0.7,38.06991,3.8078864,29.931421
2022-08-17 04:00:00+00:00,0.2,0.2,36.925232,4.2201896,53.67309
2022-08-17 05:00:00+00:00,0.6,0.6,37.187103,5.0477715,56.3099
2022-08-17 06:00:00+00:00,0.3,0.3,36.651196,5.147815,60.94549
2022-08-17 07:00:00+00:00,0.2,0.2,36.100998,5.3851643,74.931465
2022-08-17 08:00:00+00:00,1.3,1.3,35.28708,4.876474,74.53873
2022-08-17 09:00:00+00:00,0.1,0.1,34.664383,6.0827627,80.53775
2022-08-17 10:00:00+00:00,0.0,0.0,34.087883,5.5326304,83.77426
2022-08-17 11:00:00+00:00,0.0,0.0,33.61979,5.5226803,84.805664
2022-08-17 12:00:00+00:00,0.0,0.0,33.862946,5.554278,76.464134
2022-08-17 13:00:00+00:00,0.0,0.0,33.945942,5.3150725,78.05585
2022-08-17 14:00:00+00:00,0.0,0.0,33.897766,5.4037027,92.12105
2022-08-17 15:00:00+00:00,0.0,0.0,34.1876,4.3566046,99.24603
2022-08-17 16:00:00+00:00,0.0,0.0,34.17497,3.5902646,102.87501
2022-08-17 17:00:00+00:00,0.0,0.0,34.292923,3.0675724,109.025696
2022-08-17 18:00:00+00:00,0.0,0.0,34.39156,2.6925824,111.801476
2022-08-17 19:00:00+00:00,0.0,0.0,34.400463,2.6832817,116.56499
2022-08-17 20:00:00+00:00,0.0,0.0,34.150715,2.6400757,127.30403
2022-08-17 21:00:00+00:00,0.0,0.0,34.138092,3.1144822,137.60262
2022-08-17 22:00:00+00:00,0.0,0.0,34.631832,2.8319604,137.86247
2022-08-17 23:00:00+00:00,0.0,0.0,36.340565,2.8319604,137.86247
2022-08-18 00:00:00+00:00,0.0,0.0,37.656517,2.376973,104.62092
2022-08-18 01:00:00+00:00,0.0,0.0,39.01382,2.0099752,95.7105
2022-08-18 02:00:00+00:00,0.0,0.0,40.41459,2.4020824,87.614105
2022-08-18 03:00:00+00:00,0.1,0.1,41.01555,2.828427,98.13002
2022-08-18 04:00:00+00:00,0.1,0.1,41.33688,3.8275316,109.85531
2022-08-18 05:00:00+00:00,0.1,0.1,41.86896,3.8013155,116.56499
2022-08-18 06:00:00+00:00,0.0,0.0,41.323803,3.7735925,122.00535
2022-08-18 07:00:00+00:00,0.0,0.0,39.58403,4.6690474,136.73567
2022-08-18 08:00:00+00:00,0.0,0.0,37.79621,5.8523498,146.853
2022-08-18 09:00:00+00:00,0.0,0.0,37.285675,6.352952,151.8215
2022-08-18 10:00:00+00:00,0.0,0.0,36.409054,7.3430243,150.64235
2022-08-18 11:00:00+00:00,0.0,0.0,35.148285,8.062258,150.2552
2022-08-18 12:00:00+00:00,0.0,0.0,35.218678,7.267049,145.65384
2022-08-18 13:00:00+00:00,0.0,0.0,34.86744,8.100617,151.22029
2022-08-18 14:00:00+00:00,0.0,0.0,34.499954,8.48646,158.57465
2022-08-18 15:00:00+00:00,0.0,0.0,34.2681,8.477028,162.84749
2022-08-18 16:00:00+00:00,0.0,0.0,34.07391,8.80568,164.85896
2022-08-18 17:00:00+00:00,0.0,0.0,33.870453,8.884255,168.31065
2022-08-18 18:00:00+00:00,0.0,0.0,33.79796,8.570881,172.62633
2022-08-18 19:00:00+00:00,0.0,0.0,33.856148,8.100618,179.2927
2022-08-18 20:00:00+00:00,0.0,0.0,33.758266,8.105554,182.12105
2022-08-18 21:00:00+00:00,0.0,0.0,33.661694,7.81025,182.93561
2022-08-18 22:00:00+00:00,0.0,0.0,33.99785,7.5026665,181.5275
2022-08-18 23:00:00+00:00,0.0,0.0,35.197613,6.7186303,184.2678
2022-08-19 00:00:00+00:00,0.0,0.0,36.86569,6.6272163,185.19434
2022-08-19 01:00:00+00:00,0.0,0.0,38.294117,6.2968245,190.06062
2022-08-19 02:00:00+00:00,0.0,0.0,40.36915,6.428841,195.33334
2022-08-19 03:00:00+00:00,0.0,0.0,42.087986,6.4257298,200.97357
2022-08-19 04:00:00+00:00,0.0,0.0,43.486526,5.994164,207.84749
2022-08-19 05:00:00+00:00,0.0,0.0,44.302437,5.215362,212.47118
2022-08-19 06:00:00+00:00,0.0,0.0,44.521908,4.743417,214.69522
2022-08-19 07:00:00+00:00,0.0,0.0,43.9612,4.3416586,218.45374
2022-08-19 08:00:00+00:00,0.0,0.0,43.097664,4.0360875,221.98714
2022-08-19 09:00:00+00:00,0.0,0.0,41.793884,5.249762,197.74477
2022-08-19 10:00:00+00:00,0.0,0.0,39.367996,7.006426,177.54602
2022-08-19 11:00:00+00:00,0.0,0.0,38.633354,6.264982,171.74065
2022-08-19 12:00:00+00:00,0.0,0.0,38.315136,5.239275,156.3706
2022-08-19 13:00:00+00:00,0.0,0.0,37.037346,6.5253353,164.89885
2022-08-19 14:00:00+00:00,0.0,0.0,36.97295,6.6940274,166.17133
2022-08-19 15:00:00+00:00,0.0,0.0,36.951954,7.025667,175.101
2022-08-19 16:00:00+00:00,0.0,0.0,37.043137,6.500769,179.11862
2022-08-19 17:00:00+00:00,0.0,0.0,36.736042,6.6272163,185.19434
2022-08-19 18:00:00+00:00,0.0,0.0,37.12349,5.8523498,196.88687
2022-08-19 19:00:00+00:00,0.0,0.0,37.424046,4.837354,209.7448
2022-08-19 20:00:00+00:00,0.0,0.0,37.231026,4.675468,221.53168
2022-08-19 21:00:00+00:00,0.0,0.0,36.97075,4.89183,229.14471
2022-08-19 22:00:00+00:00,0.0,0.0,37.10278,4.792703,246.64441
2022-08-19 23:00:00+00:00,0.0,0.0,38.454037,5.9228373,258.31067
2022-08-20 00:00:00+00:00,0.0,0.0,39.918186,3.5468295,248.4985
2022-08-20 01:00:00+00:00,0.0,0.0,41.567608,4.119466,275.5721
2022-08-20 02:00:00+00:00,0.0,0.0,39.918377,6.5802736,286.7827
2022-08-20 03:00:00+00:00,0.0,0.0,40.0309,6.2297673,288.7259
2022-08-20 04:00:00+00:00,0.0,0.0,40.610363,6.7446275,285.4787
2022-08-20 05:00:00+00:00,0.0,0.0,40.910007,6.332456,285.5726
2022-08-20 06:00:00+00:00,0.0,0.0,41.215992,5.6515484,283.29858
2022-08-20 07:00:00+00:00,0.4,0.4,39.544052,6.809552,299.95352
2022-08-20 08:00:00+00:00,0.0,0.0,38.865246,5.7939625,338.74942
2022-08-20 09:00:00+00:00,0.0,0.0,38.635677,4.3011627,35.537766
2022-08-20 10:00:00+00:00,0.0,0.0,37.60813,4.4102154,57.030594
2022-08-20 11:00:00+00:00,0.0,0.0,35.999943,5.4378304,57.77127
2022-08-20 12:00:00+00:00,0.0,0.0,34.352165,5.0,53.13002
2022-08-20 13:00:00+00:00,0.0,0.0,34.328957,4.7201695,53.61555
2022-08-20 14:00:00+00:00,0.0,0.0,34.645138,3.5846896,59.8587
2022-08-20 15:00:00+00:00,0.0,0.0,34.443546,3.6055512,56.3099
2022-08-20 16:00:00+00:00,0.0,0.0,34.06389,3.828838,49.236485
2022-08-20 17:00:00+00:00,0.0,0.0,34.071377,3.0232434,55.78425
2022-08-20 18:00:00+00:00,0.0,0.0,34.01347,2.8319604,47.862484
2022-08-20 19:00:00+00:00,0.1,0.1,33.56078,3.8078864,29.931421
2022-08-20 20:00:00+00:00,0.5,0.5,33.253563,3.9217343,19.359097
2022-08-20 21:00:00+00:00,0.3,0.3,33.44886,3.6235344,27.979382
2022-08-20 22:00:00+00:00,0.0,0.0,33.1882,4.2520585,41.185837
2022-08-20 23:00:00+00:00,0.0,0.0,33.52337,3.405877,49.76371
2022-08-21 00:00:00+00:00,0.0,0.0,34.496513,3.0232434,34.215755
2022-08-21 01:00:00+00:00,0.0,0.0,36.20244,2.404163,16.927603
2022-08-21 02:00:00+00:00,0.0,0.0,38.817875,2.5632012,339.44388
2022-08-21 03:00:00+00:00,0.0,0.0,40.196167,2.6476402,349.11453
2022-08-21 04:00:00+00:00,0.0,0.0,41.386383,2.408319,355.23645
2022-08-21 05:00:00+00:00,0.2,0.2,39.59697,3.6055512,356.82022
2022-08-21 06:00:00+00:00,2.1,2.1,37.865887,3.8587563,31.218353
2022-08-21 07:00:00+00:00,0.3,0.3,37.967617,3.7215588,83.829926
2022-08-21 08:00:00+00:00,0.1,0.1,36.689552,5.2773094,99.81924
2022-08-21 09:00:00+00:00,0.0,0.0,34.682816,6.166036,98.392845
2022-08-21 10:00:00+00:00,0.0,0.0,33.242905,5.9908266,104.500206
2022-08-21 11:00:00+00:00,0.0,0.0,32.28274,5.905929,118.30067
2022-08-21 12:00:00+00:00,0.0,0.0,32.27149,5.905929,118.30067
2022-08-21 13:00:00+00:00,0.0,0.0,32.188663,5.220153,126.430954
2022-08-21 14:00:00+00:00,0.0,0.0,32.045048,4.883646,137.4896
2022-08-21 15:00:00+00:00,0.0,0.0,31.900948,4.7201695,143.61555
2022-08-21 16:00:00+00:00,0.0,0.0,32.00947,4.924429,150.83249
2022-08-21 17:00:00+00:00,0.0,0.0,31.984371,5.636488,154.7989
2022-08-21 18:00:00+00:00,0.0,0.0,32.14205,5.7584724,159.67677
2022-08-21 19:00:00+00:00,0.0,0.0,32.495,5.8821764,162.18102
2022-08-21 20:00:00+00:00,0.0,0.0,32.812595,5.724509,160.61539
2022-08-21 21:00:00+00:00,0.0,0.0,32.92788,5.700877,158.38516
2022-08-21 22:00:00+00:00,0.0,0.0,33.861618,5.8523498,163.11313
2022-08-21 23:00:00+00:00,0.0,0.0,35.940937,4.3931766,168.17854
2022-08-22 00:00:00+00:00,0.0,0.0,38.412926,2.184033,164.05453
2022-08-22 01:00:00+00:00,0.0,0.0,40.066734,3.1064448,176.30869
2022-08-22 02:00:00+00:00,0.0,0.0,41.81716,3.956008,196.14441
2022-08-22 03:00:00+00:00,0.0,0.0,43.339825,3.8948684,228.12221
2022-08-22 04:00:00+00:00,0.0,0.0,43.492443,4.365776,249.90468
2022-08-22 05:00:00+00:00,0.0,0.0,44.100563,3.9849718,252.47433
2022-08-22 06:00:00+00:00,0.0,0.0,43.60985,4.1761227,253.30067
2022-08-22 07:00:00+00:00,0.0,0.0,43.172573,4.924429,257.0926
2022-08-22 08:00:00+00:00,0.0,0.0,41.654526,6.000833,269.04517
2022-08-22 09:00:00+00:00,0.0,0.0,40.933002,5.4120235,286.09088
2022-08-22 10:00:00+00:00,0.0,0.0,40.945953,2.2022717,267.3975
2022-08-22 11:00:00+00:00,0.0,0.0,39.446293,2.7294688,171.57312
2022-08-22 12:00:00+00:00,0.0,0.0,37.79862,5.140039,142.90709
2022-08-22 13:00:00+00:00,0.0,0.0,37.129826,5.7245083,152.98741
2022-08-22 14:00:00+00:00,0.0,0.0,37.502377,5.8523498,163.11313
2022-08-22 15:00:00+00:00,0.0,0.0,37.492493,5.9665737,166.42955
2022-08-22 16:00:00+00:00,0.0,0.0,37.102642,6.456005,163.81073
2022-08-22 17:00:00+00:00,0.0,0.0,36.698196,6.315061,169.04597
2022-08-22 18:00:00+00:00,0.0,0.0,36.298378,5.6008925,178.97699
2022-08-22 19:00:00+00:00,0.0,0.0,36.392067,5.0089917,183.43356
2022-08-22 20:00:00+00:00,0.0,0.0,36.53233,4.816638,184.76355
2022-08-22 21:00:00+00:00,0.0,0.0,36.23376,4.8052053,192.01146
2022-08-22 22:00:00+00:00,0.0,0.0,36.7478,3.9446166,210.46547
2022-08-22 23:00:00+00:00,0.0,0.0,38.76677,2.5495098,205.55992
2022-08-23 00:00:00+00:00,0.0,0.0,40.955975,0.92195445,229.39879
2022-08-23 01:00:00+00:00,0.0,0.0,42.828506,0.92195445,257.4712
2022-08-23 02:00:00+00:00,0.0,0.0,43.986,1.0,306.86996
2022-08-23 03:00:00+00:00,0.0,0.0,45.49174,1.7029387,3.3664
2022-08-23 04:00:00+00:00,0.0,0.0,45.48113,1.6278821,10.61961
2022-08-23 05:00:00+00:00,0.0,0.0,44.27331,2.1931713,46.8476
2022-08-23 06:00:00+00:00,0.4,0.4,39.240017,5.315073,4.3159466
2022-08-23 07:00:00+00:00,0.4,0.4,41.176533,2.7856774,21.037588
2022-08-23 08:00:00+00:00,0.6,0.6,39.82893,3.49285,13.240531
2022-08-23 09:00:00+00:00,0.1,0.1,38.664093,5.664804,20.67451
2022-08-23 10:00:00+00:00,0.0,0.0,37.04664,6.9641943,21.037588
2022-08-23 11:00:00+00:00,0.0,0.0,35.04623,8.832327,30.629932
2022-08-23 12:00:00+00:00,0.0,0.0,34.88034,8.732124,29.500643
2022-08-23 13:00:00+00:00,0.0,0.0,33.5307,8.858894,28.30066
2022-08-23 14:00:00+00:00,0.0,0.0,32.553623,9.329523,30.963696
2022-08-23 15:00:00+00:00,0.0,0.0,31.801682,8.746428,30.963696
2022-08-23 16:00:00+00:00,0.0,0.0,31.315838,8.547514,28.663862
2022-08-23 17:00:00+00:00,0.0,0.0,30.326954,8.595929,29.248732
2022-08-23 18:00:00+00:00,0.0,0.0,29.696114,7.3824115,28.30066
2022-08-23 19:00:00+00:00,0.0,0.0,30.07315,5.905929,28.30066
2022-08-23 20:00:00+00:00,0.1,0.1,29.956696,5.9506307,24.842371
2022-08-23 21:00:00+00:00,0.0,0.0,30.000961,5.7584724,20.323217
2022-08-23 22:00:00+00:00,0.0,0.0,29.995407,5.5569777,30.256361
2022-08-23 23:00:00+00:00,0.0,0.0,30.382473,5.8309517,22.166399
2022-08-24 00:00:00+00:00,0.0,0.0,31.64624,5.056679,24.537718
2022-08-24 01:00:00+00:00,0.0,0.0,32.862003,4.632494,32.660904
2022-08-24 02:00:00+00:00,0.0,0.0,35.143604,4.304649,30.735416
2022-08-24 03:00:00+00:00,0.0,0.0,35.414677,5.10392,34.624226
2022-08-24 04:00:00+00:00,0.0,0.0,34.531918,4.967897,40.10085
2022-08-24 05:00:00+00:00,0.0,0.0,33.27621,6.2128897,56.82148
2022-08-24 06:00:00+00:00,0.0,0.0,33.18101,6.046487,55.78425
2022-08-24 07:00:00+00:00,0.0,0.0,32.7432,6.129437,56.3099
2022-08-24 08:00:00+00:00,0.0,0.0,32.147354,5.866856,60.376347
2022-08-24 09:00:00+00:00,0.0,0.0,31.695377,5.7939625,68.74943
2022-08-24 10:00:00+00:00,0.0,0.0,30.526623,6.139218,77.774895
2022-08-24 11:00:00+00:00,0.0,0.0,29.922142,6.041523,77.57407
2022-08-24 12:00:00+00:00,0.0,0.0,29.947815,5.0990195,78.6901
2022-08-24 13:00:00+00:00,0.0,0.0,30.040314,4.2755113,79.21575
2022-08-24 14:00:00+00:00,0.0,0.0,30.252129,3.8327534,82.50424
2022-08-24 15:00:00+00:00,0.0,0.0,30.366856,3.981206,78.40785
2022-08-24 16:00:00+00:00,0.0,0.0,30.646957,3.2557642,100.619606
2022-08-24 17:00:00+00:00,0.0,0.0,30.47028,3.49285,113.62939
2022-08-24 18:00:00+00:00,0.0,0.0,30.148674,3.847077,117.89718
2022-08-24 19:00:00+00:00,0.0,0.0,29.755417,4.7434163,108.43504
2022-08-24 20:00:00+00:00,0.0,0.0,29.749264,4.707441,102.26476
2022-08-24 21:00:00+00:00,0.0,0.0,30.02966,4.850773,104.32276
2022-08-24 22:00:00+00:00,0.0,0.0,31.002213,5.565968,107.78398
2022-08-24 23:00:00+00:00,0.0,0.0,31.698551,5.2392745,103.24053
2022-08-25 00:00:00+00:00,0.0,0.0,33.651867,4.6238513,111.57137
2022-08-25 01:00:00+00:00,0.0,0.0,35.743305,3.6124785,131.63345
2022-08-25 02:00:00+00:00,0.2,0.2,36.90973,2.1260293,138.81418
2022-08-25 03:00:00+00:00,0.2,0.2,39.71541,1.104536,84.805664
2022-08-25 04:00:00+00:00,0.2,0.2,38.508392,2.5179358,83.15732
2022-08-25 05:00:00+00:00,0.8,0.8,35.410847,5.021952,77.34745
2022-08-25 06:00:00+00:00,0.8,0.8,35.92923,4.0112343,85.71093
2022-08-25 07:00:00+00:00,0.2,0.2,36.029095,4.204759,87.27374
2022-08-25 08:00:00+00:00,0.2,0.2,35.48841,4.9497476,81.86999
2022-08-25 09:00:00+00:00,0.3,0.3,34.18368,5.813777,86.05489
2022-08-25 10:00:00+00:00,0.2,0.2,34.086338,5.0990195,101.3099
2022-08-25 11:00:00+00:00,0.6,0.6,33.991627,3.3136082,95.19434
2022-08-25 12:00:00+00:00,3.0,3.0,28.958317,6.5764737,28.12365
2022-08-25 13:00:00+00:00,7.4,7.4,30.044662,3.224903,60.255207
2022-08-25 14:00:00+00:00,0.6,0.6,30.326088,1.6124516,119.74479
2022-08-25 15:00:00+00:00,0.1,0.1,30.047222,2.4698176,121.75944
2022-08-25 16:00:00+00:00,0.0,0.0,30.196575,2.2203605,82.234924
2022-08-25 17:00:00+00:00,0.0,0.0,30.003307,1.2727922,44.999897
2022-08-25 18:00:00+00:00,0.0,0.0,30.238827,1.5297059,11.3098955
2022-08-25 19:00:00+00:00,0.0,0.0,30.477715,2.720294,342.8972
2022-08-25 20:00:00+00:00,0.0,0.0,31.265781,3.905125,357.0644
2022-08-25 21:00:00+00:00,0.0,0.0,31.824593,2.8442926,10.124612
2022-08-25 22:00:00+00:00,0.0,0.0,31.697926,2.8442926,349.8754
2022-08-25 23:00:00+00:00,0.0,0.0,32.077026,3.1016126,339.22766
2022-08-26 00:00:00+00:00,0.0,0.0,29.003948,6.5924196,9.605136
2022-08-26 01:00:00+00:00,7.4,7.4,30.500828,2.7166157,353.6599
2022-08-26 02:00:00+00:00,0.1,0.1,31.597256,4.7801676,37.34943
2022-08-26 03:00:00+00:00,0.1,0.1,32.194756,5.456189,63.904633
2022-08-26 04:00:00+00:00,0.0,0.0,33.615887,4.88467,67.10942
2022-08-26 05:00:00+00:00,0.0,0.0,34.577427,4.830114,62.904526
2022-08-26 06:00:00+00:00,0.0,0.0,33.606655,4.588028,73.53991
2022-08-26 07:00:00+00:00,0.0,0.0,32.08586,5.239275,66.37061
2022-08-26 08:00:00+00:00,0.0,0.0,31.497047,4.6572523,75.068535
2022-08-26 09:00:00+00:00,0.0,0.0,31.392021,4.004997,87.13766
2022-08-26 10:00:00+00:00,0.0,0.0,30.777016,3.8,90.0
2022-08-26 11:00:00+00:00,0.0,0.0,30.638393,4.428318,96.48298
2022-08-26 12:00:00+00:00,0.0,0.0,30.831112,4.539824,97.59455
2022-08-26 13:00:00+00:00,0.0,0.0,30.82272,4.3416586,118.92633
2022-08-26 14:00:00+00:00,0.0,0.0,30.94703,3.4481878,106.85848
2022-08-26 15:00:00+00:00,0.1,0.1,30.782997,3.5735137,107.92801
2022-08-26 16:00:00+00:00,1.2,1.2,29.86903,4.1880784,146.68936
2022-08-26 17:00:00+00:00,0.2,0.2,28.976414,2.433105,189.46225
2022-08-26 18:00:00+00:00,0.8,0.8,27.848557,3.1622777,198.43504
2022-08-26 19:00:00+00:00,0.1,0.1,28.312962,0.6324555,251.56496
2022-08-26 20:00:00+00:00,0.5,0.5,27.86253,1.5,233.13002
2022-08-26 21:00:00+00:00,1.4,1.4,28.02053,1.6643317,327.26477
2022-08-26 22:00:00+00:00,0.6,0.6,29.393723,4.360046,53.392834
2022-08-26 23:00:00+00:00,0.5,0.5,28.986736,6.981404,51.981007
2022-08-27 00:00:00+00:00,0.2,0.2,27.22651,8.01561,40.446156
2022-08-27 01:00:00+00:00,0.0,0.0,27.580183,7.496666,43.91917
2022-08-27 02:00:00+00:00,0.0,0.0,28.1372,7.2138753,46.12322
2022-08-27 03:00:00+00:00,0.1,0.1,27.813553,7.4027023,51.581917
2022-08-27 04:00:00+00:00,0.1,0.1,28.109104,7.5716577,56.309914
2022-08-27 05:00:00+00:00,0.1,0.1,28.575706,8.490582,57.99466
2022-08-27 06:00:00+00:00,0.0,0.0,28.048393,7.877182,61.157448
2022-08-27 07:00:00+00:00,0.0,0.0,28.304554,6.5764737,61.876366
2022-08-27 08:00:00+00:00,0.0,0.0,28.375381,6.463745,55.080532
2022-08-27 09:00:00+00:00,0.0,0.0,28.1083,7.0007143,45.57866
2022-08-27 10:00:00+00:00,0.0,0.0,28.16856,6.9296465,44.999897
2022-08-27 11:00:00+00:00,0.0,0.0,27.768024,7.1281133,55.86401
2022-08-27 12:00:00+00:00,0.0,0.0,28.3227,5.4708314,59.215923
2022-08-27 13:00:00+00:00,0.4,0.4,27.493809,6.7675695,55.840256
2022-08-27 14:00:00+00:00,0.0,0.0,27.586563,6.8410525,52.124958
2022-08-27 15:00:00+00:00,0.0,0.0,27.76044,6.742403,54.659805
2022-08-27 16:00:00+00:00,0.0,0.0,27.50089,6.6370173,59.18437
2022-08-27 17:00:00+00:00,0.0,0.0,27.201086,6.484597,63.435013
2022-08-27 18:00:00+00:00,0.0,0.0,26.866343,7.430343,61.020393
2022-08-27 19:00:00+00:00,0.0,0.0,26.478914,7.7999997,67.3801
2022-08-27 20:00:00+00:00,0.0,0.0,26.28958,7.5026665,68.90759
2022-08-27 21:00:00+00:00,0.0,0.0,25.99515,7.558439,72.28412
2022-08-27 22:00:00+00:00,0.0,0.0,26.070242,7.4999995,73.73973
2022-08-27 23:00:00+00:00,0.0,0.0,26.626898,7.256721,78.0707
2022-08-28 00:00:00+00:00,0.0,0.0,27.499245,6.562012,82.11695
2022-08-28 01:00:00+00:00,0.0,0.0,27.701641,6.736468,84.03561
2022-08-28 02:00:00+00:00,0.0,0.0,28.259724,6.760177,82.34945
2022-08-28 03:00:00+00:00,0.0,0.0,28.356232,6.61211,86.531845
2022-08-28 04:00:00+00:00,0.0,0.0,30.764675,6.000833,90.95482
2022-08-28 05:00:00+00:00,0.0,0.0,30.894245,5.821512,85.07298
2022-08-28 06:00:00+00:00,0.0,0.0,30.476307,5.408327,93.17977
2022-08-28 07:00:00+00:00,0.0,0.0,30.959259,4.418144,95.19434
2022-08-28 08:00:00+00:00,0.0,0.0,30.324211,4.1,90.0
2022-08-28 09:00:00+00:00,0.0,0.0,29.2426,4.7518415,81.528946
2022-08-28 10:00:00+00:00,0.0,0.0,28.605587,5.2038445,87.79745
2022-08-28 11:00:00+00:00,0.0,0.0,28.32822,5.0358715,96.84268
2022-08-28 12:00:00+00:00,0.0,0.0,27.460115,6.0008335,113.57472
2022-08-28 13:00:00+00:00,0.0,0.0,27.396679,5.7939625,111.25058
2022-08-28 14:00:00+00:00,0.0,0.0,27.294754,5.8872743,110.89784
2022-08-28 15:00:00+00:00,0.0,0.0,27.316423,5.916925,120.46546
2022-08-28 16:00:00+00:00,0.0,0.0,27.34901,6.0959,131.00899
2022-08-28 17:00:00+00:00,0.0,0.0,27.55361,5.7999997,136.39711
2022-08-28 18:00:00+00:00,0.0,0.0,28.028343,5.0249376,137.41954
2022-08-28 19:00:00+00:00,0.0,0.0,27.855293,5.23259,135.0001
2022-08-28 20:00:00+00:00,0.0,0.0,27.792381,6.22254,135.0001
2022-08-28 21:00:00+00:00,0.0,0.0,27.98721,6.8883963,140.30096
2022-08-28 22:00:00+00:00,0.0,0.0,28.847168,6.4899926,146.3099
2022-08-28 23:00:00+00:00,0.0,0.0,31.07846,6.2433968,148.09193
2022-08-29 00:00:00+00:00,0.0,0.0,32.44032,5.6859474,156.13982
2022-08-29 01:00:00+00:00,0.0,0.0,33.9674,5.8694124,171.1797
2022-08-29 02:00:00+00:00,0.0,0.0,35.535545,6.1032777,178.12216
2022-08-29 03:00:00+00:00,0.0,0.0,36.08914,5.8008623,180.98773
2022-08-29 04:00:00+00:00,0.0,0.0,36.113163,5.707889,176.98727
2022-08-29 05:00:00+00:00,0.0,0.0,36.61682,5.315073,175.68405
2022-08-29 06:00:00+00:00,0.0,0.0,36.1936,4.704253,177.5634
2022-08-29 07:00:00+00:00,0.0,0.0,37.413956,3.324154,173.08887
2022-08-29 08:00:00+00:00,0.0,0.0,37.127655,3.7215588,173.82993
2022-08-29 09:00:00+00:00,0.0,0.0,35.931034,4.3011627,162.40749
2022-08-29 10:00:00+00:00,0.0,0.0,34.820347,5.0447993,140.6307
2022-08-29 11:00:00+00:00,0.0,0.0,33.465153,6.224147,136.30188
2022-08-29 12:00:00+00:00,0.0,0.0,33.1651,6.155485,133.02507
2022-08-29 13:00:00+00:00,0.0,0.0,32.706444,6.16198,138.28934
2022-08-29 14:00:00+00:00,0.0,0.0,32.50352,5.882177,144.6887
2022-08-29 15:00:00+00:00,0.0,0.0,32.119194,6.046487,145.78424
2022-08-29 16:00:00+00:00,0.0,0.0,32.03064,5.948109,153.00424
2022-08-29 17:00:00+00:00,0.0,0.0,32.172146,5.1478148,155.9245
2022-08-29 18:00:00+00:00,0.0,0.0,31.844551,5.597321,161.24126
2022-08-29 19:00:00+00:00,0.0,0.0,31.795322,6.0166435,158.5522
2022-08-29 20:00:00+00:00,0.0,0.0,31.810066,6.053924,157.6713
2022-08-29 21:00:00+00:00,0.0,0.0,31.975159,5.6515484,166.70142
2022-08-29 22:00:00+00:00,0.0,0.0,32.42461,5.491812,169.50858
2022-08-29 23:00:00+00:00,0.0,0.0,34.195343,5.10392,177.7543
2022-08-30 00:00:00+00:00,0.0,0.0,35.67828,3.231099,201.80147
2022-08-30 01:00:00+00:00,0.0,0.0,37.428207,2.5495098,228.17992
2022-08-30 02:00:00+00:00,0.1,0.1,39.066116,2.886174,284.03625
2022-08-30 03:00:00+00:00,0.7,0.7,36.466377,4.0853395,338.45895
2022-08-30 04:00:00+00:00,0.5,0.5,36.601807,3.981206,348.40787
2022-08-30 05:00:00+00:00,0.2,0.2,38.09123,4.1785164,338.9624
2022-08-30 06:00:00+00:00,2.7,2.7,35.557228,5.223983,354.50775
2022-08-30 07:00:00+00:00,4.6,4.6,32.17586,5.1662364,345.42575
2022-08-30 08:00:00+00:00,0.1,0.1,34.10882,1.8439089,12.528798
2022-08-30 09:00:00+00:00,0.1,0.1,33.59676,4.060788,9.926182
2022-08-30 10:00:00+00:00,0.0,0.0,32.865074,5.2325897,26.075302
2022-08-30 11:00:00+00:00,0.1,0.1,32.336796,5.7306194,29.248732
2022-08-30 12:00:00+00:00,0.1,0.1,30.188541,6.530697,11.481962
2022-08-30 13:00:00+00:00,0.0,0.0,29.845947,6.4031243,14.470333
2022-08-30 14:00:00+00:00,0.0,0.0,29.590076,5.7870545,18.121958
2022-08-30 15:00:00+00:00,0.0,0.0,29.52668,5.0328918,20.955858
2022-08-30 16:00:00+00:00,0.0,0.0,29.413048,4.753946,14.620926
2022-08-30 17:00:00+00:00,0.0,0.0,29.134026,5.1009803,1.1232841
2022-08-30 18:00:00+00:00,0.0,0.0,28.80474,5.217279,347.82855
2022-08-30 19:00:00+00:00,0.0,0.0,28.412388,5.661272,342.52515
2022-08-30 20:00:00+00:00,0.0,0.0,27.932217,6.576473,351.2539
2022-08-30 21:00:00+00:00,0.0,0.0,27.376993,7.21734,356.02756
2022-08-30 22:00:00+00:00,0.0,0.0,27.739723,6.7007456,359.14493
2022-08-30 23:00:00+00:00,0.0,0.0,27.53869,6.000833,0.95482427
2022-08-31 00:00:00+00:00,0.0,0.0,26.826252,6.258594,347.074
2022-08-31 01:00:00+00:00,0.1,0.1,27.088121,6.236986,347.96942
2022-08-31 02:00:00+00:00,0.1,0.1,27.126865,6.6219335,345.12427
2022-08-31 03:00:00+00:00,0.0,0.0,27.481089,6.628725,348.6901
2022-08-31 04:00:00+00:00,0.0,0.0,28.711334,6.33877,353.6599
2022-08-31 05:00:00+00:00,0.0,0.0,28.634377,6.4536815,347.4712
2022-08-31 06:00:00+00:00,0.0,0.0,28.238235,6.670832,347.00537
2022-08-31 07:00:00+00:00,0.0,0.0,28.238316,6.6753273,351.38443
2022-08-31 08:00:00+00:00,0.0,0.0,27.774887,7.5059977,357.70944
2022-08-31 09:00:00+00:00,0.0,0.0,26.942696,8.100618,0.7073119
2022-08-31 10:00:00+00:00,0.0,0.0,26.920467,6.9584484,7.4313188
2022-08-31 11:00:00+00:00,0.0,0.0,26.993977,6.20967,14.931467
2022-08-31 12:00:00+00:00,0.0,0.0,26.69184,6.477654,8.8805895
2022-08-31 13:00:00+00:00,0.0,0.0,26.320395,7.300685,13.46523
2022-08-31 14:00:00+00:00,0.0,0.0,25.982052,7.203471,13.650437
2022-08-31 15:00:00+00:00,0.0,0.0,25.891922,6.514599,17.87879
2022-08-31 16:00:00+00:00,0.0,0.0,25.543077,6.648308,21.161337
2022-08-31 17:00:00+00:00,0.0,0.0,25.488968,6.7230945,22.751022
2022-08-31 18:00:00+00:00,0.0,0.0,25.71331,6.7230945,22.751022
2022-08-31 19:00:00+00:00,0.0,0.0,25.400826,7.0604534,15.611057
2022-08-31 20:00:00+00:00,0.0,0.0,25.314009,7.0604534,15.611057
2022-08-31 21:00:00+00:00,0.0,0.0,24.88048,7.3824115,8.569064
2022-08-31 22:00:00+00:00,0.0,0.0,24.705484,7.3824115,8.569064
2022-08-31 23:00:00+00:00,0.0,0.0,25.587687,7.236712,11.154618
2022-09-01 00:00:00+00:00,0.0,0.0,25.471893,7.5504966,11.458726
2022-09-01 01:00:00+00:00,0.0,0.0,25.897184,7.28011,20.924576
2022-09-01 02:00:00+00:00,0.0,0.0,25.607773,7.566373,29.275164
2022-09-01 03:00:00+00:00,0.0,0.0,27.804249,7.6157727,29.931421
2022-09-01 04:00:00+00:00,0.0,0.0,28.429737,8.05295,24.973894
2022-09-01 05:00:00+00:00,0.0,0.0,26.128263,9.213577,25.730665
2022-09-01 06:00:00+00:00,0.0,0.0,26.104446,8.321658,32.73523
2022-09-01 07:00:00+00:00,0.0,0.0,25.909317,8.660831,31.304071
2022-09-01 08:00:00+00:00,0.0,0.0,25.042526,8.91852,30.302603
2022-09-01 09:00:00+00:00,0.0,0.0,24.944565,8.906739,28.867073
2022-09-01 10:00:00+00:00,0.0,0.0,24.812862,7.884795,15.446382
2022-09-01 11:00:00+00:00,0.0,0.0,24.669388,8.600581,23.286085
2022-09-01 12:00:00+00:00,0.0,0.0,25.461021,7.3409805,24.120981
2022-09-01 13:00:00+00:00,0.0,0.0,25.098404,8.575546,31.651222
2022-09-01 14:00:00+00:00,0.1,0.1,25.223045,8.318654,27.181028
2022-09-01 15:00:00+00:00,0.0,0.0,24.740679,9.261209,24.904745
2022-09-01 16:00:00+00:00,0.0,0.0,24.826694,8.814193,24.820515
2022-09-01 17:00:00+00:00,0.0,0.0,24.914188,8.692525,23.025528
2022-09-01 18:00:00+00:00,0.0,0.0,24.914837,8.759566,18.641886
2022-09-01 19:00:00+00:00,0.0,0.0,25.22803,8.989995,25.709915
2022-09-01 20:00:00+00:00,0.0,0.0,25.213001,9.082401,28.257944
2022-09-01 21:00:00+00:00,0.0,0.0,25.410097,9.140022,36.995354
2022-09-01 22:00:00+00:00,0.0,0.0,25.697922,8.852683,41.79471
2022-09-01 23:00:00+00:00,0.0,0.0,26.223448,8.79659,40.389275
2022-09-02 00:00:00+00:00,0.0,0.0,25.739365,8.664871,18.853252
2022-09-02 01:00:00+00:00,0.0,0.0,26.415564,9.8234415,22.126389
2022-09-02 02:00:00+00:00,0.0,0.0,26.563772,10.667708,30.41101
2022-09-02 03:00:00+00:00,0.0,0.0,26.179184,10.816654,33.6901
2022-09-02 04:00:00+00:00,0.0,0.0,26.965553,11.815245,33.959103
2022-09-02 05:00:00+00:00,0.0,0.0,27.085968,11.21606,31.138918
2022-09-02 06:00:00+00:00,0.0,0.0,26.179226,12.2147455,39.68541
2022-09-02 07:00:00+00:00,0.0,0.0,26.117527,12.120232,33.55899
2022-09-02 08:00:00+00:00,0.1,0.1,25.82564,11.660618,36.280357
2022-09-02 09:00:00+00:00,0.0,0.0,26.66185,11.177209,33.6901
2022-09-02 10:00:00+00:00,0.7,0.7,25.616446,11.6400175,36.96843
2022-09-02 11:00:00+00:00,0.9,0.9,26.527428,9.8234415,38.38658
2022-09-02 12:00:00+00:00,0.1,0.1,25.473703,10.783784,24.663803
2022-09-02 13:00:00+00:00,2.7,2.7,26.524492,9.13017,28.810698
2022-09-02 14:00:00+00:00,7.0,7.0,27.156227,8.5,28.072395
2022-09-02 15:00:00+00:00,12.1,12.1,26.81193,9.32309,22.714453
2022-09-02 16:00:00+00:00,3.1,3.1,27.014236,9.98649,34.804092
2022-09-02 17:00:00+00:00,2.0,2.0,26.822678,10.660676,36.225044
2022-09-02 18:00:00+00:00,0.3,0.3,27.202854,9.541488,33.023872
2022-09-02 19:00:00+00:00,0.1,0.1,27.16224,9.577055,28.705854
2022-09-02 20:00:00+00:00,0.2,0.2,27.41441,9.577055,28.705854
2022-09-02 21:00:00+00:00,0.2,0.2,27.691471,8.810222,26.274157
2022-09-02 22:00:00+00:00,0.1,0.1,28.46296,8.013114,29.123957
2022-09-02 23:00:00+00:00,0.1,0.1,28.924809,8.631338,26.86184
2022-09-03 00:00:00+00:00,0.0,0.0,30.246502,7.7103825,46.576496
2022-09-03 01:00:00+00:00,3.1,3.1,30.337456,7.6967525,65.432846
2022-09-03 02:00:00+00:00,3.6,3.6,29.417252,6.940461,53.79046
2022-09-03 03:00:00+00:00,1.8,1.8,30.891117,8.695401,59.601353
2022-09-03 04:00:00+00:00,0.1,0.1,31.949299,8.6977005,70.52334
2022-09-03 05:00:00+00:00,0.2,0.2,32.561974,8.127115,71.342026
2022-09-03 06:00:00+00:00,4.2,4.2,32.63355,8.000625,71.79142
2022-09-03 07:00:00+00:00,0.2,0.2,32.384666,7.7794604,72.03077
2022-09-03 08:00:00+00:00,0.4,0.4,31.569069,8.53815,71.564964
2022-09-03 09:00:00+00:00,0.7,0.7,30.898445,8.603488,70.30129
2022-09-03 10:00:00+00:00,0.1,0.1,31.210468,7.106335,76.15928
2022-09-03 11:00:00+00:00,0.3,0.3,30.869389,5.8872743,69.10216
2022-09-03 12:00:00+00:00,0.3,0.3,31.857418,4.7518415,81.528946
2022-09-03 13:00:00+00:00,0.3,0.3,30.587917,5.2924476,67.79647
2022-09-03 14:00:00+00:00,0.7,0.7,30.50621,5.6302752,56.592163
2022-09-03 15:00:00+00:00,0.1,0.1,30.472416,7.17844,71.31256
2022-09-03 16:00:00+00:00,0.1,0.1,29.71223,6.987131,80.94219
2022-09-03 17:00:00+00:00,0.1,0.1,30.005611,5.2392745,76.75947
2022-09-03 18:00:00+00:00,0.4,0.4,29.755283,5.0537114,62.927998
2022-09-03 19:00:00+00:00,0.0,0.0,30.171444,5.060632,52.22426
2022-09-03 20:00:00+00:00,0.1,0.1,30.413929,5.994164,62.152523
2022-09-03 21:00:00+00:00,0.1,0.1,30.436031,6.9354167,65.28258
2022-09-03 22:00:00+00:00,0.1,0.1,30.479458,6.2289643,47.602623
2022-09-03 23:00:00+00:00,1.5,1.5,29.991997,5.4378304,57.77127
2022-09-04 00:00:00+00:00,2.0,2.0,29.873497,5.879626,41.552525
2022-09-04 01:00:00+00:00,0.1,0.1,31.36868,5.5362444,16.798458
2022-09-04 02:00:00+00:00,0.9,0.9,31.26155,6.670832,23.875284
2022-09-04 03:00:00+00:00,0.2,0.2,31.689495,7.746612,39.23735
2022-09-04 04:00:00+00:00,1.2,1.2,32.306526,8.348653,46.941475
2022-09-04 05:00:00+00:00,0.2,0.2,32.58401,9.90202,56.95188
2022-09-04 06:00:00+00:00,0.3,0.3,32.224796,10.707474,55.270943
2022-09-04 07:00:00+00:00,0.6,0.6,31.501453,10.870602,50.59937
2022-09-04 08:00:00+00:00,0.5,0.5,30.97433,11.101802,45.364902
2022-09-04 09:00:00+00:00,0.4,0.4,29.682007,10.771258,41.235863
2022-09-04 10:00:00+00:00,1.1,1.1,29.53492,10.257679,29.81408
2022-09-04 11:00:00+00:00,0.6,0.6,28.418747,11.503912,24.114191
2022-09-04 12:00:00+00:00,1.4,1.4,27.330084,13.063308,19.68342
2022-09-04 13:00:00+00:00,0.1,0.1,27.617647,12.5227785,18.145672
2022-09-04 14:00:00+00:00,0.1,0.1,27.37784,12.477982,9.688724
2022-09-04 15:00:00+00:00,0.2,0.2,26.929682,13.453624,5.1172233
2022-09-04 16:00:00+00:00,2.7,2.7,26.704227,13.703283,1.2544237
2022-09-04 17:00:00+00:00,3.9,3.9,26.632828,13.661991,5.460126
2022-09-04 18:00:00+00:00,1.8,1.8,26.68832,14.418391,9.984907
2022-09-04 19:00:00+00:00,1.3,1.3,26.419544,14.389233,6.3840733
2022-09-04 20:00:00+00:00,1.3,1.3,26.478928,13.613229,357.47394
2022-09-04 21:00:00+00:00,0.4,0.4,26.951664,13.903236,1.2363783
2022-09-04 22:00:00+00:00,1.2,1.2,26.985798,13.801449,0.8302963
2022-09-04 23:00:00+00:00,1.0,1.0,26.93414,14.5715475,348.92145
2022-09-05 00:00:00+00:00,0.1,0.1,26.457355,13.978555,340.78723
2022-09-05 01:00:00+00:00,1.2,1.2,26.323278,14.384019,345.09418
2022-09-05 02:00:00+00:00,1.4,1.4,26.59111,14.641379,341.68872
2022-09-05 03:00:00+00:00,0.4,0.4,26.896446,14.645477,342.92593
2022-09-05 04:00:00+00:00,0.5,0.5,26.864386,15.220053,343.58914
2022-09-05 05:00:00+00:00,0.3,0.3,25.791801,15.246311,337.64026
2022-09-05 06:00:00+00:00,0.2,0.2,24.89709,14.221462,333.25485
2022-09-05 07:00:00+00:00,0.6,0.6,23.877905,14.71394,332.9126
2022-09-05 08:00:00+00:00,0.6,0.6,24.1027,14.543727,328.4958
2022-09-05 09:00:00+00:00,0.4,0.4,23.253136,14.339107,326.08826
2022-09-05 10:00:00+00:00,0.1,0.1,23.095419,12.903488,324.46225
2022-09-05 11:00:00+00:00,0.0,0.0,22.674744,12.625371,319.49722
2022-09-05 12:00:00+00:00,0.0,0.0,22.762205,11.610341,317.7928
2022-09-05 13:00:00+00:00,0.0,0.0,22.351797,10.466136,314.22586
2022-09-05 14:00:00+00:00,0.0,0.0,21.602266,9.546204,314.57562
2022-09-05 15:00:00+00:00,0.0,0.0,20.996836,9.013878,310.04965
2022-09-05 16:00:00+00:00,0.0,0.0,20.475208,8.766413,302.42105
2022-09-05 17:00:00+00:00,0.0,0.0,19.943684,8.459906,298.9887
2022-09-05 18:00:00+00:00,0.0,0.0,19.728456,7.8721027,295.58847
2022-09-05 19:00:00+00:00,0.0,0.0,19.41334,7.4686007,296.2219
2022-09-05 20:00:00+00:00,0.0,0.0,19.28727,7.256032,299.74478
2022-09-05 21:00:00+00:00,0.0,0.0,19.348694,6.5764737,298.12363
2022-09-05 22:00:00+00:00,0.0,0.0,19.608107,6.352952,298.1785
2022-09-05 23:00:00+00:00,0.0,0.0,22.292494,6.621933,308.25446
2022-09-06 00:00:00+00:00,0.0,0.0,25.25273,2.2847319,293.1986
2022-09-06 01:00:00+00:00,0.0,0.0,27.703424,1.3601471,323.97253
2022-09-06 02:00:00+00:00,0.0,0.0,30.173542,1.3453624,318.01288
2022-09-06 03:00:00+00:00,0.0,0.0,32.459023,0.82462114,284.03625
2022-09-06 04:00:00+00:00,0.0,0.0,34.1694,0.70710677,261.87
2022-09-06 05:00:00+00:00,0.0,0.0,34.15776,1.56205,219.80553
2022-09-06 06:00:00+00:00,0.0,0.0,34.03735,2.1400933,217.40543
2022-09-06 07:00:00+00:00,0.0,0.0,33.152874,2.4207437,218.2902
2022-09-06 08:00:00+00:00,0.0,0.0,32.344078,2.7802877,217.6943
2022-09-06 09:00:00+00:00,0.0,0.0,32.269848,1.8027756,213.6901
2022-09-06 10:00:00+00:00,0.0,0.0,32.00682,2.404163,163.0724
2022-09-06 11:00:00+00:00,0.0,0.0,28.344208,5.7271285,167.90526
2022-09-06 12:00:00+00:00,0.0,0.0,27.899284,4.8093657,176.42374
2022-09-06 13:00:00+00:00,0.0,0.0,27.052017,5.8940644,165.2564
2022-09-06 14:00:00+00:00,0.0,0.0,26.602247,6.4132676,169.21574
2022-09-06 15:00:00+00:00,0.0,0.0,26.429518,6.530697,168.51804
2022-09-06 16:00:00+00:00,0.0,0.0,26.135063,6.551336,167.66092
2022-09-06 17:00:00+00:00,0.0,0.0,25.625347,6.0016665,169.43904
2022-09-06 18:00:00+00:00,0.0,0.0,25.307798,5.6885853,169.8754
2022-09-06 19:00:00+00:00,0.0,0.0,25.339684,6.067125,171.46931
2022-09-06 20:00:00+00:00,0.0,0.0,25.577868,6.0299253,174.2895
2022-09-06 21:00:00+00:00,0.0,0.0,25.578474,5.7035074,177.9905
2022-09-06 22:00:00+00:00,0.0,0.0,25.862486,5.400926,178.93912
2022-09-06 23:00:00+00:00,0.0,0.0,28.752415,5.400926,178.93912
2022-09-07 00:00:00+00:00,0.0,0.0,31.002037,3.8013155,178.4926
2022-09-07 01:00:00+00:00,0.0,0.0,32.928684,3.1016126,181.84756
2022-09-07 02:00:00+00:00,0.0,0.0,34.95385,3.1064448,183.69131
2022-09-07 03:00:00+00:00,0.0,0.0,36.61676,2.7294688,188.42688
2022-09-07 04:00:00+00:00,0.0,0.0,37.58661,2.4698179,201.37068
2022-09-07 05:00:00+00:00,0.0,0.0,37.67615,2.118962,199.29015
2022-09-07 06:00:00+00:00,0.0,0.0,36.409824,2.7892652,194.5345
2022-09-07 07:00:00+00:00,0.1,0.1,35.312416,3.324154,186.91113
2022-09-07 08:00:00+00:00,0.0,0.0,33.88818,4.219004,174.55975
2022-09-07 09:00:00+00:00,0.0,0.0,31.3573,6.0926185,156.80138
2022-09-07 10:00:00+00:00,0.0,0.0,29.596745,6.6730804,150.36171
2022-09-07 11:00:00+00:00,0.0,0.0,28.388744,6.6610813,144.16226
2022-09-07 12:00:00+00:00,0.0,0.0,27.997082,7.072482,146.53459
2022-09-07 13:00:00+00:00,0.0,0.0,27.37934,7.379024,153.43501
2022-09-07 14:00:00+00:00,0.0,0.0,26.808558,6.9892774,160.78723
2022-09-07 15:00:00+00:00,0.0,0.0,26.909035,6.705222,162.64589
2022-09-07 16:00:00+00:00,0.0,0.0,26.44121,6.041523,167.57407
2022-09-07 17:00:00+00:00,0.0,0.0,25.97743,5.772348,165.96373
2022-09-07 18:00:00+00:00,0.0,0.0,25.641489,5.3600373,165.96373
2022-09-07 19:00:00+00:00,0.0,0.0,25.45133,4.850773,165.67725
2022-09-07 20:00:00+00:00,0.0,0.0,25.20911,4.753946,165.37909
2022-09-07 21:00:00+00:00,0.0,0.0,24.563513,4.609772,167.4712
2022-09-07 22:00:00+00:00,0.0,0.0,25.528856,3.0016663,181.9091
2022-09-07 23:00:00+00:00,0.0,0.0,27.313837,2.0615528,129.09386
2022-09-08 00:00:00+00:00,0.0,0.0,29.669537,2.886174,75.96373
2022-09-08 01:00:00+00:00,0.0,0.0,30.649815,3.4058774,86.63361
2022-09-08 02:00:00+00:00,0.0,0.0,31.912186,4.101219,88.60285
2022-09-08 03:00:00+00:00,0.0,0.0,33.071373,4.20119,91.3639
2022-09-08 04:00:00+00:00,0.0,0.0,33.667908,4.20119,88.6361
2022-09-08 05:00:00+00:00,0.0,0.0,33.764256,4.204759,87.27374
2022-09-08 06:00:00+00:00,0.1,0.1,32.535343,4.428318,83.51703
2022-09-08 07:00:00+00:00,0.1,0.1,31.046307,4.414748,76.908104
2022-09-08 08:00:00+00:00,0.0,0.0,29.041077,5.748913,76.93068
2022-09-08 09:00:00+00:00,0.0,0.0,27.40802,5.869412,76.20049
2022-09-08 10:00:00+00:00,0.0,0.0,26.83627,6.016644,74.57778
2022-09-08 11:00:00+00:00,0.0,0.0,27.136703,5.7280016,73.77974
2022-09-08 12:00:00+00:00,0.0,0.0,27.078142,5.9506307,65.157646
2022-09-08 13:00:00+00:00,0.0,0.0,26.401129,6.1032777,55.0079
2022-09-08 14:00:00+00:00,0.0,0.0,25.555084,5.7688823,56.309914
2022-09-08 15:00:00+00:00,0.0,0.0,24.708324,6.185467,55.539124
2022-09-08 16:00:00+00:00,0.0,0.0,24.54452,6.3631754,59.80847
2022-09-08 17:00:00+00:00,0.0,0.0,24.389263,5.8309517,67.83361
2022-09-08 18:00:00+00:00,0.0,0.0,24.059488,5.6302757,70.27763
2022-09-08 19:00:00+00:00,0.0,0.0,23.938784,4.9193497,63.435013
2022-09-08 20:00:00+00:00,0.0,0.0,23.314285,5.2430906,55.09743
2022-09-08 21:00:00+00:00,0.0,0.0,22.802374,5.5803227,53.74608
2022-09-08 22:00:00+00:00,0.0,0.0,23.266573,5.2630787,51.170166
2022-09-08 23:00:00+00:00,0.0,0.0,24.921053,5.5226803,47.93576
2022-09-09 00:00:00+00:00,0.0,0.0,25.322124,4.89183,49.144714
2022-09-09 01:00:00+00:00,0.0,0.0,26.21249,4.8104053,46.684647
2022-09-09 02:00:00+00:00,0.0,0.0,27.624746,4.9517674,46.636536
2022-09-09 03:00:00+00:00,0.0,0.0,28.755547,5.307542,47.290634
2022-09-09 04:00:00+00:00,0.0,0.0,29.156937,5.448853,47.231197
2022-09-09 05:00:00+00:00,0.0,0.0,28.996155,5.8051705,47.792774
2022-09-09 06:00:00+00:00,0.0,0.0,28.501705,5.8258047,50.572224
2022-09-09 07:00:00+00:00,0.0,0.0,27.287493,5.700877,52.124958
2022-09-09 08:00:00+00:00,0.0,0.0,26.226414,5.481788,51.666626
2022-09-09 09:00:00+00:00,0.0,0.0,25.418674,5.4644303,55.43741
2022-09-09 10:00:00+00:00,0.0,0.0,25.280365,4.9648767,55.66973
2022-09-09 11:00:00+00:00,0.0,0.0,24.909208,5.0328918,49.02836
2022-09-09 12:00:00+00:00,0.0,0.0,24.615528,5.3037724,45.763813
2022-09-09 13:00:00+00:00,0.0,0.0,24.730942,4.8600416,36.634212
2022-09-09 14:00:00+00:00,0.0,0.0,24.30459,4.883646,42.510403
2022-09-09 15:00:00+00:00,0.0,0.0,23.643463,4.080441,53.972538
2022-09-09 16:00:00+00:00,0.0,0.0,23.365273,3.6359317,58.495792
2022-09-09 17:00:00+00:00,0.0,0.0,23.462006,3.443835,64.17907
2022-09-09 18:00:00+00:00,0.0,0.0,24.048601,3.1320918,73.300674
2022-09-09 19:00:00+00:00,0.0,0.0,24.076954,3.1144822,84.47256
2022-09-09 20:00:00+00:00,0.0,0.0,24.232952,2.408319,85.23644
2022-09-09 21:00:00+00:00,0.0,0.0,23.888,2.2022717,87.3975
2022-09-09 22:00:00+00:00,0.0,0.0,23.718256,2.236068,79.69521
2022-09-09 23:00:00+00:00,0.0,0.0,25.6462,1.9697715,66.037506
2022-09-10 00:00:00+00:00,0.0,0.0,26.613943,0.41231057,14.036275
2022-09-10 01:00:00+00:00,0.0,0.0,27.374887,2.529822,71.564964
2022-09-10 02:00:00+00:00,0.0,0.0,28.551289,2.4738634,75.96373
2022-09-10 03:00:00+00:00,0.0,0.0,29.801651,2.529822,71.564964
2022-09-10 04:00:00+00:00,0.0,0.0,30.240883,3.0364454,72.75845
2022-09-10 05:00:00+00:00,0.0,0.0,30.230206,3.733631,69.62349
2022-09-10 06:00:00+00:00,0.0,0.0,28.329731,4.88467,67.10942
2022-09-10 07:00:00+00:00,0.0,0.0,28.00483,5.0695167,67.98867
2022-09-10 08:00:00+00:00,0.0,0.0,27.87003,4.438468,67.47939
2022-09-10 09:00:00+00:00,0.0,0.0,27.514637,4.7759814,70.42679
2022-09-10 10:00:00+00:00,0.0,0.0,27.152952,5.2810984,71.22187
2022-09-10 11:00:00+00:00,0.0,0.0,26.476562,5.597321,71.24126
2022-09-10 12:00:00+00:00,0.0,0.0,27.04409,5.99333,64.2901
2022-09-10 13:00:00+00:00,0.0,0.0,26.918999,6.1846585,67.16631
2022-09-10 14:00:00+00:00,0.0,0.0,26.650661,5.4230986,67.21756
2022-09-10 15:00:00+00:00,0.0,0.0,26.319868,5.4083266,70.559875
2022-09-10 16:00:00+00:00,0.0,0.0,26.137627,4.90408,69.717354
2022-09-10 17:00:00+00:00,0.0,0.0,25.8203,5.2325897,63.924713
2022-09-10 18:00:00+00:00,0.0,0.0,25.332603,5.8180757,65.63756
2022-09-10 19:00:00+00:00,0.0,0.0,25.05618,4.609772,49.398785
2022-09-10 20:00:00+00:00,0.0,0.0,25.012985,4.9578223,48.270576
2022-09-10 21:00:00+00:00,0.0,0.0,24.618406,4.750789,40.732014
2022-09-10 22:00:00+00:00,0.0,0.0,25.12502,5.0695167,22.01134
2022-09-10 23:00:00+00:00,0.0,0.0,26.855696,5.3600373,14.036275
2022-09-11 00:00:00+00:00,0.0,0.0,27.430622,4.565085,28.810698
2022-09-11 01:00:00+00:00,0.0,0.0,28.613953,4.20119,38.23387
2022-09-11 02:00:00+00:00,0.0,0.0,29.791111,3.88973,43.958473
2022-09-11 03:00:00+00:00,0.0,0.0,31.577152,3.4655447,46.169064
2022-09-11 04:00:00+00:00,0.0,0.0,32.205544,3.3241541,43.7812
2022-09-11 05:00:00+00:00,0.0,0.0,31.82793,3.8013155,35.362556
2022-09-11 06:00:00+00:00,0.0,0.0,30.942791,3.9446166,30.465475
2022-09-11 07:00:00+00:00,0.0,0.0,30.293083,4.6861496,39.805527
2022-09-11 08:00:00+00:00,0.0,0.0,29.893986,4.8414874,51.709793
2022-09-11 09:00:00+00:00,0.0,0.0,28.62001,5.7982755,44.999897
2022-09-11 10:00:00+00:00,0.0,0.0,27.883018,5.7801385,52.73353
2022-09-11 11:00:00+00:00,0.0,0.0,27.785969,5.5,53.13002
2022-09-11 12:00:00+00:00,0.0,0.0,27.35556,5.728001,45.707233
2022-09-11 13:00:00+00:00,0.0,0.0,27.09922,5.5,36.86999
2022-09-11 14:00:00+00:00,0.0,0.0,27.218475,5.185557,39.522606
2022-09-11 15:00:00+00:00,0.0,0.0,27.004126,5.2630787,38.829834
2022-09-11 16:00:00+00:00,0.0,0.0,27.160635,5.077401,32.124966
2022-09-11 17:00:00+00:00,0.0,0.0,26.9164,5.0990195,25.559923
2022-09-11 18:00:00+00:00,0.0,0.0,26.97811,4.792703,23.355589
2022-09-11 19:00:00+00:00,0.0,0.0,26.392458,5.9439044,12.633354
2022-09-11 20:00:00+00:00,0.0,0.0,26.139904,6.2169123,11.129155
2022-09-11 21:00:00+00:00,0.0,0.0,26.557112,5.7974133,14.995138
2022-09-11 22:00:00+00:00,0.0,0.0,26.599129,6.0083275,18.435053
2022-09-11 23:00:00+00:00,0.1,0.1,26.281889,7.156815,15.395606
2022-09-12 00:00:00+00:00,2.9,2.9,26.5238,7.088018,16.389616
2022-09-12 01:00:00+00:00,0.9,0.9,26.17684,6.621178,25.016869
2022-09-12 02:00:00+00:00,0.7,0.7,26.486504,6.795587,32.988533
2022-09-12 03:00:00+00:00,0.9,0.9,27.530535,6.2482,39.805527
2022-09-12 04:00:00+00:00,0.0,0.0,28.510292,5.9033885,38.81139
2022-09-12 05:00:00+00:00,0.0,0.0,29.290936,6.300793,35.960606
2022-09-12 06:00:00+00:00,0.1,0.1,28.433426,6.4070277,34.18618
2022-09-12 07:00:00+00:00,0.2,0.2,28.198555,6.2128897,33.178535
2022-09-12 08:00:00+00:00,0.1,0.1,28.222382,6.0,36.86998
2022-09-12 09:00:00+00:00,0.0,0.0,26.557688,7.1217976,51.842735
2022-09-12 10:00:00+00:00,0.0,0.0,26.648232,5.663921,47.862484
2022-09-12 11:00:00+00:00,0.1,0.1,26.740456,5.5946403,28.855572
2022-09-12 12:00:00+00:00,0.3,0.3,25.839775,8.523497,31.078976
2022-09-12 13:00:00+00:00,1.5,1.5,26.055544,7.068239,64.8852
2022-09-12 14:00:00+00:00,0.5,0.5,26.689117,6.2769423,59.349415
2022-09-12 15:00:00+00:00,0.2,0.2,27.46669,5.9228373,78.31066
2022-09-12 16:00:00+00:00,0.1,0.1,27.547789,6.0440054,73.66389
2022-09-12 17:00:00+00:00,0.5,0.5,27.194077,7.206941,60.94549
2022-09-12 18:00:00+00:00,0.9,0.9,27.305567,7.430343,61.020393
2022-09-12 19:00:00+00:00,0.6,0.6,26.934025,7.7103825,46.576496
2022-09-12 20:00:00+00:00,0.7,0.7,26.925673,7.7833157,42.917442
2022-09-12 21:00:00+00:00,1.2,1.2,26.170027,7.605919,65.11967
2022-09-12 22:00:00+00:00,2.9,2.9,26.649433,6.7178864,45.60303
2022-09-12 23:00:00+00:00,3.2,3.2,26.83206,8.627862,44.06091
2022-09-13 00:00:00+00:00,3.1,3.1,24.374128,11.834271,41.23138
2022-09-13 01:00:00+00:00,1.0,1.0,25.281073,11.469089,42.172813
2022-09-13 02:00:00+00:00,1.4,1.4,25.259851,11.121151,37.694313
2022-09-13 03:00:00+00:00,0.9,0.9,25.563978,10.720076,36.656208
2022-09-13 04:00:00+00:00,0.1,0.1,25.7551,10.875661,32.22873
2022-09-13 05:00:00+00:00,0.1,0.1,26.346117,10.643778,26.805723
2022-09-13 06:00:00+00:00,0.8,0.8,26.224432,10.340696,18.610262
2022-09-13 07:00:00+00:00,1.6,1.6,25.70675,11.962023,23.135725
2022-09-13 08:00:00+00:00,0.7,0.7,25.82603,12.4169235,30.488861
2022-09-13 09:00:00+00:00,1.8,1.8,25.799149,10.816653,19.440128
2022-09-13 10:00:00+00:00,1.9,1.9,24.941057,11.810588,25.046171
2022-09-13 11:00:00+00:00,0.7,0.7,25.33839,11.717081,26.346296
2022-09-13 12:00:00+00:00,0.2,0.2,25.355429,9.551963,19.573223
2022-09-13 13:00:00+00:00,4.6,4.6,25.088955,9.953894,22.442802
2022-09-13 14:00:00+00:00,4.0,4.0,25.213041,11.005452,19.093594
2022-09-13 15:00:00+00:00,4.7,4.7,24.687737,13.192801,26.564985
2022-09-13 16:00:00+00:00,0.6,0.6,25.471106,12.720062,53.31019
2022-09-13 17:00:00+00:00,3.8,3.8,25.562202,10.404326,35.217674
2022-09-13 18:00:00+00:00,3.6,3.6,26.656713,8.883693,31.184912
2022-09-13 19:00:00+00:00,5.2,5.2,26.649452,6.3198104,4.5376954
2022-09-13 20:00:00+00:00,2.0,2.0,26.368866,6.400781,0.8951557
2022-09-13 21:00:00+00:00,2.2,2.2,27.625275,3.4234486,6.70975
2022-09-13 22:00:00+00:00,3.9,3.9,27.394466,1.8439089,12.528798
2022-09-13 23:00:00+00:00,9.8,9.8,26.027418,2.7166157,353.6599
2022-09-14 00:00:00+00:00,1.8,1.8,28.64116,2.3600848,36.38445
2022-09-14 01:00:00+00:00,0.0,0.0,30.61353,2.1400933,52.594578
2022-09-14 02:00:00+00:00,0.0,0.0,31.210438,2.6476402,79.11452
2022-09-14 03:00:00+00:00,0.0,0.0,31.521553,3.4885528,62.70051
2022-09-14 04:00:00+00:00,0.7,0.7,28.544655,7.4040527,73.52305
2022-09-14 05:00:00+00:00,0.3,0.3,29.283497,6.594695,49.304558
2022-09-14 06:00:00+00:00,1.0,1.0,28.493992,8.450444,50.28129
2022-09-14 07:00:00+00:00,0.8,0.8,27.832863,8.602325,54.46224
2022-09-14 08:00:00+00:00,1.9,1.9,26.91064,9.7,42.07495
2022-09-14 09:00:00+00:00,3.0,3.0,26.648363,10.171037,30.094158
2022-09-14 10:00:00+00:00,2.2,2.2,27.08912,10.089599,39.36931
2022-09-14 11:00:00+00:00,3.5,3.5,27.048145,11.088734,39.143982
2022-09-14 12:00:00+00:00,5.4,5.4,26.728077,14.366976,33.358265
2022-09-14 13:00:00+00:00,6.8,6.8,25.75998,15.55667,39.522606
2022-09-14 14:00:00+00:00,9.4,9.4,25.148018,17.121332,46.893375
2022-09-14 15:00:00+00:00,15.0,15.0,23.721037,21.21509,45.763813
2022-09-14 16:00:00+00:00,8.5,8.5,23.883282,21.601156,63.909492
2022-09-14 17:00:00+00:00,13.8,13.8,22.028309,24.896585,66.3179
2022-09-14 18:00:00+00:00,1.1,1.1,28.589691,9.121952,134.55591
2022-09-14 19:00:00+00:00,0.2,0.2,22.873024,20.655266,223.4307
2022-09-14 20:00:00+00:00,0.1,0.1,23.05257,19.101046,216.27007
2022-09-14 21:00:00+00:00,0.2,0.2,21.469147,17.628386,204.82051
2022-09-14 22:00:00+00:00,0.8,0.8,20.685696,16.904734,206.71655
2022-09-14 23:00:00+00:00,0.5,0.5,21.149727,15.388308,207.89717
2022-09-15 00:00:00+00:00,0.2,0.2,22.794956,15.126797,211.48338
2022-09-15 01:00:00+00:00,0.4,0.4,23.518986,13.952061,214.48743
2022-09-15 02:00:00+00:00,0.1,0.1,24.653732,12.525574,222.73521
2022-09-15 03:00:00+00:00,0.0,0.0,25.84827,12.675173,235.93376
2022-09-15 04:00:00+00:00,0.1,0.1,26.702587,10.264989,234.91644
2022-09-15 05:00:00+00:00,0.4,0.4,27.403248,9.741663,238.43108
2022-09-15 06:00:00+00:00,0.1,0.1,27.38611,10.272779,238.94066
2022-09-15 07:00:00+00:00,0.0,0.0,27.730198,8.276473,241.88689
2022-09-15 08:00:00+00:00,0.0,0.0,27.756714,7.539231,248.19853
2022-09-15 09:00:00+00:00,0.0,0.0,27.094395,7.0092797,255.96373
2022-09-15 10:00:00+00:00,0.0,0.0,26.129412,6.5802736,253.21727
2022-09-15 11:00:00+00:00,0.0,0.0,25.59572,6.109828,248.89508
2022-09-15 12:00:00+00:00,0.0,0.0,25.815952,4.88467,247.1094
2022-09-15 13:00:00+00:00,0.0,0.0,25.499083,4.4654226,235.95401
2022-09-15 14:00:00+00:00,0.0,0.0,25.010519,4.2720017,237.42595
2022-09-15 15:00:00+00:00,0.0,0.0,24.517447,4.3266616,236.3099
2022-09-15 16:00:00+00:00,0.0,0.0,23.945242,4.4598207,222.27362
2022-09-15 17:00:00+00:00,0.0,0.0,23.653112,4.7801676,217.34943
2022-09-15 18:00:00+00:00,0.0,0.0,23.38417,4.6861496,219.80553
2022-09-15 19:00:00+00:00,0.0,0.0,23.049683,4.9406476,234.0578
2022-09-15 20:00:00+00:00,0.0,0.0,22.686382,5.3665633,243.43501
2022-09-15 21:00:00+00:00,0.0,0.0,22.48449,5.3851643,254.93146
2022-09-15 22:00:00+00:00,0.0,0.0,22.616163,5.0990195,258.6901
2022-09-15 23:00:00+00:00,0.0,0.0,24.880556,4.707441,257.73523
2022-09-16 00:00:00+00:00,0.0,0.0,26.857601,2.8792362,249.67677
2022-09-16 01:00:00+00:00,0.0,0.0,28.97047,2.059126,240.94548
2022-09-16 02:00:00+00:00,0.1,0.1,30.353645,2.8231187,247.06787
2022-09-16 03:00:00+00:00,0.2,0.2,30.62341,3.443835,244.17906
2022-09-16 04:00:00+00:00,0.2,0.2,30.855072,3.8999999,247.3801
2022-09-16 05:00:00+00:00,0.2,0.2,31.241707,4.0521603,254.24875
2022-09-16 06:00:00+00:00,0.2,0.2,30.91095,4.3566046,260.75397
2022-09-16 07:00:00+00:00,0.1,0.1,30.278023,4.0112343,265.71094
2022-09-16 08:00:00+00:00,0.0,0.0,30.288425,3.7,270.0
2022-09-16 09:00:00+00:00,0.0,0.0,30.117676,3.6345563,277.90707
2022-09-16 10:00:00+00:00,0.0,0.0,29.66906,2.9410882,287.81897
2022-09-16 11:00:00+00:00,0.0,0.0,28.74437,1.8357561,330.64233
2022-09-16 12:00:00+00:00,0.0,0.0,28.11728,2.0248456,339.77505
2022-09-16 13:00:00+00:00,0.0,0.0,28.213043,1.4035668,4.085537
2022-09-16 14:00:00+00:00,0.0,0.0,27.734005,1.2369317,14.036275
2022-09-16 15:00:00+00:00,0.0,0.0,26.768568,1.2,360.0
2022-09-16 16:00:00+00:00,0.0,0.0,25.85835,1.4866068,340.3461
2022-09-16 17:00:00+00:00,0.0,0.0,25.5734,1.5,360.0
2022-09-16 18:00:00+00:00,0.0,0.0,25.49017,1.8248286,9.462261
2022-09-16 19:00:00+00:00,0.0,0.0,25.888597,1.8,360.0
2022-09-16 20:00:00+00:00,0.0,0.0,26.142181,2.2135942,341.56494
2022-09-16 21:00:00+00:00,0.0,0.0,26.308327,2.6925821,344.93146
2022-09-16 22:00:00+00:00,0.0,0.0,26.161533,2.886174,345.9637
2022-09-16 23:00:00+00:00,0.0,0.0,27.90696,3.3734255,348.0239
2022-09-17 00:00:00+00:00,0.0,0.0,28.29515,3.1320918,343.3007
2022-09-17 01:00:00+00:00,0.1,0.1,29.177052,3.6,360.0
2022-09-17 02:00:00+00:00,0.1,0.1,29.705257,3.3015149,358.26434
2022-09-17 03:00:00+00:00,0.1,0.1,31.184986,3.535534,351.87
2022-09-17 04:00:00+00:00,0.1,0.1,31.795002,4.1593266,350.31128
2022-09-17 05:00:00+00:00,0.0,0.0,31.600227,4.704253,2.4366064
2022-09-17 06:00:00+00:00,0.0,0.0,30.923893,4.738143,7.274921
2022-09-17 07:00:00+00:00,0.0,0.0,29.9721,5.124451,17.020617
2022-09-17 08:00:00+00:00,0.0,0.0,29.440727,4.830114,27.095472
2022-09-17 09:00:00+00:00,0.0,0.0,28.928856,4.7010636,29.29127
2022-09-17 10:00:00+00:00,0.0,0.0,28.091637,5.249762,40.364468
2022-09-17 11:00:00+00:00,0.0,0.0,27.371439,5.2630787,38.829834
2022-09-17 12:00:00+00:00,0.0,0.0,26.980257,5.95399,29.147985
2022-09-17 13:00:00+00:00,0.0,0.0,26.754353,5.9506307,24.842371
2022-09-17 14:00:00+00:00,0.0,0.0,26.546144,5.920304,15.679591
2022-09-17 15:00:00+00:00,0.0,0.0,26.34264,5.885576,9.782338
2022-09-17 16:00:00+00:00,0.0,0.0,25.977436,6.152235,7.4714665
2022-09-17 17:00:00+00:00,0.0,0.0,25.811941,6.1008196,0.93916947
2022-09-17 18:00:00+00:00,0.0,0.0,25.675089,5.9665737,346.42953
2022-09-17 19:00:00+00:00,0.0,0.0,25.271734,6.356099,347.27563
2022-09-17 20:00:00+00:00,0.0,0.0,24.989765,7.0830784,346.94473
2022-09-17 21:00:00+00:00,0.0,0.0,25.515978,6.6753273,351.38443
2022-09-17 22:00:00+00:00,0.0,0.0,25.437237,6.806614,349.8458
2022-09-17 23:00:00+00:00,0.0,0.0,25.36467,7.6295476,349.4265
2022-09-18 00:00:00+00:00,0.0,0.0,26.087143,7.864477,348.26144
2022-09-18 01:00:00+00:00,0.0,0.0,26.581245,8.459313,353.21112
2022-09-18 02:00:00+00:00,0.0,0.0,26.299631,8.811923,350.85843
2022-09-18 03:00:00+00:00,0.0,0.0,27.186625,8.829496,346.90808
2022-09-18 04:00:00+00:00,0.0,0.0,27.990627,9.121404,344.7448
2022-09-18 05:00:00+00:00,0.0,0.0,29.313412,8.888757,342.99197
2022-09-18 06:00:00+00:00,0.0,0.0,28.889286,8.759566,341.35812
2022-09-18 07:00:00+00:00,0.0,0.0,27.16352,9.533625,344.79755
2022-09-18 08:00:00+00:00,0.0,0.0,26.423744,9.330059,340.59393
2022-09-18 09:00:00+00:00,0.0,0.0,26.273087,9.033826,333.71866
2022-09-18 10:00:00+00:00,0.0,0.0,25.131132,9.315042,330.4078
2022-09-18 11:00:00+00:00,0.0,0.0,24.128412,9.4541,336.9605
2022-09-18 12:00:00+00:00,0.0,0.0,24.422468,10.701869,336.3093
2022-09-18 13:00:00+00:00,0.0,0.0,24.040577,10.255242,336.4346
2022-09-18 14:00:00+00:00,0.0,0.0,23.679249,9.947865,329.82657
2022-09-18 15:00:00+00:00,0.0,0.0,23.198185,10.182829,321.7795
2022-09-18 16:00:00+00:00,0.0,0.0,23.036182,10.167104,320.98813
2022-09-18 17:00:00+00:00,0.0,0.0,22.901009,10.381232,324.01312
2022-09-18 18:00:00+00:00,0.0,0.0,22.808887,10.171037,329.90585
2022-09-18 19:00:00+00:00,0.0,0.0,22.646849,9.588014,329.9587
2022-09-18 20:00:00+00:00,0.0,0.0,22.23843,9.712878,331.0601
2022-09-18 21:00:00+00:00,0.0,0.0,21.77358,9.848858,330.8325
2022-09-18 22:00:00+00:00,0.0,0.0,21.580656,9.660745,334.2307
2022-09-18 23:00:00+00:00,0.0,0.0,22.687563,9.261209,335.09525
2022-09-19 00:00:00+00:00,0.0,0.0,23.536129,8.723532,334.90378
2022-09-19 01:00:00+00:00,0.0,0.0,24.299288,8.91852,342.3776
2022-09-19 02:00:00+00:00,0.0,0.0,25.0083,9.588014,343.6441
2022-09-19 03:00:00+00:00,0.0,0.0,25.708138,9.726767,345.10648
2022-09-19 04:00:00+00:00,0.0,0.0,26.274738,9.865597,349.48743
2022-09-19 05:00:00+00:00,0.0,0.0,25.964058,10.18332,352.6657
2022-09-19 06:00:00+00:00,0.0,0.0,25.04256,10.855874,354.18445
2022-09-19 07:00:00+00:00,0.0,0.0,23.986132,10.720075,351.41644
2022-09-19 08:00:00+00:00,0.0,0.0,23.166382,10.647066,354.61078
2022-09-19 09:00:00+00:00,0.0,0.0,22.262854,10.846198,354.71
2022-09-19 10:00:00+00:00,0.0,0.0,20.861008,10.890363,352.61404
2022-09-19 11:00:00+00:00,0.0,0.0,20.191204,10.756393,354.1305
2022-09-19 12:00:00+00:00,0.0,0.0,20.717995,9.762172,353.53027
2022-09-19 13:00:00+00:00,0.0,0.0,20.519447,9.426027,355.74124
2022-09-19 14:00:00+00:00,0.0,0.0,19.754688,9.60833,357.6141
2022-09-19 15:00:00+00:00,0.0,0.0,19.411139,9.304837,358.15244
2022-09-19 16:00:00+00:00,0.0,0.0,19.280388,8.702298,358.6831
2022-09-19 17:00:00+00:00,0.0,0.0,19.067122,8.70919,357.3676
2022-09-19 18:00:00+00:00,0.0,0.0,18.79789,8.8,360.0
2022-09-19 19:00:00+00:00,0.0,0.0,18.767502,8.70919,2.632387
2022-09-19 20:00:00+00:00,0.0,0.0,18.595455,8.728115,4.600014
2022-09-19 21:00:00+00:00,0.0,0.0,18.47903,8.620905,3.9908433
2022-09-19 22:00:00+00:00,0.0,0.0,18.38251,9.079648,7.59456
2022-09-19 23:00:00+00:00,0.0,0.0,19.886665,8.881442,7.7650824
2022-09-20 00:00:00+00:00,0.0,0.0,20.426853,8.492938,12.236096
2022-09-20 01:00:00+00:00,0.0,0.0,21.405006,8.7097645,12.60016
2022-09-20 02:00:00+00:00,0.0,0.0,22.243357,8.570881,7.373672
2022-09-20 03:00:00+00:00,0.0,0.0,23.357292,8.161495,7.037845
2022-09-20 04:00:00+00:00,0.0,0.0,24.348442,8.205485,2.0952063
2022-09-20 05:00:00+00:00,0.0,0.0,23.924952,8.927485,4.4970694
2022-09-20 06:00:00+00:00,0.0,0.0,23.140627,8.836288,5.19435
2022-09-20 07:00:00+00:00,0.0,0.0,21.880617,8.757282,6.5568495
2022-09-20 08:00:00+00:00,0.0,0.0,20.895796,9.079648,7.59456
2022-09-20 09:00:00+00:00,0.0,0.0,20.408422,8.729835,9.893861
2022-09-20 10:00:00+00:00,0.0,0.0,19.9045,8.807384,12.458241
2022-09-20 11:00:00+00:00,0.0,0.0,19.830605,8.17435,14.886319
2022-09-20 12:00:00+00:00,0.0,0.0,20.213978,6.726812,11.142857
2022-09-20 13:00:00+00:00,0.0,0.0,20.928074,5.80517,10.922761
2022-09-20 14:00:00+00:00,0.0,0.0,20.690979,6.865857,12.619325
2022-09-20 15:00:00+00:00,0.0,0.0,19.842766,7.1449285,6.4286604
2022-09-20 16:00:00+00:00,0.0,0.0,19.889175,7.244308,6.3401003
2022-09-20 17:00:00+00:00,0.0,0.0,19.836529,7.746612,11.16485
2022-09-20 18:00:00+00:00,0.0,0.0,19.320377,8.44334,18.64963
2022-09-20 19:00:00+00:00,0.0,0.0,18.896114,8.5440035,20.556128
2022-09-20 20:00:00+00:00,0.0,0.0,18.779877,7.8771825,20.045338
2022-09-20 21:00:00+00:00,0.0,0.0,18.761475,7.4732857,24.507391
2022-09-20 22:00:00+00:00,0.0,0.0,18.912243,6.9354167,24.71742
2022-09-20 23:00:00+00:00,0.0,0.0,20.148834,6.2177167,27.801373
2022-09-21 00:00:00+00:00,0.0,0.0,20.42254,5.9093146,23.962492
2022-09-21 01:00:00+00:00,0.0,0.0,21.829346,5.72014,36.469334
2022-09-21 02:00:00+00:00,0.0,0.0,22.350657,5.685068,39.289394
2022-09-21 03:00:00+00:00,0.0,0.0,22.0006,5.375872,43.492626
2022-09-21 04:00:00+00:00,0.0,0.0,22.271109,4.816638,48.366554
2022-09-21 05:00:00+00:00,0.0,0.0,22.513756,4.3931766,48.69148
2022-09-21 06:00:00+00:00,0.0,0.0,22.67647,4.770744,56.976128
2022-09-21 07:00:00+00:00,0.0,0.0,22.345379,4.3829217,62.850407
2022-09-21 08:00:00+00:00,0.0,0.0,22.413181,4.0249224,63.435013
2022-09-21 09:00:00+00:00,0.0,0.0,22.46675,3.4,61.92762
2022-09-21 10:00:00+00:00,0.0,0.0,22.407635,3.0528674,58.392544
2022-09-21 11:00:00+00:00,0.0,0.0,22.03133,2.863564,65.22488
2022-09-21 12:00:00+00:00,0.0,0.0,21.929636,2.9154758,59.03632
2022-09-21 13:00:00+00:00,0.0,0.0,21.084326,3.2280025,73.81073
2022-09-21 14:00:00+00:00,0.0,0.0,20.319042,3.5014284,88.363464
2022-09-21 15:00:00+00:00,0.0,0.0,20.065323,3.0805843,103.13403
2022-09-21 16:00:00+00:00,0.0,0.0,19.679577,2.5942245,117.552734
2022-09-21 17:00:00+00:00,0.0,0.0,19.267664,2.7313,113.749504
2022-09-21 18:00:00+00:00,0.0,0.0,19.036203,2.7856774,111.03758
2022-09-21 19:00:00+00:00,0.0,0.0,19.438707,2.0615528,112.833694
2022-09-21 20:00:00+00:00,0.0,0.0,18.997877,1.5652475,116.56499
2022-09-21 21:00:00+00:00,0.0,0.0,18.48952,1.2806249,128.65984
2022-09-21 22:00:00+00:00,0.0,0.0,18.105467,1.3453624,138.01286
2022-09-21 23:00:00+00:00,0.0,0.0,20.46261,2.1633308,146.3099
2022-09-22 00:00:00+00:00,0.0,0.0,24.257195,2.2671568,131.42357
2022-09-22 01:00:00+00:00,0.0,0.0,24.686836,3.3600597,143.47105
2022-09-22 02:00:00+00:00,0.0,0.0,26.003946,3.4176016,159.44388
2022-09-22 03:00:00+00:00,0.0,0.0,27.753593,2.8442926,169.8754
2022-09-22 04:00:00+00:00,0.0,0.0,28.751938,2.5495098,191.30989
2022-09-22 05:00:00+00:00,0.0,0.0,28.6095,2.376973,202.24907
2022-09-22 06:00:00+00:00,0.0,0.0,28.932331,1.4866068,227.72638
2022-09-22 07:00:00+00:00,0.0,0.0,28.752167,0.36055514,326.3099
2022-09-22 08:00:00+00:00,0.0,0.0,27.137678,3.0413814,62.59251
2022-09-22 09:00:00+00:00,0.0,0.0,24.816793,6.412488,93.57626
2022-09-22 10:00:00+00:00,0.0,0.0,23.922289,5.8309517,120.96369
2022-09-22 11:00:00+00:00,0.0,0.0,23.045687,5.9033885,128.8114
2022-09-22 12:00:00+00:00,0.0,0.0,23.245523,5.325411,124.286934
2022-09-22 13:00:00+00:00,0.0,0.0,22.668673,4.263801,129.2894
2022-09-22 14:00:00+00:00,0.0,0.0,22.33373,3.623534,129.40063
2022-09-22 15:00:00+00:00,0.0,0.0,22.040934,3.2202482,126.15828
2022-09-22 16:00:00+00:00,0.0,0.0,21.782528,2.9832866,129.55963
2022-09-22 17:00:00+00:00,0.0,0.0,21.834354,2.1213202,135.0001
2022-09-22 18:00:00+00:00,0.0,0.0,21.031944,1.1661904,149.03632
2022-09-22 19:00:00+00:00,0.0,0.0,20.078375,0.5830952,239.0363
2022-09-22 20:00:00+00:00,0.0,0.0,19.297838,1.2206556,304.9921
2022-09-22 21:00:00+00:00,0.0,0.0,19.131428,2.2671568,318.57642
2022-09-22 22:00:00+00:00,0.0,0.0,19.304811,3.1827662,313.72705
2022-09-22 23:00:00+00:00,0.0,0.0,21.975222,3.1890438,318.81418
2022-09-23 00:00:00+00:00,0.0,0.0,25.491657,2.5553863,329.42084
2022-09-23 01:00:00+00:00,0.0,0.0,26.297274,3.0083218,338.5522
2022-09-23 02:00:00+00:00,0.0,0.0,25.977098,5.10392,357.7543
2022-09-23 03:00:00+00:00,0.0,0.0,24.922647,7.81025,2.93562
2022-09-23 04:00:00+00:00,0.0,0.0,23.62915,9.042676,10.191453
2022-09-23 05:00:00+00:00,0.0,0.0,24.418934,9.831073,9.366447
2022-09-23 06:00:00+00:00,0.0,0.0,22.310093,9.604687,14.470333
2022-09-23 07:00:00+00:00,0.0,0.0,22.379108,8.634812,13.392516
2022-09-23 08:00:00+00:00,0.0,0.0,21.801367,8.149233,14.206798
2022-09-23 09:00:00+00:00,0.0,0.0,20.854855,8.203658,9.117787
2022-09-23 10:00:00+00:00,0.0,0.0,19.286161,8.537564,5.3766203
2022-09-23 11:00:00+00:00,0.0,0.0,18.459614,8.782369,7.853233
2022-09-23 12:00:00+00:00,0.0,0.0,18.927868,7.9075913,13.1575575
2022-09-23 13:00:00+00:00,0.0,0.0,18.238749,7.940403,16.837555
2022-09-23 14:00:00+00:00,0.0,0.0,17.760109,7.788453,15.642312
2022-09-23 15:00:00+00:00,0.0,0.0,17.046862,8.324061,16.04002
2022-09-23 16:00:00+00:00,0.0,0.0,16.67638,8.17435,14.886319
2022-09-23 17:00:00+00:00,0.0,0.0,16.936905,7.6216793,19.148233
2022-09-23 18:00:00+00:00,0.0,0.0,16.761572,7.5610843,20.112684
2022-09-23 19:00:00+00:00,0.0,0.0,16.350348,7.3054776,19.179106
2022-09-23 20:00:00+00:00,0.0,0.0,16.305912,7.169379,22.988754
2022-09-23 21:00:00+00:00,0.0,0.0,16.963943,7.738863,32.868675
2022-09-23 22:00:00+00:00,0.0,0.0,16.67978,7.602631,35.362556
2022-09-23 23:00:00+00:00,0.0,0.0,17.535065,7.640026,37.01997
2022-09-24 00:00:00+00:00,0.0,0.0,18.530838,7.262231,38.290207
2022-09-24 01:00:00+00:00,0.0,0.0,19.66446,6.794115,42.614033
2022-09-24 02:00:00+00:00,0.0,0.0,20.757622,6.296825,43.06944
2022-09-24 03:00:00+00:00,0.0,0.0,22.271517,6.0307546,40.29208
2022-09-24 04:00:00+00:00,0.0,0.0,23.2264,5.9548297,40.9143
2022-09-24 05:00:00+00:00,0.0,0.0,23.504848,6.3780875,48.814175
2022-09-24 06:00:00+00:00,0.0,0.0,22.500164,6.0207973,48.366554
2022-09-24 07:00:00+00:00,0.0,0.0,21.604666,6.7675695,55.840256
2022-09-24 08:00:00+00:00,0.0,0.0,20.849503,6.983552,60.8658
2022-09-24 09:00:00+00:00,0.0,0.0,20.704338,6.797794,63.81196
2022-09-24 10:00:00+00:00,0.0,0.0,20.590797,5.990826,56.57517
2022-09-24 11:00:00+00:00,0.0,0.0,20.408451,5.7628117,51.34017
2022-09-24 12:00:00+00:00,0.0,0.0,19.576948,5.800862,54.117775
2022-09-24 13:00:00+00:00,0.1,0.1,20.149931,4.7801676,52.650585
2022-09-24 14:00:00+00:00,0.0,0.0,19.57912,4.6647615,59.03632
2022-09-24 15:00:00+00:00,0.0,0.0,20.1737,4.4777226,66.29735
2022-09-24 16:00:00+00:00,0.0,0.0,20.13122,4.3863425,65.77226
2022-09-24 17:00:00+00:00,0.0,0.0,19.42803,4.6840153,73.88651
2022-09-24 18:00:00+00:00,0.0,0.0,19.849155,3.3615472,67.24899
2022-09-24 19:00:00+00:00,0.0,0.0,19.136312,4.031129,60.255207
2022-09-24 20:00:00+00:00,0.0,0.0,18.978886,4.3266616,56.3099
2022-09-24 21:00:00+00:00,0.0,0.0,18.767908,4.313931,44.06091
2022-09-24 22:00:00+00:00,0.0,0.0,18.738447,5.4708314,30.784075
2022-09-24 23:00:00+00:00,0.0,0.0,21.193878,5.420332,29.875906
2022-09-25 00:00:00+00:00,0.0,0.0,21.770319,3.920459,52.253136
2022-09-25 01:00:00+00:00,0.0,0.0,22.543562,3.939543,66.037506
2022-09-25 02:00:00+00:00,0.0,0.0,23.2493,3.1622775,55.304783
2022-09-25 03:00:00+00:00,0.0,0.0,23.623413,3.2202482,36.158287
2022-09-25 04:00:00+00:00,0.0,0.0,24.403984,2.7018511,38.990997
2022-09-25 05:00:00+00:00,0.0,0.0,24.780403,2.745906,33.111355
2022-09-25 06:00:00+00:00,0.0,0.0,24.722195,2.7294688,28.442837
2022-09-25 07:00:00+00:00,0.0,0.0,24.244917,3.1016126,20.772345
2022-09-25 08:00:00+00:00,0.0,0.0,22.479864,6.2289643,5.527458
2022-09-25 09:00:00+00:00,0.0,0.0,21.213879,7.088018,16.389616
2022-09-25 10:00:00+00:00,0.0,0.0,20.733353,6.926038,17.650223
2022-09-25 11:00:00+00:00,0.0,0.0,20.446642,6.708204,26.564985
2022-09-25 12:00:00+00:00,0.0,0.0,20.019588,6.3031735,48.215576
2022-09-25 13:00:00+00:00,0.0,0.0,20.3953,5.59017,47.174767
2022-09-25 14:00:00+00:00,0.0,0.0,20.384445,5.4378304,57.77127
2022-09-25 15:00:00+00:00,0.0,0.0,20.358438,5.0921507,70.49747
2022-09-25 16:00:00+00:00,0.0,0.0,20.132479,4.6572523,75.068535
2022-09-25 17:00:00+00:00,0.0,0.0,19.923292,4.3011627,72.40749
2022-09-25 18:00:00+00:00,0.0,0.0,19.8934,3.758989,61.389645
2022-09-25 19:00:00+00:00,0.0,0.0,19.67301,4.080441,53.972538
2022-09-25 20:00:00+00:00,0.0,0.0,19.623116,4.4407206,54.16227
2022-09-25 21:00:00+00:00,0.0,0.0,19.748625,4.172529,45.970932
2022-09-25 22:00:00+00:00,0.0,0.0,19.998455,3.7013512,38.418083
2022-09-25 23:00:00+00:00,0.0,0.0,22.428436,3.8910153,25.90646
2022-09-26 00:00:00+00:00,0.0,0.0,23.524075,3.1827662,43.72705
2022-09-26 01:00:00+00:00,0.0,0.0,24.563581,3.0413814,43.667847
2022-09-26 02:00:00+00:00,0.0,0.0,24.603542,3.9661064,33.6901
2022-09-26 03:00:00+00:00,0.0,0.0,23.881577,4.313931,44.06091
2022-09-26 04:00:00+00:00,0.0,0.0,24.184065,3.9623227,47.045418
2022-09-26 05:00:00+00:00,0.0,0.0,25.547533,3.538361,42.709366
2022-09-26 06:00:00+00:00,0.0,0.0,25.201803,4.6400433,37.116943
2022-09-26 07:00:00+00:00,0.0,0.0,23.615023,6.155485,46.97493
2022-09-26 08:00:00+00:00,0.0,0.0,23.400856,5.9076223,56.040897
2022-09-26 09:00:00+00:00,0.0,0.0,23.095016,5.8523498,56.852993
2022-09-26 10:00:00+00:00,1.6,1.6,22.184153,6.902898,38.530205
2022-09-26 11:00:00+00:00,2.9,2.9,22.205318,6.6068144,39.47243
2022-09-26 12:00:00+00:00,0.7,0.7,22.393593,5.4589376,28.442837
2022-09-26 13:00:00+00:00,2.4,2.4,22.69667,5.8051705,47.792774
2022-09-26 14:00:00+00:00,0.0,0.0,23.20049,5.456189,63.904633
2022-09-26 15:00:00+00:00,0.0,0.0,22.90615,5.9665737,76.42955
2022-09-26 16:00:00+00:00,0.0,0.0,22.341043,5.885576,80.21766
2022-09-26 17:00:00+00:00,0.0,0.0,22.324467,5.59017,79.69521
2022-09-26 18:00:00+00:00,0.0,0.0,22.047857,5.821512,85.07298
2022-09-26 19:00:00+00:00,0.0,0.0,22.148567,5.408327,93.17977
2022-09-26 20:00:00+00:00,0.0,0.0,22.365759,4.501111,88.727
2022-09-26 21:00:00+00:00,0.0,0.0,22.391613,4.652956,81.34755
2022-09-26 22:00:00+00:00,0.0,0.0,21.97915,4.560702,74.74483
2022-09-26 23:00:00+00:00,0.0,0.0,22.996653,4.3324356,71.14675
2022-09-27 00:00:00+00:00,0.0,0.0,24.013824,4.101219,91.39715
2022-09-27 01:00:00+00:00,0.0,0.0,24.6482,4.4011364,88.69808
2022-09-27 02:00:00+00:00,0.0,0.0,25.052643,4.707441,77.735245
2022-09-27 03:00:00+00:00,0.0,0.0,25.227787,5.27731,62.949482
2022-09-27 04:00:00+00:00,0.0,0.0,25.117365,5.0537114,62.927998
2022-09-27 05:00:00+00:00,0.0,0.0,24.510088,4.9648767,62.402794
2022-09-27 06:00:00+00:00,0.0,0.0,25.442806,5.162364,58.46526
2022-09-27 07:00:00+00:00,0.0,0.0,24.045,5.3851647,58.671368
2022-09-27 08:00:00+00:00,0.0,0.0,23.746223,5.3,58.10924
2022-09-27 09:00:00+00:00,0.0,0.0,23.080723,5.3,58.10924
2022-09-27 10:00:00+00:00,0.0,0.0,22.60611,5.3535037,57.200474
2022-09-27 11:00:00+00:00,0.0,0.0,22.228798,5.1107726,59.420856
2022-09-27 12:00:00+00:00,0.0,0.0,22.442245,4.9729266,74.84589
2022-09-27 13:00:00+00:00,0.0,0.0,22.733173,4.4,90.0
2022-09-27 14:00:00+00:00,0.0,0.0,22.504654,4.1,102.680374
2022-09-27 15:00:00+00:00,0.0,0.0,22.354588,3.5510561,99.72751
2022-09-27 16:00:00+00:00,0.0,0.0,22.144142,3.3,90.0
2022-09-27 17:00:00+00:00,0.0,0.0,21.925327,3.324154,83.08887
2022-09-27 18:00:00+00:00,0.0,0.0,22.324865,3.8013155,91.50741
2022-09-27 19:00:00+00:00,0.0,0.0,22.672081,3.7854989,102.200455
2022-09-27 20:00:00+00:00,0.0,0.0,23.1668,3.2015622,88.21013
2022-09-27 21:00:00+00:00,0.0,0.0,23.267353,3.0870697,65.09527
2022-09-27 22:00:00+00:00,0.1,0.1,23.041943,4.215448,67.69375
2022-09-27 23:00:00+00:00,0.2,0.2,23.570665,4.2801867,52.594578
2022-09-28 00:00:00+00:00,0.0,0.0,23.727615,2.9529645,61.69934
2022-09-28 01:00:00+00:00,0.1,0.1,23.67665,2.9410882,72.18102
2022-09-28 02:00:00+00:00,0.0,0.0,25.08278,2.7313,66.2505
2022-09-28 03:00:00+00:00,0.0,0.0,25.32594,2.6925824,68.19853
2022-09-28 04:00:00+00:00,0.0,0.0,26.41919,2.4698176,58.240574
2022-09-28 05:00:00+00:00,0.0,0.0,25.33668,3.9623227,42.954597
2022-09-28 06:00:00+00:00,0.0,0.0,24.454767,5.3009434,54.21094
2022-09-28 07:00:00+00:00,0.0,0.0,24.054722,5.3665633,63.435013
2022-09-28 08:00:00+00:00,0.0,0.0,23.835928,5.6824293,61.631054
2022-09-28 09:00:00+00:00,0.0,0.0,22.881363,6.140033,59.676483
2022-09-28 10:00:00+00:00,0.0,0.0,22.61623,6.074537,57.094753
2022-09-28 11:00:00+00:00,0.0,0.0,22.898935,5.3235326,61.99092
2022-09-28 12:00:00+00:00,0.0,0.0,21.494612,4.5793014,58.392544
2022-09-28 13:00:00+00:00,0.0,0.0,21.433104,4.2544093,66.44773
2022-09-28 14:00:00+00:00,0.0,0.0,21.313976,3.8078866,66.80139
2022-09-28 15:00:00+00:00,0.0,0.0,21.444618,3.3615475,59.620956
2022-09-28 16:00:00+00:00,0.0,0.0,22.208698,3.6235344,62.02062
2022-09-28 17:00:00+00:00,0.0,0.0,22.589962,3.4205263,52.124958
2022-09-28 18:00:00+00:00,0.0,0.0,22.692663,3.5468295,40.425995
2022-09-28 19:00:00+00:00,0.7,0.7,22.71493,3.8418746,38.65983
2022-09-28 20:00:00+00:00,0.5,0.5,22.496958,4.360046,36.607166
2022-09-28 21:00:00+00:00,0.9,0.9,22.69228,3.9698865,40.9143
2022-09-28 22:00:00+00:00,0.0,0.0,22.349669,4.604346,34.3804
2022-09-28 23:00:00+00:00,0.0,0.0,23.046753,4.909175,33.366394
2022-09-29 00:00:00+00:00,0.0,0.0,23.24004,4.738143,44.145004
2022-09-29 01:00:00+00:00,0.0,0.0,24.063988,4.90408,50.792812
2022-09-29 02:00:00+00:00,0.0,0.0,25.813828,4.4598207,47.72637
2022-09-29 03:00:00+00:00,0.0,0.0,26.18138,3.7013512,51.581917
2022-09-29 04:00:00+00:00,0.0,0.0,26.62559,3.1906114,57.804302
2022-09-29 05:00:00+00:00,0.0,0.0,27.0723,3.4014702,65.695465
2022-09-29 06:00:00+00:00,0.1,0.1,27.36412,3.1384711,67.52052
2022-09-29 07:00:00+00:00,0.0,0.0,27.188894,3.6055512,70.559875
2022-09-29 08:00:00+00:00,0.0,0.0,26.538967,4.148494,74.623695
2022-09-29 09:00:00+00:00,0.0,0.0,25.403675,4.924429,77.09259
2022-09-29 10:00:00+00:00,0.0,0.0,24.939573,5.2952805,79.11452
2022-09-29 11:00:00+00:00,0.0,0.0,24.60887,5.115662,85.51548
2022-09-29 12:00:00+00:00,0.0,0.0,24.525583,4.0447497,98.530685
2022-09-29 13:00:00+00:00,0.0,0.0,24.211319,5.124451,107.020615
2022-09-29 14:00:00+00:00,0.0,0.0,23.804823,4.90408,110.28265
2022-09-29 15:00:00+00:00,0.0,0.0,23.693253,4.588028,110.409966
2022-09-29 16:00:00+00:00,0.0,0.0,23.278826,5.056679,114.53771
2022-09-29 17:00:00+00:00,0.0,0.0,22.864895,4.7423625,114.94388
2022-09-29 18:00:00+00:00,0.0,0.0,22.547337,4.1340055,122.15227
2022-09-29 19:00:00+00:00,0.0,0.0,22.328604,4.031129,119.74479
2022-09-29 20:00:00+00:00,0.0,0.0,22.281097,4.159327,117.18103
2022-09-29 21:00:00+00:00,0.0,0.0,22.545633,4.8104053,110.69553
2022-09-29 22:00:00+00:00,0.0,0.0,23.401072,5.3488317,110.80687
2022-09-29 23:00:00+00:00,0.0,0.0,25.139307,5.571355,111.03758
2022-09-30 00:00:00+00:00,0.0,0.0,25.820766,5.4424257,110.432915
2022-09-30 01:00:00+00:00,0.1,0.1,26.411612,5.1429563,116.56499
2022-09-30 02:00:00+00:00,0.0,0.0,27.367321,5.108816,130.23628
2022-09-30 03:00:00+00:00,0.0,0.0,28.105923,5.0931325,136.5911
2022-09-30 04:00:00+00:00,0.1,0.1,28.867832,4.62277,141.14662
2022-09-30 05:00:00+00:00,0.1,0.1,29.671528,3.679674,132.79738
2022-09-30 06:00:00+00:00,0.1,0.1,29.55278,3.9357338,117.216034
2022-09-30 07:00:00+00:00,0.1,0.1,28.567928,5.0990195,101.3099
2022-09-30 08:00:00+00:00,0.0,0.0,27.766853,6.1983867,100.222115
2022-09-30 09:00:00+00:00,0.0,0.0,27.496704,5.8821764,107.818985
2022-09-30 10:00:00+00:00,0.0,0.0,26.76935,6.2169123,115.74066
2022-09-30 11:00:00+00:00,0.0,0.0,26.095219,6.4140472,120.963684
2022-09-30 12:00:00+00:00,0.0,0.0,25.460129,6.6610813,125.837746
2022-09-30 13:00:00+00:00,0.0,0.0,25.496628,7.144928,136.70131
2022-09-30 14:00:00+00:00,0.0,0.0,25.572369,7.324616,147.82881
2022-09-30 15:00:00+00:00,0.0,0.0,25.960358,6.842514,153.06055
2022-09-30 16:00:00+00:00,0.0,0.0,26.366745,6.1717095,153.01985
2022-09-30 17:00:00+00:00,0.0,0.0,26.50496,5.9506307,155.15764
2022-09-30 18:00:00+00:00,0.0,0.0,26.55795,6.5551505,158.52315
2022-09-30 19:00:00+00:00,0.0,0.0,26.730684,6.1351447,160.9743
2022-09-30 20:00:00+00:00,0.0,0.0,26.691593,5.9464273,160.34608
2022-09-30 21:00:00+00:00,0.0,0.0,26.531244,5.2924476,157.79648
2022-09-30 22:00:00+00:00,0.0,0.0,26.799555,5.2325897,153.9247
2022-09-30 23:00:00+00:00,0.0,0.0,28.52209,5.162364,148.46526
2022-10-01 00:00:00+00:00,0.0,0.0,29.59159,4.022437,124.875404
2022-10-01 01:00:00+00:00,0.0,0.0,31.560493,4.104875,124.07724
2022-10-01 02:00:00+00:00,0.1,0.1,33.528168,3.7443287,124.11452
2022-10-01 03:00:00+00:00,0.0,0.0,35.653694,3.4713109,131.49637
2022-10-01 04:00:00+00:00,0.1,0.1,36.465454,3.538361,137.29063
2022-10-01 05:00:00+00:00,0.2,0.2,36.7353,3.847077,152.10283
2022-10-01 06:00:00+00:00,0.2,0.2,35.8452,4.9648767,152.4028
2022-10-01 07:00:00+00:00,0.0,0.0,34.261562,5.8249464,145.49142
2022-10-01 08:00:00+00:00,0.0,0.0,33.124104,6.2008066,142.206
2022-10-01 09:00:00+00:00,0.0,0.0,31.820938,6.7357254,139.21428
2022-10-01 10:00:00+00:00,0.0,0.0,30.351036,7.170077,140.09216
2022-10-01 11:00:00+00:00,0.0,0.0,29.147594,8.348653,145.73885
2022-10-01 12:00:00+00:00,0.0,0.0,29.223728,8.044874,145.1246
2022-10-01 13:00:00+00:00,0.0,0.0,28.791622,8.9,154.01082
2022-10-01 14:00:00+00:00,0.0,0.0,28.373215,9.5273285,159.09195
2022-10-01 15:00:00+00:00,0.0,0.0,27.935047,9.962429,162.47435
2022-10-01 16:00:00+00:00,0.0,0.0,27.526499,9.992497,166.1028
2022-10-01 17:00:00+00:00,0.0,0.0,27.418201,9.924716,167.7843
2022-10-01 18:00:00+00:00,0.0,0.0,27.252909,9.716481,171.11942
2022-10-01 19:00:00+00:00,0.0,0.0,27.2697,9.334346,175.08353
2022-10-01 20:00:00+00:00,0.0,0.0,27.086668,9.226592,175.649
2022-10-01 21:00:00+00:00,0.0,0.0,26.750486,9.390421,172.04257
2022-10-01 22:00:00+00:00,0.0,0.0,26.569899,9.192389,171.86998
2022-10-01 23:00:00+00:00,0.0,0.0,28.078075,9.166243,173.10767
2022-10-02 00:00:00+00:00,0.0,0.0,30.041912,6.8359346,174.1227
2022-10-02 01:00:00+00:00,0.0,0.0,31.617332,6.802941,178.31535
2022-10-02 02:00:00+00:00,0.0,0.0,33.12187,6.6068144,182.60251
2022-10-02 03:00:00+00:00,0.0,0.0,34.522915,6.5069194,182.64249
2022-10-02 04:00:00+00:00,0.0,0.0,35.229923,6.6030297,178.26433
2022-10-02 05:00:00+00:00,0.0,0.0,35.36006,7.025667,175.101
2022-10-02 06:00:00+00:00,0.0,0.0,35.008495,7.3824115,171.43094
2022-10-02 07:00:00+00:00,0.0,0.0,34.161358,7.6295476,169.42653
2022-10-02 08:00:00+00:00,0.0,0.0,33.477623,7.9075913,166.84245
2022-10-02 09:00:00+00:00,0.0,0.0,32.365192,7.655063,160.1447
2022-10-02 10:00:00+00:00,0.0,0.0,30.756413,8.759566,161.35811
2022-10-02 11:00:00+00:00,0.0,0.0,29.842365,9.518929,160.99393
2022-10-02 12:00:00+00:00,0.0,0.0,29.717155,9.835141,161.01228
2022-10-02 13:00:00+00:00,0.0,0.0,29.523418,9.904039,163.57774
2022-10-02 14:00:00+00:00,0.0,0.0,29.124489,9.992497,166.1028
2022-10-02 15:00:00+00:00,0.0,0.0,28.802197,10.080674,169.13599
2022-10-02 16:00:00+00:00,0.0,0.0,28.502968,10.127191,170.9098
2022-10-02 17:00:00+00:00,0.0,0.0,28.281532,10.309704,171.6342
2022-10-02 18:00:00+00:00,0.0,0.0,28.184505,10.131634,175.47127
2022-10-02 19:00:00+00:00,0.0,0.0,28.301353,9.213577,176.88922
2022-10-02 20:00:00+00:00,0.0,0.0,28.397,8.205485,177.9048
2022-10-02 21:00:00+00:00,0.0,0.0,28.406643,7.7025967,178.51216
2022-10-02 22:00:00+00:00,0.0,0.0,28.237843,7.632169,174.7377
2022-10-02 23:00:00+00:00,0.0,0.0,29.852997,7.9762144,172.07317
2022-10-03 00:00:00+00:00,0.0,0.0,31.925926,5.7008767,178.99493
2022-10-03 01:00:00+00:00,0.0,0.0,33.38083,6.2201285,184.61057
2022-10-03 02:00:00+00:00,0.0,0.0,35.114372,6.1983867,190.2221
2022-10-03 03:00:00+00:00,0.0,0.0,36.986145,5.8240876,195.94547
2022-10-03 04:00:00+00:00,0.0,0.0,38.142258,5.7567353,197.176
2022-10-03 05:00:00+00:00,0.0,0.0,38.58525,5.5785303,194.5345
2022-10-03 06:00:00+00:00,0.0,0.0,38.1606,5.93043,185.80663
2022-10-03 07:00:00+00:00,0.0,0.0,37.12016,5.8008623,179.01227
2022-10-03 08:00:00+00:00,0.0,0.0,36.27837,5.770615,171.02745
2022-10-03 09:00:00+00:00,0.0,0.0,34.90616,6.5802736,163.21727
2022-10-03 10:00:00+00:00,0.0,0.0,32.543488,8.127115,161.34201
2022-10-03 11:00:00+00:00,0.0,0.0,31.41895,8.793179,162.80138
2022-10-03 12:00:00+00:00,0.0,0.0,31.16526,8.823264,162.18102
2022-10-03 13:00:00+00:00,0.0,0.0,30.647655,9.483143,165.96373
2022-10-03 14:00:00+00:00,0.0,0.0,30.05362,9.729337,167.53508
2022-10-03 15:00:00+00:00,0.0,0.0,29.726086,9.476286,172.72508
2022-10-03 16:00:00+00:00,0.0,0.0,29.420914,10.012492,177.13765
2022-10-03 17:00:00+00:00,0.0,0.0,29.171322,10.0,180.0
2022-10-03 18:00:00+00:00,0.0,0.0,29.70863,7.81025,182.93561
2022-10-03 19:00:00+00:00,0.0,0.0,29.689545,6.987131,189.05782
2022-10-03 20:00:00+00:00,0.0,0.0,29.778656,2.915476,275.90604
2022-10-03 21:00:00+00:00,0.0,0.0,30.462456,1.17047,289.9832
2022-10-03 22:00:00+00:00,0.0,0.0,29.229622,5.4781384,338.58694
2022-10-03 23:00:00+00:00,0.0,0.0,27.155014,10.801852,1.0608971
2022-10-04 00:00:00+00:00,0.0,0.0,23.69243,11.016805,8.350676
2022-10-04 01:00:00+00:00,0.0,0.0,23.438343,10.507616,8.207132
2022-10-04 02:00:00+00:00,0.0,0.0,22.907578,11.313708,8.130019
2022-10-04 03:00:00+00:00,0.0,0.0,22.276182,11.968291,9.619657
2022-10-04 04:00:00+00:00,0.0,0.0,21.313766,11.951987,9.147007
2022-10-04 05:00:00+00:00,0.0,0.0,21.128805,11.1198015,11.410955
2022-10-04 06:00:00+00:00,0.0,0.0,20.538198,11.552056,11.990825
2022-10-04 07:00:00+00:00,0.0,0.0,19.4267,11.497826,13.069325
2022-10-04 08:00:00+00:00,0.0,0.0,18.707294,11.280514,12.804273
2022-10-04 09:00:00+00:00,0.0,0.0,17.62172,11.475626,12.582961
2022-10-04 10:00:00+00:00,0.0,0.0,17.098755,11.035398,14.16221
2022-10-04 11:00:00+00:00,0.0,0.0,16.484118,11.005452,19.093594
2022-10-04 12:00:00+00:00,0.0,0.0,16.000196,10.309704,8.365811
2022-10-04 13:00:00+00:00,0.0,0.0,16.138351,9.701547,8.297059
2022-10-04 14:00:00+00:00,0.0,0.0,15.788818,9.534149,12.7243595
2022-10-04 15:00:00+00:00,0.0,0.0,15.755306,9.024411,12.804273
2022-10-04 16:00:00+00:00,0.0,0.0,15.572731,9.002777,12.183641
2022-10-04 17:00:00+00:00,0.0,0.0,15.2351,8.829496,13.091906
2022-10-04 18:00:00+00:00,0.0,0.0,14.933826,8.807384,12.458241
2022-10-04 19:00:00+00:00,0.0,0.0,14.835863,8.420215,15.851998
2022-10-04 20:00:00+00:00,0.0,0.0,15.0406685,8.477028,17.152508
2022-10-04 21:00:00+00:00,0.0,0.0,15.588623,7.6537576,17.488089
2022-10-04 22:00:00+00:00,0.0,0.0,16.254644,6.76757,18.970512
2022-10-04 23:00:00+00:00,0.0,0.0,15.897461,7.7491937,19.60419
2022-10-05 00:00:00+00:00,0.0,0.0,16.296225,8.381527,19.515972
2022-10-05 01:00:00+00:00,0.0,0.0,16.720757,7.7472577,23.587051
2022-10-05 02:00:00+00:00,0.0,0.0,17.199707,7.6059184,28.249653
2022-10-05 03:00:00+00:00,0.0,0.0,16.95443,7.920227,24.623547
2022-10-05 04:00:00+00:00,0.0,0.0,17.161945,7.201389,25.497509
2022-10-05 05:00:00+00:00,0.0,0.0,17.636827,6.1465435,21.974566
2022-10-05 06:00:00+00:00,0.0,0.0,18.043999,6.462198,21.801476
2022-10-05 07:00:00+00:00,0.0,0.0,17.763842,6.0835843,25.301346
2022-10-05 08:00:00+00:00,0.0,0.0,17.535278,5.9076223,33.959103
2022-10-05 09:00:00+00:00,0.0,0.0,16.450521,7.151223,20.462362
2022-10-05 10:00:00+00:00,0.1,0.1,15.177414,8.2,12.680387
2022-10-05 11:00:00+00:00,0.2,0.2,15.288631,7.981228,15.255177
2022-10-05 12:00:00+00:00,0.2,0.2,13.747353,9.0094385,8.939492
2022-10-05 13:00:00+00:00,0.3,0.3,13.837135,8.586617,14.845502
2022-10-05 14:00:00+00:00,0.0,0.0,13.945036,8.39345,21.67472
2022-10-05 15:00:00+00:00,0.0,0.0,14.698338,7.2897186,26.916481
2022-10-05 16:00:00+00:00,0.1,0.1,15.208193,6.847627,28.810698
2022-10-05 17:00:00+00:00,0.0,0.0,15.43832,6.670832,23.875284
2022-10-05 18:00:00+00:00,0.0,0.0,15.77327,6.296825,20.44963
2022-10-05 19:00:00+00:00,0.0,0.0,15.841377,6.894201,23.962492
2022-10-05 20:00:00+00:00,0.0,0.0,15.811012,7.156815,15.395606
2022-10-05 21:00:00+00:00,0.2,0.2,15.529289,7.7278714,10.437421
2022-10-05 22:00:00+00:00,0.2,0.2,15.647036,7.655717,23.8865
2022-10-05 23:00:00+00:00,0.2,0.2,16.061369,7.1344237,31.239157
2022-10-06 00:00:00+00:00,0.1,0.1,14.934166,7.738863,25.240503
2022-10-06 01:00:00+00:00,0.1,0.1,16.030672,6.8818603,35.537766
2022-10-06 02:00:00+00:00,0.0,0.0,16.56918,6.8818603,35.537766
2022-10-06 03:00:00+00:00,0.0,0.0,17.276543,5.879626,41.552525
2022-10-06 04:00:00+00:00,0.1,0.1,16.828617,7.1281133,34.13599
2022-10-06 05:00:00+00:00,0.1,0.1,17.384943,6.0440054,38.955917
2022-10-06 06:00:00+00:00,0.1,0.1,17.194426,5.7801385,37.266483
2022-10-06 07:00:00+00:00,0.1,0.1,16.575233,6.6370173,30.815645
2022-10-06 08:00:00+00:00,0.3,0.3,16.40075,6.706713,20.056185
2022-10-06 09:00:00+00:00,0.2,0.2,16.044477,6.706713,20.056185
2022-10-06 10:00:00+00:00,0.4,0.4,15.673807,6.835203,20.556128
2022-10-06 11:00:00+00:00,0.2,0.2,15.958506,6.964194,15.832451
2022-10-06 12:00:00+00:00,0.4,0.4,14.827768,7.930952,13.861053
2022-10-06 13:00:00+00:00,0.7,0.7,14.4257145,8.3600235,6.8699045
2022-10-06 14:00:00+00:00,0.5,0.5,14.288464,7.787811,12.608602
2022-10-06 15:00:00+00:00,0.4,0.4,14.303041,7.236712,11.154618
2022-10-06 16:00:00+00:00,0.7,0.7,14.169781,7.7103825,357.02634
2022-10-06 17:00:00+00:00,0.6,0.6,14.5812645,7.1847057,8.806714
2022-10-06 18:00:00+00:00,0.9,0.9,14.319149,7.746612,11.16485
2022-10-06 19:00:00+00:00,0.9,0.9,14.202225,7.5504966,11.458726
2022-10-06 20:00:00+00:00,1.4,1.4,14.100662,7.410803,3.0939984
2022-10-06 21:00:00+00:00,0.9,0.9,14.505716,7.0,360.0
2022-10-06 22:00:00+00:00,1.3,1.3,14.703075,6.8117547,356.6336
2022-10-06 23:00:00+00:00,1.5,1.5,14.811966,7.206247,2.385899
2022-10-07 00:00:00+00:00,0.6,0.6,14.292299,7.025667,4.8990126
2022-10-07 01:00:00+00:00,0.4,0.4,15.090889,6.296825,20.44963
2022-10-07 02:00:00+00:00,0.0,0.0,15.51314,6.2361846,15.819268
2022-10-07 03:00:00+00:00,0.0,0.0,16.66384,6.3245554,18.435053
2022-10-07 04:00:00+00:00,0.0,0.0,16.690987,7.6967525,24.567156
2022-10-07 05:00:00+00:00,0.0,0.0,16.208313,7.3539104,22.380184
2022-10-07 06:00:00+00:00,0.0,0.0,16.513964,7.3348484,25.866312
2022-10-07 07:00:00+00:00,0.0,0.0,16.06083,6.7779055,21.644505
2022-10-07 08:00:00+00:00,0.0,0.0,16.111273,7.324616,14.226004
2022-10-07 09:00:00+00:00,0.0,0.0,15.875679,6.5924196,9.605136
2022-10-07 10:00:00+00:00,0.0,0.0,15.3546715,6.8007355,17.102825
2022-10-07 11:00:00+00:00,0.0,0.0,14.672894,7.839005,23.294596
2022-10-07 12:00:00+00:00,0.0,0.0,15.2160015,5.0089917,26.053446
2022-10-07 13:00:00+00:00,0.0,0.0,15.233225,4.588028,16.46009
2022-10-07 14:00:00+00:00,0.0,0.0,15.0422535,5.4037027,2.1210518
2022-10-07 15:00:00+00:00,0.0,0.0,14.979677,5.333854,6.458727
2022-10-07 16:00:00+00:00,0.0,0.0,14.729393,6.328507,5.4402504
2022-10-07 17:00:00+00:00,0.5,0.5,14.410767,7.119691,10.520736
2022-10-07 18:00:00+00:00,0.4,0.4,14.761778,6.2297673,18.725883
2022-10-07 19:00:00+00:00,0.0,0.0,15.811647,3.9824615,28.495539
2022-10-07 20:00:00+00:00,0.0,0.0,15.2680855,5.6753855,14.281137
2022-10-07 21:00:00+00:00,0.0,0.0,15.748772,5.5803227,36.253937
2022-10-07 22:00:00+00:00,0.0,0.0,15.222616,6.2201285,4.610574
2022-10-07 23:00:00+00:00,0.0,0.0,15.890877,5.234501,6.581848
2022-10-08 00:00:00+00:00,0.0,0.0,16.965738,4.669047,9.865748
2022-10-08 01:00:00+00:00,0.0,0.0,17.204006,4.6238513,21.571367
2022-10-08 02:00:00+00:00,0.0,0.0,17.150522,6.021628,54.46224
2022-10-08 03:00:00+00:00,0.0,0.0,17.139925,5.636488,64.79892
2022-10-08 04:00:00+00:00,0.0,0.0,17.929556,5.021952,54.727493
2022-10-08 05:00:00+00:00,0.0,0.0,18.645117,4.8270073,50.04252
2022-10-08 06:00:00+00:00,0.0,0.0,17.790947,5.283938,60.524208
2022-10-08 07:00:00+00:00,0.0,0.0,18.222858,4.472136,63.435013
2022-10-08 08:00:00+00:00,0.0,0.0,18.387188,3.8910153,64.09355
2022-10-08 09:00:00+00:00,0.0,0.0,17.941471,4.2720017,57.42595
2022-10-08 10:00:00+00:00,0.0,0.0,18.451418,3.2015622,51.34017
2022-10-08 11:00:00+00:00,0.5,0.5,18.003357,2.9732137,47.72637
2022-10-08 12:00:00+00:00,0.7,0.7,16.548351,3.8999999,22.61991
2022-10-08 13:00:00+00:00,0.9,0.9,16.069075,5.220153,36.43096
2022-10-08 14:00:00+00:00,0.3,0.3,15.812077,4.661545,35.39489
2022-10-08 15:00:00+00:00,0.3,0.3,16.09963,3.6249137,24.443953
2022-10-08 16:00:00+00:00,0.4,0.4,16.05418,2.9832869,13.5704565
2022-10-08 17:00:00+00:00,0.1,0.1,15.697426,2.8160257,343.49554
2022-10-08 18:00:00+00:00,0.1,0.1,15.473656,4.2953463,335.22488
2022-10-08 19:00:00+00:00,0.0,0.0,15.350616,5.2201533,343.3007
2022-10-08 20:00:00+00:00,0.0,0.0,15.077431,5.554278,346.4641
2022-10-08 21:00:00+00:00,0.0,0.0,14.456806,5.80517,349.07724
2022-10-08 22:00:00+00:00,0.0,0.0,14.1149845,4.3324356,341.14676
2022-10-08 23:00:00+00:00,0.0,0.0,14.197948,5.269725,326.61145
2022-10-09 00:00:00+00:00,0.0,0.0,14.965401,4.7885275,298.70584
2022-10-09 01:00:00+00:00,0.0,0.0,15.949324,4.3382025,295.97433
2022-10-09 02:00:00+00:00,0.0,0.0,16.394844,5.456189,311.2846
2022-10-09 03:00:00+00:00,0.1,0.1,17.89119,6.2289643,317.6026
2022-10-09 04:00:00+00:00,0.0,0.0,18.206398,6.788225,315.0001
2022-10-09 05:00:00+00:00,0.0,0.0,18.633713,7.060453,307.5192
2022-10-09 06:00:00+00:00,0.0,0.0,17.773458,7.4886575,304.1145
2022-10-09 07:00:00+00:00,0.0,0.0,17.215887,8.820431,302.96942
2022-10-09 08:00:00+00:00,0.0,0.0,17.81719,8.823264,305.31128
2022-10-09 09:00:00+00:00,0.0,0.0,17.390165,8.323461,305.21768
2022-10-09 10:00:00+00:00,0.0,0.0,16.492857,7.420243,307.33328
2022-10-09 11:00:00+00:00,0.0,0.0,15.167088,8.160882,306.02747
2022-10-09 12:00:00+00:00,0.0,0.0,15.12096,8.323461,324.78232
2022-10-09 13:00:00+00:00,0.0,0.0,13.58506,9.121952,314.5559
2022-10-09 14:00:00+00:00,0.0,0.0,11.415362,9.849365,311.29526
2022-10-09 15:00:00+00:00,0.0,0.0,10.283487,10.0005,319.46094
2022-10-09 16:00:00+00:00,0.0,0.0,9.029243,9.849365,318.7047
2022-10-09 17:00:00+00:00,0.0,0.0,8.203096,9.552486,312.8789
2022-10-09 18:00:00+00:00,0.0,0.0,7.8502064,8.852683,311.7947
2022-10-09 19:00:00+00:00,0.0,0.0,7.5645866,8.861715,310.8817
2022-10-09 20:00:00+00:00,0.0,0.0,7.011814,8.266196,304.6514
2022-10-09 21:00:00+00:00,0.0,0.0,6.260621,8.405951,302.3666
2022-10-09 22:00:00+00:00,0.0,0.0,5.5123463,9.021087,301.39938
2022-10-09 23:00:00+00:00,0.0,0.0,6.938348,9.319335,303.17853
2022-10-10 00:00:00+00:00,0.0,0.0,8.6782875,7.752419,300.20316
2022-10-10 01:00:00+00:00,0.0,0.0,9.553595,9.15478,310.12604
2022-10-10 02:00:00+00:00,0.0,0.0,10.6888075,9.124144,313.66785
2022-10-10 03:00:00+00:00,0.0,0.0,11.892406,9.128527,312.7803
2022-10-10 04:00:00+00:00,0.0,0.0,12.535145,8.504117,311.18582
2022-10-10 05:00:00+00:00,0.0,0.0,12.994873,8.134495,313.5057
2022-10-10 06:00:00+00:00,0.0,0.0,12.57106,8.275868,316.46872
2022-10-10 07:00:00+00:00,0.0,0.0,11.848738,8.207314,316.9749
2022-10-10 08:00:00+00:00,0.0,0.0,11.262552,8.417245,316.44406
2022-10-10 09:00:00+00:00,0.0,0.0,10.843143,7.7897367,318.12222
2022-10-10 10:00:00+00:00,0.0,0.0,9.951759,7.359348,317.2026
2022-10-10 11:00:00+00:00,0.0,0.0,9.084773,6.529931,319.9698
2022-10-10 12:00:00+00:00,0.0,0.0,8.754614,5.240229,318.09415
2022-10-10 13:00:00+00:00,0.0,0.0,8.652036,5.23259,315.0001
2022-10-10 14:00:00+00:00,0.0,0.0,7.031684,5.9548297,319.0857
2022-10-10 15:00:00+00:00,0.0,0.0,6.286517,6.6610813,324.16226
2022-10-10 16:00:00+00:00,0.0,0.0,6.034792,6.9065185,325.6196
2022-10-10 17:00:00+00:00,0.0,0.0,5.867689,7.1217976,321.8427
2022-10-10 18:00:00+00:00,0.0,0.0,5.800205,7.640026,322.98004
2022-10-10 19:00:00+00:00,0.0,0.0,5.8857822,7.324616,321.09586
2022-10-10 20:00:00+00:00,0.0,0.0,5.2250233,8.15414,303.4952
2022-10-10 21:00:00+00:00,0.0,0.0,5.544856,7.932213,303.6901
2022-10-10 22:00:00+00:00,0.0,0.0,5.4927053,7.494665,301.35703
2022-10-10 23:00:00+00:00,0.0,0.0,7.1305895,7.48131,307.9422
2022-10-11 00:00:00+00:00,0.0,0.0,8.833354,8.100617,298.7797
2022-10-11 01:00:00+00:00,0.0,0.0,11.240192,5.215362,302.47116
2022-10-11 02:00:00+00:00,0.0,0.0,13.844599,5.3851647,328.67136
2022-10-11 03:00:00+00:00,0.0,0.0,15.743383,5.481788,345.2032
2022-10-11 04:00:00+00:00,0.0,0.0,17.107439,5.6753855,14.281137
2022-10-11 05:00:00+00:00,0.0,0.0,16.432442,6.0083275,18.435053
2022-10-11 06:00:00+00:00,0.0,0.0,15.896671,6.0728908,17.241547
2022-10-11 07:00:00+00:00,0.0,0.0,15.778318,6.6483083,15.708701
2022-10-11 08:00:00+00:00,0.0,0.0,15.610548,6.203225,20.772345
2022-10-11 09:00:00+00:00,0.0,0.0,15.504858,6.307139,25.346138
2022-10-11 10:00:00+00:00,0.0,0.0,14.309679,6.440497,25.769283
2022-10-11 11:00:00+00:00,0.0,0.0,14.148186,6.191123,31.122416
2022-10-11 12:00:00+00:00,0.0,0.0,13.551748,5.147815,29.054508
2022-10-11 13:00:00+00:00,0.0,0.0,13.564236,5.0249376,31.159245
2022-10-11 14:00:00+00:00,0.0,0.0,13.8671055,5.5217752,35.417145
2022-10-11 15:00:00+00:00,0.0,0.0,13.614807,5.661272,35.655422
2022-10-11 16:00:00+00:00,0.0,0.0,13.006786,5.8830266,31.798878
2022-10-11 17:00:00+00:00,0.0,0.0,12.957556,5.6302757,19.722366
2022-10-11 18:00:00+00:00,0.0,0.0,13.084801,7.0405965,11.469503
2022-10-11 19:00:00+00:00,0.0,0.0,13.102222,8.683317,28.926332
2022-10-11 20:00:00+00:00,0.0,0.0,12.4611435,7.602631,26.564985
2022-10-11 21:00:00+00:00,0.0,0.0,12.178461,7.138627,11.3098955
2022-10-11 22:00:00+00:00,0.0,0.0,11.716082,7.8160095,3.6677206
2022-10-11 23:00:00+00:00,0.0,0.0,14.166304,6.4513564,18.996754
2022-10-12 00:00:00+00:00,0.0,0.0,15.56267,6.2241464,23.6821
2022-10-12 01:00:00+00:00,0.0,0.0,15.8485775,7.291776,47.77924
2022-10-12 02:00:00+00:00,0.0,0.0,16.469595,7.1217976,51.842735
2022-10-12 03:00:00+00:00,0.0,0.0,17.121742,6.9526978,49.66694
2022-10-12 04:00:00+00:00,0.0,0.0,17.39394,6.789698,46.193405
2022-10-12 05:00:00+00:00,0.0,0.0,18.097282,7.144928,43.29869
2022-10-12 06:00:00+00:00,0.0,0.0,17.378382,7.35527,43.89838
2022-10-12 07:00:00+00:00,0.0,0.0,17.04199,7.2180333,42.754242
2022-10-12 08:00:00+00:00,0.0,0.0,16.317232,7.50733,48.2398
2022-10-12 09:00:00+00:00,0.0,0.0,15.8489685,7.029225,50.194473
2022-10-12 10:00:00+00:00,0.0,0.0,15.046341,6.789698,46.193405
2022-10-12 11:00:00+00:00,0.0,0.0,14.489481,7.106335,50.710617
2022-10-12 12:00:00+00:00,0.0,0.0,14.37005,7.140028,52.969524
2022-10-12 13:00:00+00:00,0.0,0.0,14.190851,6.3953104,63.03437
2022-10-12 14:00:00+00:00,0.0,0.0,14.238068,5.6859474,66.139824
2022-10-12 15:00:00+00:00,0.0,0.0,14.269121,5.5569777,59.743652
2022-10-12 16:00:00+00:00,0.0,0.0,13.342979,4.9578223,48.270576
2022-10-12 17:00:00+00:00,0.0,0.0,13.565897,4.6861496,50.194473
2022-10-12 18:00:00+00:00,0.0,0.0,12.816563,3.8587563,31.218353
2022-10-12 19:00:00+00:00,0.0,0.0,12.84304,4.8093657,3.5762644
2022-10-12 20:00:00+00:00,0.0,0.0,13.639175,5.0447993,13.760814
2022-10-12 21:00:00+00:00,0.0,0.0,14.933264,5.7982755,32.3196
2022-10-12 22:00:00+00:00,0.0,0.0,15.3936825,7.0007143,21.801476
2022-10-12 23:00:00+00:00,0.0,0.0,16.246548,7.5960517,16.049078
2022-10-13 00:00:00+00:00,0.0,0.0,16.11256,6.9570107,18.435053
2022-10-13 01:00:00+00:00,0.0,0.0,17.430532,6.2128897,33.178535
2022-10-13 02:00:00+00:00,0.0,0.0,19.179453,5.3009434,54.21094
2022-10-13 03:00:00+00:00,0.0,0.0,19.952818,5.500909,62.969223
2022-10-13 04:00:00+00:00,0.0,0.0,19.650093,6.720863,46.808723
2022-10-13 05:00:00+00:00,0.0,0.0,20.179714,6.280127,52.765083
2022-10-13 06:00:00+00:00,0.0,0.0,19.505365,6.794115,42.614033
2022-10-13 07:00:00+00:00,0.0,0.0,19.93929,6.3702435,47.544853
2022-10-13 08:00:00+00:00,0.0,0.0,18.967484,7.093659,49.574005
2022-10-13 09:00:00+00:00,0.0,0.0,18.675467,6.726812,48.01287
2022-10-13 10:00:00+00:00,0.0,0.0,17.948832,6.4443774,48.14505
2022-10-13 11:00:00+00:00,0.0,0.0,17.174839,6.6483083,43.7812
2022-10-13 12:00:00+00:00,0.0,0.0,16.562437,6.5604877,37.568665
2022-10-13 13:00:00+00:00,0.0,0.0,16.551811,6.529931,40.030197
2022-10-13 14:00:00+00:00,0.0,0.0,16.147902,6.140033,37.05662
2022-10-13 15:00:00+00:00,0.0,0.0,16.229746,6.140033,37.05662
2022-10-13 16:00:00+00:00,0.0,0.0,16.018093,6.280127,37.234917
2022-10-13 17:00:00+00:00,0.0,0.0,15.780331,6.140033,37.05662
2022-10-13 18:00:00+00:00,0.0,0.0,15.118826,5.0921507,19.502544
2022-10-13 19:00:00+00:00,0.0,0.0,15.069815,6.503076,1.7623575
2022-10-13 20:00:00+00:00,0.0,0.0,16.113611,6.6850576,21.960619
2022-10-13 21:00:00+00:00,0.0,0.0,17.076286,6.400781,28.96756
2022-10-13 22:00:00+00:00,0.0,0.0,17.39173,5.948109,26.995766
2022-10-13 23:00:00+00:00,0.0,0.0,17.979664,6.109828,21.10492
2022-10-14 00:00:00+00:00,0.0,0.0,19.23986,5.6921,18.435053
2022-10-14 01:00:00+00:00,0.0,0.0,19.442505,5.7306194,29.248732
2022-10-14 02:00:00+00:00,0.1,0.1,19.45943,5.0990195,25.559923
2022-10-14 03:00:00+00:00,0.0,0.0,20.734247,5.3235326,28.009092
2022-10-14 04:00:00+00:00,0.0,0.0,21.678165,4.8259716,34.019398
2022-10-14 05:00:00+00:00,0.0,0.0,21.753357,4.8548946,32.38066
2022-10-14 06:00:00+00:00,0.0,0.0,21.27692,5.491812,33.111355
2022-10-14 07:00:00+00:00,0.0,0.0,20.563284,6.080296,36.30459
2022-10-14 08:00:00+00:00,0.0,0.0,19.850609,5.9548297,40.9143
2022-10-14 09:00:00+00:00,0.0,0.0,19.129765,6.5115285,42.510403
2022-10-14 10:00:00+00:00,0.0,0.0,18.441126,6.9310894,43.83095
2022-10-14 11:00:00+00:00,0.0,0.0,17.932806,7.076722,42.709366
2022-10-14 12:00:00+00:00,0.0,0.0,17.191082,6.296825,43.06944
2022-10-14 13:00:00+00:00,0.0,0.0,17.047028,6.0207973,41.63345
2022-10-14 14:00:00+00:00,0.0,0.0,16.624243,5.728001,45.707233
2022-10-14 15:00:00+00:00,0.0,0.0,16.10037,5.1739736,41.081665
2022-10-14 16:00:00+00:00,0.0,0.0,15.713766,5.0477715,33.6901
2022-10-14 17:00:00+00:00,0.0,0.0,15.386946,4.924429,23.962492
2022-10-14 18:00:00+00:00,0.0,0.0,15.105022,5.2952805,10.885482
2022-10-14 19:00:00+00:00,0.0,0.0,14.977463,5.7428217,7.0011806
2022-10-14 20:00:00+00:00,0.0,0.0,14.801474,5.3160133,16.389616
2022-10-14 21:00:00+00:00,0.0,0.0,14.54472,5.162364,21.59538
2022-10-14 22:00:00+00:00,0.0,0.0,14.412706,5.186521,19.133741
2022-10-14 23:00:00+00:00,0.0,0.0,16.877552,5.1195703,12.407412
2022-10-15 00:00:00+00:00,0.0,0.0,18.690002,3.5057096,356.72958
2022-10-15 01:00:00+00:00,0.0,0.0,19.344635,4.4922156,16.82149
2022-10-15 02:00:00+00:00,0.0,0.0,20.378637,4.604346,34.3804
2022-10-15 03:00:00+00:00,0.0,0.0,20.94885,4.632494,32.660904
2022-10-15 04:00:00+00:00,0.0,0.0,21.302422,4.356604,31.865936
2022-10-15 05:00:00+00:00,0.0,0.0,21.644173,4.3829217,27.149609
2022-10-15 06:00:00+00:00,0.0,0.0,21.792233,4.3266616,33.6901
2022-10-15 07:00:00+00:00,0.0,0.0,21.561632,4.313931,45.939102
2022-10-15 08:00:00+00:00,0.0,0.0,20.492184,4.743417,55.304783
2022-10-15 09:00:00+00:00,0.0,0.0,19.42603,5.6302752,56.592163
2022-10-15 10:00:00+00:00,0.0,0.0,18.398224,6.0876923,47.66307
2022-10-15 11:00:00+00:00,0.0,0.0,17.664722,6.4031243,38.65983
2022-10-15 12:00:00+00:00,0.0,0.0,18.197533,5.1971145,30.018288
2022-10-15 13:00:00+00:00,0.0,0.0,17.59802,5.3851647,21.801476
2022-10-15 14:00:00+00:00,0.0,0.0,16.833809,5.239275,23.629398
2022-10-15 15:00:00+00:00,0.0,0.0,16.523691,4.531004,22.036283
2022-10-15 16:00:00+00:00,0.0,0.0,16.408966,4.14367,19.746927
2022-10-15 17:00:00+00:00,0.0,0.0,16.22427,4.808326,16.927603
2022-10-15 18:00:00+00:00,0.0,0.0,16.143585,5.178803,10.007925
2022-10-15 19:00:00+00:00,0.0,0.0,15.976547,5.60803,3.0664318
2022-10-15 20:00:00+00:00,0.0,0.0,16.094048,5.7218876,5.013036
2022-10-15 21:00:00+00:00,0.0,0.0,16.746809,5.7035074,2.0095148
2022-10-15 22:00:00+00:00,0.0,0.0,17.260868,5.714018,4.0141068
2022-10-15 23:00:00+00:00,0.0,0.0,18.182968,5.748913,13.069325
2022-10-16 00:00:00+00:00,0.0,0.0,19.310274,5.5145264,355.84042
2022-10-16 01:00:00+00:00,0.0,0.0,19.825956,5.4120235,16.09089
2022-10-16 02:00:00+00:00,0.0,0.0,20.363842,5.1971145,30.018288
2022-10-16 03:00:00+00:00,0.0,0.0,21.145447,4.8877397,30.762655
2022-10-16 04:00:00+00:00,0.0,0.0,21.98003,4.531004,22.036283
2022-10-16 05:00:00+00:00,0.0,0.0,22.0341,4.7801676,15.780828
2022-10-16 06:00:00+00:00,0.0,0.0,22.205492,4.527693,6.3401003
2022-10-16 07:00:00+00:00,0.0,0.0,21.896816,5.200961,1.101687
2022-10-16 08:00:00+00:00,0.0,0.0,20.545414,6.7119293,3.4165199
2022-10-16 09:00:00+00:00,0.0,0.0,19.265232,7.300685,13.46523
2022-10-16 10:00:00+00:00,0.0,0.0,17.416681,7.912016,16.144413
2022-10-16 11:00:00+00:00,0.0,0.0,16.456045,7.472616,15.524177
2022-10-16 12:00:00+00:00,0.0,0.0,16.820557,7.595393,9.090207
2022-10-16 13:00:00+00:00,0.0,0.0,16.596899,7.3824115,8.569064
2022-10-16 14:00:00+00:00,0.0,0.0,16.815552,6.708204,10.304792
2022-10-16 15:00:00+00:00,0.0,0.0,16.890127,6.041523,12.425935
2022-10-16 16:00:00+00:00,0.0,0.0,16.37758,7.0859013,8.930518
2022-10-16 17:00:00+00:00,0.0,0.0,16.018274,8.220098,9.806025
2022-10-16 18:00:00+00:00,0.0,0.0,16.457603,7.962412,11.592147
2022-10-16 19:00:00+00:00,0.0,0.0,16.408691,8.736132,15.945477
2022-10-16 20:00:00+00:00,0.0,0.0,16.110233,9.455687,17.860197
2022-10-16 21:00:00+00:00,0.0,0.0,16.280737,9.047651,20.037306
2022-10-16 22:00:00+00:00,0.0,0.0,16.18708,10.043904,12.652561
2022-10-16 23:00:00+00:00,0.0,0.0,16.57295,10.4043255,17.912613
2022-10-17 00:00:00+00:00,0.0,0.0,15.920658,11.720069,25.253126
2022-10-17 01:00:00+00:00,0.0,0.0,16.18267,11.818629,23.962492
2022-10-17 02:00:00+00:00,0.0,0.0,15.730892,11.661903,22.166399
2022-10-17 03:00:00+00:00,0.0,0.0,16.283249,11.354734,19.55209
2022-10-17 04:00:00+00:00,0.0,0.0,16.594126,11.609049,17.030247
2022-10-17 05:00:00+00:00,0.0,0.0,16.157001,11.860017,14.153454
2022-10-17 06:00:00+00:00,0.0,0.0,15.593277,11.375852,14.76925
2022-10-17 07:00:00+00:00,0.0,0.0,14.082392,11.621101,15.471394
2022-10-17 08:00:00+00:00,0.0,0.0,13.001825,11.350771,14.281137
2022-10-17 09:00:00+00:00,0.0,0.0,12.363373,10.492378,10.988618
2022-10-17 10:00:00+00:00,0.0,0.0,11.931782,9.899495,8.130019
2022-10-17 11:00:00+00:00,0.0,0.0,11.538395,9.924716,4.0444055
2022-10-17 12:00:00+00:00,0.0,0.0,12.216913,8.605231,358.00217
2022-10-17 13:00:00+00:00,0.0,0.0,11.781252,7.81025,357.0644
2022-10-17 14:00:00+00:00,0.0,0.0,11.135782,8.149233,345.7932
2022-10-17 15:00:00+00:00,0.0,0.0,10.618063,9.024965,344.57776
2022-10-17 16:00:00+00:00,0.0,0.0,10.162676,8.928606,344.40714
2022-10-17 17:00:00+00:00,0.0,0.0,10.183317,8.646965,354.02576
2022-10-17 18:00:00+00:00,0.0,0.0,9.890154,8.570881,352.62634
2022-10-17 19:00:00+00:00,0.0,0.0,9.644452,8.683318,352.0566
2022-10-17 20:00:00+00:00,0.0,0.0,9.355763,8.782369,352.14676
2022-10-17 21:00:00+00:00,0.0,0.0,9.283522,8.5,351.20267
2022-10-17 22:00:00+00:00,0.0,0.0,8.939693,8.077747,344.93146
2022-10-17 23:00:00+00:00,0.0,0.0,10.451205,7.962412,348.40787
2022-10-18 00:00:00+00:00,0.1,0.1,11.759495,7.8313475,354.8719
2022-10-18 01:00:00+00:00,0.0,0.0,12.626436,8.249242,6.263397
2022-10-18 02:00:00+00:00,0.1,0.1,13.268055,7.8854294,12.449991
2022-10-18 03:00:00+00:00,0.0,0.0,13.530748,7.18401,16.164576
2022-10-18 04:00:00+00:00,0.0,0.0,15.331245,6.9584484,7.4313188
2022-10-18 05:00:00+00:00,0.0,0.0,14.9427395,7.5960517,16.049078
2022-10-18 06:00:00+00:00,0.0,0.0,14.484716,8.005623,20.472363
2022-10-18 07:00:00+00:00,0.0,0.0,14.369865,7.28011,15.945477
2022-10-18 08:00:00+00:00,0.0,0.0,13.876919,7.0213957,17.402794
2022-10-18 09:00:00+00:00,0.0,0.0,13.463078,6.7119293,3.4165199
2022-10-18 10:00:00+00:00,0.0,0.0,12.627842,6.6030297,358.26434
2022-10-18 11:00:00+00:00,0.0,0.0,12.277197,6.166036,8.392845
2022-10-18 12:00:00+00:00,0.0,0.0,10.962143,6.0373836,26.564985
2022-10-18 13:00:00+00:00,0.0,0.0,10.580806,5.162364,21.59538
2022-10-18 14:00:00+00:00,0.0,0.0,9.975888,5.162364,21.59538
2022-10-18 15:00:00+00:00,0.0,0.0,9.987048,5.636488,25.201094
2022-10-18 16:00:00+00:00,0.0,0.0,9.661587,5.3600373,8.583544
2022-10-18 17:00:00+00:00,0.0,0.0,9.121997,5.1195703,347.5926
2022-10-18 18:00:00+00:00,0.0,0.0,9.14917,7.3756356,347.4712
2022-10-18 19:00:00+00:00,0.0,0.0,9.253189,8.122192,355.76367
2022-10-18 20:00:00+00:00,0.0,0.0,9.39849,8.628442,4.653276
2022-10-18 21:00:00+00:00,0.0,0.0,9.417452,8.372574,7.5493307
2022-10-18 22:00:00+00:00,0.0,0.0,9.259256,8.256513,11.173798
2022-10-18 23:00:00+00:00,0.0,0.0,11.103274,7.156815,15.395606
2022-10-19 00:00:00+00:00,0.0,0.0,12.361925,5.866856,29.623667
2022-10-19 01:00:00+00:00,0.0,0.0,13.4422455,5.660389,32.005356
2022-10-19 02:00:00+00:00,0.0,0.0,14.546167,5.5226803,31.675428
2022-10-19 03:00:00+00:00,0.0,0.0,15.688646,5.269725,33.388535
2022-10-19 04:00:00+00:00,0.0,0.0,16.929821,4.992995,32.73523
2022-10-19 05:00:00+00:00,0.0,0.0,17.277927,5.5803227,36.253937
2022-10-19 06:00:00+00:00,0.0,0.0,15.991186,6.6468034,44.999897
2022-10-19 07:00:00+00:00,0.0,0.0,14.801167,6.9426217,48.503635
2022-10-19 08:00:00+00:00,0.0,0.0,14.122185,7.140028,52.969524
2022-10-19 09:00:00+00:00,0.0,0.0,13.975708,6.300793,54.039394
2022-10-19 10:00:00+00:00,0.0,0.0,13.283981,5.2801514,52.695976
2022-10-19 11:00:00+00:00,0.0,0.0,12.630838,5.6400356,52.92685
2022-10-19 12:00:00+00:00,0.0,0.0,12.774151,4.4777226,60.572647
2022-10-19 13:00:00+00:00,0.0,0.0,11.909473,5.660389,57.99466
2022-10-19 14:00:00+00:00,0.0,0.0,11.35876,5.994164,62.152523
2022-10-19 15:00:00+00:00,0.0,0.0,10.567437,5.1429563,63.435013
2022-10-19 16:00:00+00:00,0.0,0.0,10.058112,5.1107726,59.420856
2022-10-19 17:00:00+00:00,0.0,0.0,9.863628,5.011986,61.389645
2022-10-19 18:00:00+00:00,0.0,0.0,10.219875,4.5221677,71.96563
2022-10-19 19:00:00+00:00,0.0,0.0,12.87635,3.905125,76.67546
2022-10-19 20:00:00+00:00,0.0,0.0,10.105579,5.147815,60.94549
2022-10-19 21:00:00+00:00,0.0,0.0,10.40214,6.332456,68.702576
2022-10-19 22:00:00+00:00,0.0,0.0,10.173035,6.103278,71.86183
2022-10-19 23:00:00+00:00,0.0,0.0,13.391893,5.531727,77.4712
2022-10-20 00:00:00+00:00,0.0,0.0,16.375303,3.9115217,94.39862
2022-10-20 01:00:00+00:00,0.0,0.0,16.44797,5.9076223,92.910774
2022-10-20 02:00:00+00:00,0.0,0.0,17.406998,5.408327,93.17977
2022-10-20 03:00:00+00:00,0.0,0.0,18.863775,5.10392,92.2457
2022-10-20 04:00:00+00:00,0.0,0.0,19.35829,5.508176,93.12207
2022-10-20 05:00:00+00:00,0.0,0.0,19.602983,5.6008925,91.02301
2022-10-20 06:00:00+00:00,0.0,0.0,18.669983,6.0074954,92.86235
2022-10-20 07:00:00+00:00,0.0,0.0,17.88688,6.2289643,95.52745
2022-10-20 08:00:00+00:00,0.0,0.0,17.182114,6.1814237,99.30987
2022-10-20 09:00:00+00:00,0.0,0.0,16.734043,5.5326304,96.22574
2022-10-20 10:00:00+00:00,0.0,0.0,15.356495,4.9162993,94.66678
2022-10-20 11:00:00+00:00,0.0,0.0,14.719839,4.428318,96.48298
2022-10-20 12:00:00+00:00,0.0,0.0,14.643036,4.753946,104.62092
2022-10-20 13:00:00+00:00,0.0,0.0,14.429729,4.7759814,109.57322
2022-10-20 14:00:00+00:00,0.0,0.0,15.91987,3.405877,130.23628
2022-10-20 15:00:00+00:00,0.0,0.0,15.304199,3.2649655,130.0302
2022-10-20 16:00:00+00:00,0.0,0.0,13.178825,3.9824615,118.495544
2022-10-20 17:00:00+00:00,0.0,0.0,12.898598,3.9446166,120.46546
2022-10-20 18:00:00+00:00,0.0,0.0,13.580374,3.1241,129.80553
2022-10-20 19:00:00+00:00,0.0,0.0,13.173628,3.1144822,137.60262
2022-10-20 20:00:00+00:00,0.0,0.0,12.439997,3.1827662,136.27295
2022-10-20 21:00:00+00:00,0.0,0.0,11.984358,3.1890438,131.18582
2022-10-20 22:00:00+00:00,0.0,0.0,11.584469,3.535534,118.7397
2022-10-20 23:00:00+00:00,0.0,0.0,14.523464,3.4885528,117.29949
2022-10-21 00:00:00+00:00,0.0,0.0,19.091337,3.6249137,114.44395
2022-10-21 01:00:00+00:00,0.0,0.0,21.599028,2.745906,123.11135
2022-10-21 02:00:00+00:00,0.0,0.0,22.885378,2.8017852,145.17545
2022-10-21 03:00:00+00:00,0.0,0.0,24.152357,4.2059484,151.60707
2022-10-21 04:00:00+00:00,0.0,0.0,24.768887,5.3160133,163.61038
2022-10-21 05:00:00+00:00,0.0,0.0,24.984669,5.315073,175.68405
2022-10-21 06:00:00+00:00,0.0,0.0,25.106892,4.5122056,192.80426
2022-10-21 07:00:00+00:00,0.0,0.0,25.36719,3.206244,183.57626
2022-10-21 08:00:00+00:00,0.0,0.0,24.234854,3.4713109,131.49637
2022-10-21 09:00:00+00:00,0.0,0.0,22.366438,5.2924476,112.20353
2022-10-21 10:00:00+00:00,0.0,0.0,20.141457,6.514599,107.87879
2022-10-21 11:00:00+00:00,0.0,0.0,19.44804,6.6219335,104.87573
2022-10-21 12:00:00+00:00,0.0,0.0,19.522774,6.1,100.38881
2022-10-21 13:00:00+00:00,0.0,0.0,20.178453,6.3788714,103.60056
2022-10-21 14:00:00+00:00,0.0,0.0,20.364277,5.6859474,113.86018
2022-10-21 15:00:00+00:00,0.0,0.0,19.747099,3.7643058,106.99091
2022-10-21 16:00:00+00:00,0.0,0.0,19.457684,3.8600519,106.55715
2022-10-21 17:00:00+00:00,0.0,0.0,18.95601,3.238827,98.88058
2022-10-21 18:00:00+00:00,0.0,0.0,18.747713,2.9017239,88.025116
2022-10-21 19:00:00+00:00,0.0,0.0,18.444107,2.720294,72.89719
2022-10-21 20:00:00+00:00,0.0,0.0,18.489647,2.758623,46.468742
2022-10-21 21:00:00+00:00,0.0,0.0,19.051926,3.2015622,38.65983
2022-10-21 22:00:00+00:00,0.0,0.0,19.201805,3.4713109,41.49638
2022-10-21 23:00:00+00:00,0.0,0.0,21.026718,3.5468295,40.425995
2022-10-22 00:00:00+00:00,0.0,0.0,21.401667,2.6172504,6.581848
2022-10-22 01:00:00+00:00,0.0,0.0,23.340134,3.3015149,358.26434
2022-10-22 02:00:00+00:00,0.1,0.1,24.259434,3.8327534,7.495768
2022-10-22 03:00:00+00:00,0.1,0.1,24.51162,3.9293766,14.743609
2022-10-22 04:00:00+00:00,0.0,0.0,25.075958,4.0792155,11.3098955
2022-10-22 05:00:00+00:00,0.0,0.0,25.34539,4.1303754,6.9528637
2022-10-22 06:00:00+00:00,0.0,0.0,25.525684,4.418144,5.19435
2022-10-22 07:00:00+00:00,0.1,0.1,24.340912,5.3366656,12.99463
2022-10-22 08:00:00+00:00,0.1,0.1,22.933056,6.3134775,29.407095
2022-10-22 09:00:00+00:00,0.0,0.0,22.045105,6.2482,39.805527
2022-10-22 10:00:00+00:00,0.0,0.0,21.429691,6.3126855,40.502766
2022-10-22 11:00:00+00:00,0.0,0.0,20.646183,6.6610813,35.837746
2022-10-22 12:00:00+00:00,0.0,0.0,20.431742,6.2177167,27.801373
2022-10-22 13:00:00+00:00,0.0,0.0,20.214102,6.0373836,26.564985
2022-10-22 14:00:00+00:00,0.0,0.0,19.654078,6.1326995,24.05735
2022-10-22 15:00:00+00:00,0.0,0.0,19.02385,5.8591805,27.439646
2022-10-22 16:00:00+00:00,0.0,0.0,18.328508,6.0083275,18.435053
2022-10-22 17:00:00+00:00,0.0,0.0,17.912374,6.484597,17.037857
2022-10-22 18:00:00+00:00,0.0,0.0,17.737568,6.676077,16.534922
2022-10-22 19:00:00+00:00,0.0,0.0,17.480879,6.4536815,12.528798
2022-10-22 20:00:00+00:00,0.0,0.0,17.180035,6.562012,7.883054
2022-10-22 21:00:00+00:00,0.0,0.0,16.978394,6.736468,5.964399
2022-10-22 22:00:00+00:00,0.0,0.0,16.467726,7.2339478,5.5528803
2022-10-22 23:00:00+00:00,0.0,0.0,16.959644,7.1847057,8.806714
2022-10-23 00:00:00+00:00,0.0,0.0,17.970211,6.1188235,11.3098955
2022-10-23 01:00:00+00:00,0.0,0.0,18.60328,7.2732387,18.435053
2022-10-23 02:00:00+00:00,0.0,0.0,19.416492,7.6216793,19.148233
2022-10-23 03:00:00+00:00,0.0,0.0,20.030943,7.955501,14.560314
2022-10-23 04:00:00+00:00,0.0,0.0,19.84808,8.276473,11.852991
2022-10-23 05:00:00+00:00,0.0,0.0,19.27961,7.9429216,10.885482
2022-10-23 06:00:00+00:00,0.0,0.0,18.289824,8.237719,10.491434
2022-10-23 07:00:00+00:00,0.0,0.0,17.105444,8.149233,14.206798
2022-10-23 08:00:00+00:00,0.0,0.0,15.957642,8.343262,13.869714
2022-10-23 09:00:00+00:00,0.0,0.0,14.959637,8.417244,13.045651
2022-10-23 10:00:00+00:00,0.0,0.0,13.799456,8.905054,12.319439
2022-10-23 11:00:00+00:00,0.0,0.0,13.2120075,9.144397,13.276417
2022-10-23 12:00:00+00:00,0.0,0.0,13.75898,7.6118326,9.833496
2022-10-23 13:00:00+00:00,0.0,0.0,13.425919,7.5504966,11.458726
2022-10-23 14:00:00+00:00,0.0,0.0,13.010044,7.615773,13.671325
2022-10-23 15:00:00+00:00,0.0,0.0,12.688383,7.543209,14.588961
2022-10-23 16:00:00+00:00,0.0,0.0,12.3382,7.5927596,12.938063
2022-10-23 17:00:00+00:00,0.0,0.0,12.071646,7.787811,12.608602
2022-10-23 18:00:00+00:00,0.0,0.0,11.800222,7.788453,15.642312
2022-10-23 19:00:00+00:00,0.0,0.0,11.558113,7.874643,17.744766
2022-10-23 20:00:00+00:00,0.0,0.0,11.382195,7.6537576,17.488089
2022-10-23 21:00:00+00:00,0.0,0.0,11.222983,7.212489,16.927603
2022-10-23 22:00:00+00:00,0.0,0.0,10.959164,6.7720013,16.29413
2022-10-23 23:00:00+00:00,0.0,0.0,12.9529705,6.1684685,16.966234
2022-10-24 00:00:00+00:00,0.0,0.0,15.301292,5.0289164,17.354122
2022-10-24 01:00:00+00:00,0.0,0.0,15.5033,6.1717095,26.980152
2022-10-24 02:00:00+00:00,0.0,0.0,16.731148,5.6859474,34.2491
2022-10-24 03:00:00+00:00,0.0,0.0,17.829973,5.860034,36.674442
2022-10-24 04:00:00+00:00,0.0,0.0,18.079006,6.963476,35.059513
2022-10-24 05:00:00+00:00,0.0,0.0,17.66994,6.4202805,37.405437
2022-10-24 06:00:00+00:00,0.0,0.0,17.888023,5.8830266,31.798878
2022-10-24 07:00:00+00:00,0.0,0.0,17.765884,5.7775426,23.45904
2022-10-24 08:00:00+00:00,0.0,0.0,16.119743,8.065358,19.558346
2022-10-24 09:00:00+00:00,0.0,0.0,15.567247,7.2201114,36.552567
2022-10-24 10:00:00+00:00,0.0,0.0,14.405867,7.262231,38.290207
2022-10-24 11:00:00+00:00,0.0,0.0,13.616167,6.8883963,39.699043
2022-10-24 12:00:00+00:00,0.0,0.0,13.695179,6.185467,34.460888
2022-10-24 13:00:00+00:00,0.0,0.0,13.661203,5.5803227,36.253937
2022-10-24 14:00:00+00:00,0.0,0.0,13.175085,5.5317264,40.601215
2022-10-24 15:00:00+00:00,0.0,0.0,12.669315,5.685068,39.289394
2022-10-24 16:00:00+00:00,0.0,0.0,12.286724,5.0990195,41.82009
2022-10-24 17:00:00+00:00,0.0,0.0,11.356708,5.220153,36.43096
2022-10-24 18:00:00+00:00,0.0,0.0,11.8504505,5.307542,42.709366
2022-10-24 19:00:00+00:00,0.0,0.0,11.596658,5.860034,36.674442
2022-10-24 20:00:00+00:00,0.0,0.0,11.191821,6.594695,40.695446
2022-10-24 21:00:00+00:00,0.0,0.0,11.084442,7.0007143,44.421352
2022-10-24 22:00:00+00:00,0.0,0.0,11.2493,7.029225,50.194473
2022-10-24 23:00:00+00:00,0.0,0.0,12.573809,6.7007465,52.274952
2022-10-25 00:00:00+00:00,0.0,0.0,13.809538,6.6843095,51.072456
2022-10-25 01:00:00+00:00,0.0,0.0,14.998356,7.2718635,58.495792
2022-10-25 02:00:00+00:00,0.0,0.0,15.644398,7.430343,61.020393
2022-10-25 03:00:00+00:00,0.0,0.0,16.476122,7.2615423,67.319405
2022-10-25 04:00:00+00:00,0.0,0.0,16.830889,7.2615423,67.319405
2022-10-25 05:00:00+00:00,0.0,0.0,16.6009,7.31642,68.343956
2022-10-25 06:00:00+00:00,0.0,0.0,15.854998,7.05195,71.821884
2022-10-25 07:00:00+00:00,0.0,0.0,15.374432,6.8963757,73.14152
2022-10-25 08:00:00+00:00,0.0,0.0,14.792601,6.198387,72.1496
2022-10-25 09:00:00+00:00,0.0,0.0,14.364246,5.700877,68.38517
2022-10-25 10:00:00+00:00,0.0,0.0,14.197107,5.5036354,65.29759
2022-10-25 11:00:00+00:00,0.0,0.0,13.4735775,5.700877,74.74483
2022-10-25 12:00:00+00:00,0.0,0.0,13.385836,4.9648767,80.72748
2022-10-25 13:00:00+00:00,0.0,0.0,13.840904,5.1088157,93.366394
2022-10-25 14:00:00+00:00,0.0,0.0,13.315996,5.315073,94.31595
2022-10-25 15:00:00+00:00,0.0,0.0,13.125484,5.6753855,104.28113
2022-10-25 16:00:00+00:00,0.0,0.0,12.81007,4.924429,113.962494
2022-10-25 17:00:00+00:00,0.0,0.0,12.850782,2.2022715,140.52757
2022-10-25 18:00:00+00:00,0.0,0.0,12.161085,1.6552945,154.98314
2022-10-25 19:00:00+00:00,0.0,0.0,13.6347275,3.2015622,104.47034
2022-10-25 20:00:00+00:00,0.0,0.0,14.010309,4.440721,97.76508
2022-10-25 21:00:00+00:00,0.0,0.0,14.617949,4.317406,103.39252
2022-10-25 22:00:00+00:00,0.0,0.0,15.74217,3.5341196,115.11481
2022-10-25 23:00:00+00:00,0.0,0.0,15.859436,3.9357338,117.216034
2022-10-26 00:00:00+00:00,0.0,0.0,16.532372,3.176476,118.1785
2022-10-26 01:00:00+00:00,0.0,0.0,18.314209,3.8013155,116.56499
2022-10-26 02:00:00+00:00,0.0,0.0,19.175858,3.3286633,122.73522
2022-10-26 03:00:00+00:00,0.0,0.0,19.132174,5.27731,117.05052
2022-10-26 04:00:00+00:00,0.0,0.0,19.081503,5.5470715,117.950874
2022-10-26 05:00:00+00:00,0.0,0.0,19.367046,5.536244,110.07162
2022-10-26 06:00:00+00:00,0.0,0.0,19.316668,4.7759814,109.57322
2022-10-26 07:00:00+00:00,0.0,0.0,19.51449,3.981206,101.59215
2022-10-26 08:00:00+00:00,0.1,0.1,19.220789,4.609772,102.5288
2022-10-26 09:00:00+00:00,0.5,0.5,18.671085,4.876474,105.46127
2022-10-26 10:00:00+00:00,0.1,0.1,18.125477,5.2773094,99.81924
2022-10-26 11:00:00+00:00,0.4,0.4,17.883102,6.1611686,103.13403
2022-10-26 12:00:00+00:00,1.0,1.0,18.026499,4.6173587,94.96966
2022-10-26 13:00:00+00:00,1.1,1.1,18.197004,3.6013885,88.4089
2022-10-26 14:00:00+00:00,0.1,0.1,17.139814,5.8,90.0
2022-10-26 15:00:00+00:00,0.0,0.0,16.781582,6.61211,86.531845
2022-10-26 16:00:00+00:00,0.0,0.0,16.594278,6.400781,89.10485
2022-10-26 17:00:00+00:00,0.0,0.0,16.483145,6.449806,82.875084
2022-10-26 18:00:00+00:00,0.0,0.0,16.600788,6.5000005,75.74994
2022-10-26 19:00:00+00:00,0.2,0.2,17.053362,6.3788714,80.98076
2022-10-26 20:00:00+00:00,0.2,0.2,17.417475,5.8940644,75.25639
2022-10-26 21:00:00+00:00,0.2,0.2,17.172737,6.5795135,65.77226
2022-10-26 22:00:00+00:00,0.1,0.1,16.845638,7.291776,64.84074
2022-10-26 23:00:00+00:00,0.1,0.1,16.973978,7.1589108,65.22488
2022-10-27 00:00:00+00:00,0.0,0.0,17.530775,6.6573267,57.264786
2022-10-27 01:00:00+00:00,0.0,0.0,18.09187,6.0415235,61.313953
2022-10-27 02:00:00+00:00,0.1,0.1,18.395103,6.1269894,63.853214
2022-10-27 03:00:00+00:00,0.1,0.1,18.619493,6.2169123,64.25934
2022-10-27 04:00:00+00:00,0.0,0.0,18.838125,6.1465435,68.025444
2022-10-27 05:00:00+00:00,0.0,0.0,18.48932,6.762396,66.467636
2022-10-27 06:00:00+00:00,0.0,0.0,18.487875,7.2235723,68.05125
2022-10-27 07:00:00+00:00,0.0,0.0,17.65992,7.9605274,63.113148
2022-10-27 08:00:00+00:00,0.0,0.0,17.914503,6.797794,63.81196
2022-10-27 09:00:00+00:00,0.0,0.0,17.773281,7.4249578,64.470345
2022-10-27 10:00:00+00:00,0.0,0.0,16.84231,9.021087,58.600605
2022-10-27 11:00:00+00:00,0.0,0.0,16.665415,8.930845,55.954018
2022-10-27 12:00:00+00:00,0.0,0.0,16.663963,8.495881,47.862484
2022-10-27 13:00:00+00:00,0.0,0.0,16.209478,8.6977005,44.534245
2022-10-27 14:00:00+00:00,0.0,0.0,16.071041,8.414867,45.48141
2022-10-27 15:00:00+00:00,0.0,0.0,16.073423,7.9195957,44.999897
2022-10-27 16:00:00+00:00,0.0,0.0,16.094395,7.451845,40.10085
2022-10-27 17:00:00+00:00,0.0,0.0,15.869547,7.465253,39.019398
2022-10-27 18:00:00+00:00,0.1,0.1,15.516529,7.793587,33.486195
2022-10-27 19:00:00+00:00,0.2,0.2,14.795181,8.18352,32.524887
2022-10-27 20:00:00+00:00,0.1,0.1,14.4239025,8.300602,36.179718
2022-10-27 21:00:00+00:00,0.0,0.0,14.397005,8.5,36.86998
2022-10-27 22:00:00+00:00,0.0,0.0,14.402813,8.417245,43.555943
2022-10-27 23:00:00+00:00,0.0,0.0,15.021559,8.202439,44.999897
2022-10-28 00:00:00+00:00,0.0,0.0,15.310635,8.982761,43.646877
2022-10-28 01:00:00+00:00,0.0,0.0,15.665487,8.417245,46.444057
2022-10-28 02:00:00+00:00,0.0,0.0,16.094788,9.24554,51.146618
2022-10-28 03:00:00+00:00,0.0,0.0,15.988647,9.492103,48.416687
2022-10-28 04:00:00+00:00,0.0,0.0,15.731882,10.183319,44.204372
2022-10-28 05:00:00+00:00,0.0,0.0,16.064508,9.558765,42.03169
2022-10-28 06:00:00+00:00,0.0,0.0,16.062435,9.202173,42.357407
2022-10-28 07:00:00+00:00,0.0,0.0,16.041288,8.570297,41.688965
2022-10-28 08:00:00+00:00,0.0,0.0,15.545998,8.309633,39.628963
2022-10-28 09:00:00+00:00,0.0,0.0,15.287968,7.7201037,36.573124
2022-10-28 10:00:00+00:00,0.0,0.0,14.457001,8.130191,31.930645
2022-10-28 11:00:00+00:00,0.0,0.0,14.158678,8.249242,30.60634
2022-10-28 12:00:00+00:00,0.0,0.0,13.970953,6.9778223,25.463305
2022-10-28 13:00:00+00:00,0.0,0.0,13.82552,7.077429,23.304924
2022-10-28 14:00:00+00:00,0.0,0.0,13.625853,7.1175838,24.044224
2022-10-28 15:00:00+00:00,0.0,0.0,13.220058,6.670832,23.875284
2022-10-28 16:00:00+00:00,0.0,0.0,13.288223,6.530697,25.38787
2022-10-28 17:00:00+00:00,0.0,0.0,13.013947,6.896376,29.5387
2022-10-28 18:00:00+00:00,0.0,0.0,13.0877075,6.2177167,27.801373
2022-10-28 19:00:00+00:00,0.0,0.0,13.022728,6.2649817,24.51963
2022-10-28 20:00:00+00:00,0.6,0.6,12.838312,6.842514,26.939459
2022-10-28 21:00:00+00:00,0.0,0.0,13.157402,7.017834,32.784283
2022-10-28 22:00:00+00:00,0.0,0.0,12.97053,6.488451,28.539894
2022-10-28 23:00:00+00:00,0.0,0.0,13.895147,5.727128,24.775122
2022-10-29 00:00:00+00:00,0.0,0.0,14.581356,5.6400356,37.073162
2022-10-29 01:00:00+00:00,0.0,0.0,15.1514015,5.5605755,37.694313
2022-10-29 02:00:00+00:00,0.0,0.0,16.412292,5.0328918,40.971645
2022-10-29 03:00:00+00:00,0.0,0.0,17.416948,5.185557,39.522606
2022-10-29 04:00:00+00:00,0.0,0.0,18.064754,5.3413477,38.157276
2022-10-29 05:00:00+00:00,0.0,0.0,18.467419,5.3413477,38.157276
2022-10-29 06:00:00+00:00,0.0,0.0,18.159967,5.315073,41.185837
2022-10-29 07:00:00+00:00,0.0,0.0,17.782785,5.390733,40.485935
2022-10-29 08:00:00+00:00,0.0,0.0,17.123175,5.6400356,37.073162
2022-10-29 09:00:00+00:00,0.0,0.0,16.290024,6.105735,31.607454
2022-10-29 10:00:00+00:00,0.0,0.0,15.492813,6.3953104,26.965645
2022-10-29 11:00:00+00:00,0.0,0.0,14.944372,6.71193,28.474106
2022-10-29 12:00:00+00:00,0.0,0.0,13.863661,6.1465435,21.974566
2022-10-29 13:00:00+00:00,0.0,0.0,13.733839,6.016644,15.42223
2022-10-29 14:00:00+00:00,0.0,0.0,13.327848,5.9413805,6.7660856
2022-10-29 15:00:00+00:00,0.0,0.0,13.146868,6.1008196,0.93916947
2022-10-29 16:00:00+00:00,0.0,0.0,13.13224,6.8007355,359.1575
2022-10-29 17:00:00+00:00,0.0,0.0,13.29615,7.025667,4.8990126
2022-10-29 18:00:00+00:00,0.0,0.0,13.562946,7.236712,11.154618
2022-10-29 19:00:00+00:00,0.0,0.0,13.875132,7.02282,19.983198
2022-10-29 20:00:00+00:00,0.0,0.0,14.983587,7.03278,29.84584
2022-10-29 21:00:00+00:00,0.0,0.0,15.736595,6.989278,33.91748
2022-10-29 22:00:00+00:00,0.0,0.0,15.966963,6.8767724,40.87232
2022-10-29 23:00:00+00:00,0.1,0.1,17.49715,6.506919,46.24529
2022-10-30 00:00:00+00:00,0.1,0.1,18.612385,5.9396963,44.999897
2022-10-30 01:00:00+00:00,0.1,0.1,19.674635,5.491812,56.88865
2022-10-30 02:00:00+00:00,0.1,0.1,20.157883,6.6370173,83.94591
2022-10-30 03:00:00+00:00,0.0,0.0,20.230114,7.1449285,83.57135
2022-10-30 04:00:00+00:00,0.0,0.0,19.75072,6.9584484,82.56869
2022-10-30 05:00:00+00:00,0.0,0.0,20.674126,6.4938436,80.24765
2022-10-30 06:00:00+00:00,0.0,0.0,19.849598,6.7896976,80.67649
2022-10-30 07:00:00+00:00,0.0,0.0,18.79022,7.0830784,76.944756
2022-10-30 08:00:00+00:00,0.0,0.0,18.344206,7.0611615,77.735245
2022-10-30 09:00:00+00:00,0.0,0.0,18.25634,6.596969,75.96373
2022-10-30 10:00:00+00:00,0.0,0.0,17.849743,6.768308,77.19574
2022-10-30 11:00:00+00:00,0.0,0.0,17.691408,6.530697,78.51804
2022-10-30 12:00:00+00:00,0.0,0.0,16.679108,6.207254,87.22985
2022-10-30 13:00:00+00:00,0.0,0.0,16.312994,5.8549128,82.14678
2022-10-30 14:00:00+00:00,0.0,0.0,16.572203,5.5108986,78.486206
2022-10-30 15:00:00+00:00,0.0,0.0,16.931795,6.152235,82.528534
2022-10-30 16:00:00+00:00,0.0,0.0,16.072529,5.0695167,75.14134
2022-10-30 17:00:00+00:00,0.0,0.0,15.54331,5.99333,64.2901
2022-10-30 18:00:00+00:00,0.0,0.0,15.206961,6.664833,62.281586
2022-10-30 19:00:00+00:00,0.0,0.0,15.979891,7.3573093,58.90276
2022-10-30 20:00:00+00:00,0.0,0.0,16.17863,7.155418,63.435013
2022-10-30 21:00:00+00:00,0.0,0.0,15.86614,7.515318,64.79892
2022-10-30 22:00:00+00:00,0.2,0.2,15.994293,6.8,61.92762
2022-10-30 23:00:00+00:00,0.1,0.1,16.87584,6.9426217,48.503635
2022-10-31 00:00:00+00:00,0.1,0.1,17.10958,7.8236823,54.88791
2022-10-31 01:00:00+00:00,0.3,0.3,17.903143,7.1867933,58.079163
2022-10-31 02:00:00+00:00,0.1,0.1,18.435154,7.6243033,73.2287
2022-10-31 03:00:00+00:00,0.0,0.0,18.654175,7.8339005,75.96373
2022-10-31 04:00:00+00:00,0.0,0.0,18.582336,7.7491937,70.39582
2022-10-31 05:00:00+00:00,0.0,0.0,19.109959,7.515318,64.79892
2022-10-31 06:00:00+00:00,0.0,0.0,18.48335,7.4431176,59.300358
2022-10-31 07:00:00+00:00,0.0,0.0,17.958485,7.3498297,56.09368
2022-10-31 08:00:00+00:00,0.0,0.0,17.493101,7.1217976,51.842735
2022-10-31 09:00:00+00:00,0.0,0.0,16.875534,6.862215,46.771442
2022-10-31 10:00:00+00:00,0.0,0.0,16.07932,6.8767724,40.87232
2022-10-31 11:00:00+00:00,0.0,0.0,15.604555,7.4330344,33.476303
2022-10-31 12:00:00+00:00,0.0,0.0,15.399675,7.3348484,25.866312
2022-10-31 13:00:00+00:00,0.0,0.0,15.430532,7.0213957,35.727493
2022-10-31 14:00:00+00:00,0.0,0.0,15.084509,7.1217976,38.157276
2022-10-31 15:00:00+00:00,0.0,0.0,14.717546,6.5855904,48.07754
2022-10-31 16:00:00+00:00,0.0,0.0,14.436661,6.9296465,44.999897
2022-10-31 17:00:00+00:00,0.0,0.0,14.1112385,6.6483083,43.7812
2022-10-31 18:00:00+00:00,0.0,0.0,13.774767,7.2006946,27.276678
2022-10-31 19:00:00+00:00,0.0,0.0,13.624886,8.065358,17.311733
2022-10-31 20:00:00+00:00,0.0,0.0,13.657282,6.7779055,21.644505
2022-10-31 21:00:00+00:00,0.0,0.0,13.388556,7.4249578,25.529652
2022-10-31 22:00:00+00:00,0.0,0.0,13.438864,7.6059184,28.249653
2022-10-31 23:00:00+00:00,0.0,0.0,14.572666,7.6059184,28.249653
2022-11-01 00:00:00+00:00,0.0,0.0,16.425266,6.854196,23.198618
2022-11-01 01:00:00+00:00,0.0,0.0,16.878633,7.8873315,39.3405
2022-11-01 02:00:00+00:00,0.0,0.0,17.477015,8.711487,41.74269
2022-11-01 03:00:00+00:00,0.0,0.0,18.250765,8.287943,41.576035
2022-11-01 04:00:00+00:00,0.0,0.0,18.828226,7.8243213,38.774193
2022-11-01 05:00:00+00:00,0.0,0.0,18.75508,7.242237,35.4458
2022-11-01 06:00:00+00:00,0.0,0.0,18.22085,7.9259067,29.475794
2022-11-01 07:00:00+00:00,0.0,0.0,17.247246,8.720665,26.564985
2022-11-01 08:00:00+00:00,0.0,0.0,17.1673,8.323461,35.217674
2022-11-01 09:00:00+00:00,0.0,0.0,16.41277,7.988116,34.286938
2022-11-01 10:00:00+00:00,0.0,0.0,15.429335,7.905694,34.69522
2022-11-01 11:00:00+00:00,0.0,0.0,14.775438,8.558621,30.159973
2022-11-01 12:00:00+00:00,0.0,0.0,14.707108,7.615773,23.198618
2022-11-01 13:00:00+00:00,0.0,0.0,14.685181,7.116881,19.708078
2022-11-01 14:00:00+00:00,0.0,0.0,14.421671,6.514599,17.87879
2022-11-01 15:00:00+00:00,0.0,0.0,14.024008,5.3600373,8.583544
2022-11-01 16:00:00+00:00,0.0,0.0,13.803471,5.346027,7.523731
2022-11-01 17:00:00+00:00,0.0,0.0,13.808559,6.306346,14.697369
2022-11-01 18:00:00+00:00,0.0,0.0,13.768614,5.846366,12.8477125
2022-11-01 19:00:00+00:00,0.0,0.0,13.479536,5.80517,10.922761
2022-11-01 20:00:00+00:00,0.0,0.0,13.380775,6.7720013,16.29413
2022-11-01 21:00:00+00:00,0.0,0.0,13.3855,7.5272837,19.397905
2022-11-01 22:00:00+00:00,0.0,0.0,13.324738,6.8,28.072395
2022-11-01 23:00:00+00:00,0.0,0.0,14.785948,6.1522355,45.658466
2022-11-02 00:00:00+00:00,0.0,0.0,16.04566,5.234501,43.451904
2022-11-02 01:00:00+00:00,0.0,0.0,16.749424,4.494441,57.724377
2022-11-02 02:00:00+00:00,0.0,0.0,17.162804,4.62277,51.146618
2022-11-02 03:00:00+00:00,0.0,0.0,17.976849,3.6235344,62.02062
2022-11-02 04:00:00+00:00,0.0,0.0,18.149403,3.3015149,54.865723
2022-11-02 05:00:00+00:00,0.0,0.0,18.03548,3.748333,46.080845
2022-11-02 06:00:00+00:00,0.0,0.0,17.492193,4.4598207,47.72637
2022-11-02 07:00:00+00:00,0.0,0.0,16.939676,4.6872168,56.309914
2022-11-02 08:00:00+00:00,0.0,0.0,15.701323,5.6302752,56.592163
2022-11-02 09:00:00+00:00,0.0,0.0,14.488852,6.264982,61.389645
2022-11-02 10:00:00+00:00,0.0,0.0,13.492395,6.400781,61.03244
2022-11-02 11:00:00+00:00,0.0,0.0,12.983166,6.3631754,59.80847
2022-11-02 12:00:00+00:00,0.0,0.0,13.080578,6.742403,54.659805
2022-11-02 13:00:00+00:00,0.0,0.0,12.858145,6.3631754,59.80847
2022-11-02 14:00:00+00:00,0.0,0.0,12.469252,5.8309517,67.83361
2022-11-02 15:00:00+00:00,0.0,0.0,11.970749,5.059644,71.564964
2022-11-02 16:00:00+00:00,0.0,0.0,11.793509,4.0261645,75.61857
2022-11-02 17:00:00+00:00,0.0,0.0,12.212944,3.5128336,85.101
2022-11-02 18:00:00+00:00,0.0,0.0,13.614658,2.4515302,78.231735
2022-11-02 19:00:00+00:00,0.0,0.0,10.785454,2.6400757,37.30404
2022-11-02 20:00:00+00:00,0.0,0.0,10.686944,3.7802117,37.476254
2022-11-02 21:00:00+00:00,0.0,0.0,10.492466,3.905125,50.194473
2022-11-02 22:00:00+00:00,0.0,0.0,10.390116,3.940812,54.293217
2022-11-02 23:00:00+00:00,0.0,0.0,12.571306,3.8600519,53.426876
2022-11-03 00:00:00+00:00,0.0,0.0,15.669647,3.753665,41.760216
2022-11-03 01:00:00+00:00,0.0,0.0,16.710543,2.7658632,49.398785
2022-11-03 02:00:00+00:00,0.0,0.0,17.800592,2.2847319,23.198618
2022-11-03 03:00:00+00:00,0.0,0.0,18.184679,2.9274564,352.14676
2022-11-03 04:00:00+00:00,0.0,0.0,18.12112,3.9623227,349.82455
2022-11-03 05:00:00+00:00,0.0,0.0,17.13614,6.0406957,353.34567
2022-11-03 06:00:00+00:00,0.0,0.0,16.69319,5.903389,349.26114
2022-11-03 07:00:00+00:00,0.0,0.0,16.858019,5.5785303,345.4655
2022-11-03 08:00:00+00:00,0.0,0.0,15.690056,7.071068,8.130019
2022-11-03 09:00:00+00:00,0.0,0.0,13.8264885,7.930952,13.861053
2022-11-03 10:00:00+00:00,0.0,0.0,13.233234,7.5286117,16.990906
2022-11-03 11:00:00+00:00,0.0,0.0,13.332186,6.9570107,18.435053
2022-11-03 12:00:00+00:00,0.0,0.0,13.483221,7.2235723,21.948761
2022-11-03 13:00:00+00:00,0.0,0.0,13.86953,4.9040794,16.58742
2022-11-03 14:00:00+00:00,0.0,0.0,14.069424,4.7095647,3.6521478
2022-11-03 15:00:00+00:00,0.0,0.0,13.630882,6.139218,347.77487
2022-11-03 16:00:00+00:00,0.0,0.0,12.641735,6.8183575,355.7947
2022-11-03 17:00:00+00:00,0.0,0.0,13.141277,6.1073728,2.8155043
2022-11-03 18:00:00+00:00,0.0,0.0,13.400219,6.4031243,358.21014
2022-11-03 19:00:00+00:00,0.0,0.0,13.255411,8.586617,26.266575
2022-11-03 20:00:00+00:00,0.0,0.0,13.044899,9.843272,20.828638
2022-11-03 21:00:00+00:00,0.0,0.0,12.199118,10.427848,24.353003
2022-11-03 22:00:00+00:00,0.0,0.0,11.852228,9.928242,26.3069
2022-11-03 23:00:00+00:00,0.0,0.0,11.834972,9.838699,26.564985
2022-11-04 00:00:00+00:00,0.0,0.0,12.324326,9.217917,28.511152
2022-11-04 01:00:00+00:00,0.0,0.0,12.76614,9.501578,30.343174
2022-11-04 02:00:00+00:00,0.0,0.0,13.401897,9.042676,32.81137
2022-11-04 03:00:00+00:00,0.0,0.0,13.489216,8.490582,32.005356
2022-11-04 04:00:00+00:00,0.0,0.0,13.554108,8.045496,32.307316
2022-11-04 05:00:00+00:00,0.0,0.0,13.889921,7.479305,29.649773
2022-11-04 06:00:00+00:00,0.0,0.0,13.123867,7.7369246,26.896168
2022-11-04 07:00:00+00:00,0.0,0.0,12.085876,8.185964,25.312849
2022-11-04 08:00:00+00:00,0.0,0.0,11.062968,8.430896,22.306253
2022-11-04 09:00:00+00:00,0.0,0.0,10.18217,8.228001,20.637625
2022-11-04 10:00:00+00:00,0.0,0.0,9.461494,8.602325,17.592522
2022-11-04 11:00:00+00:00,0.0,0.0,8.975643,8.17435,14.886319
2022-11-04 12:00:00+00:00,0.0,0.0,10.00266,6.0,360.0
2022-11-04 13:00:00+00:00,0.0,0.0,9.617625,5.6753855,345.71887
2022-11-04 14:00:00+00:00,0.0,0.0,8.884132,6.0299253,354.2895
2022-11-04 15:00:00+00:00,0.0,0.0,9.145435,6.2968245,10.060627
2022-11-04 16:00:00+00:00,0.0,0.0,9.489909,5.5108986,11.513804
2022-11-04 17:00:00+00:00,0.0,0.0,8.707781,5.3150725,11.94416
2022-11-04 18:00:00+00:00,0.0,0.0,8.194368,5.5,360.0
2022-11-04 19:00:00+00:00,0.0,0.0,7.589657,4.7518415,351.52893
2022-11-04 20:00:00+00:00,0.0,0.0,7.1239586,4.68188,340.0168
2022-11-04 21:00:00+00:00,0.0,0.0,6.808049,5.5470715,332.04913
2022-11-04 22:00:00+00:00,0.0,0.0,6.535412,6.352952,331.8215
2022-11-04 23:00:00+00:00,0.0,0.0,7.6334667,6.352952,331.8215
2022-11-05 00:00:00+00:00,0.0,0.0,10.572599,5.235456,331.477
2022-11-05 01:00:00+00:00,0.0,0.0,12.315334,4.237924,340.70987
2022-11-05 02:00:00+00:00,0.0,0.0,13.091951,5.571355,21.037588
2022-11-05 03:00:00+00:00,0.0,0.0,13.51672,5.5470715,27.950872
2022-11-05 04:00:00+00:00,0.0,0.0,14.173996,5.3235326,28.009092
2022-11-05 05:00:00+00:00,0.0,0.0,14.265818,4.9396353,31.75944
2022-11-05 06:00:00+00:00,0.0,0.0,14.809675,4.1880784,33.310646
2022-11-05 07:00:00+00:00,0.0,0.0,15.05459,3.3286633,32.73523
2022-11-05 08:00:00+00:00,0.0,0.0,14.84667,3.3286633,32.73523
2022-11-05 09:00:00+00:00,0.0,0.0,12.936207,6.080296,36.30459
2022-11-05 10:00:00+00:00,0.0,0.0,12.16824,5.7489133,40.06073
2022-11-05 11:00:00+00:00,0.0,0.0,11.57035,5.7801385,37.266483
2022-11-05 12:00:00+00:00,0.0,0.0,10.771524,5.3413477,38.157276
2022-11-05 13:00:00+00:00,0.0,0.0,10.529253,4.7423625,42.436188
2022-11-05 14:00:00+00:00,0.0,0.0,10.070595,4.2426405,44.999897
2022-11-05 15:00:00+00:00,0.0,0.0,9.923621,3.679674,47.20262
2022-11-05 16:00:00+00:00,0.0,0.0,9.971578,3.405877,49.76371
2022-11-05 17:00:00+00:00,0.0,0.0,9.68946,3.2202482,53.84173
2022-11-05 18:00:00+00:00,0.0,0.0,8.977743,3.1622775,55.304783
2022-11-05 19:00:00+00:00,0.0,0.0,9.1136675,3.0232434,55.78425
2022-11-05 20:00:00+00:00,0.0,0.0,8.659087,3.1241,50.194473
2022-11-05 21:00:00+00:00,0.0,0.0,8.397086,3.3600597,53.471054
2022-11-05 22:00:00+00:00,0.0,0.0,8.456066,3.5510561,57.652576
2022-11-05 23:00:00+00:00,0.0,0.0,9.741664,3.8910153,64.09355
2022-11-06 00:00:00+00:00,0.0,0.0,13.094702,2.2203605,82.234924
2022-11-06 01:00:00+00:00,0.0,0.0,14.18207,2.209072,95.19434
2022-11-06 02:00:00+00:00,0.0,0.0,15.09679,2.5179358,96.84268
2022-11-06 03:00:00+00:00,0.0,0.0,15.970991,2.6076808,94.39862
2022-11-06 04:00:00+00:00,0.0,0.0,16.281267,3.3136082,95.19434
2022-11-06 05:00:00+00:00,0.0,0.0,16.04077,4.219004,95.44024
2022-11-06 06:00:00+00:00,0.0,0.0,15.668558,4.86621,99.46225
2022-11-06 07:00:00+00:00,0.0,0.0,15.263525,4.850773,104.32276
2022-11-06 08:00:00+00:00,0.0,0.0,14.549223,5.1078367,113.05133
2022-11-06 09:00:00+00:00,0.0,0.0,13.611055,5.4589376,118.442825
2022-11-06 10:00:00+00:00,0.0,0.0,12.289988,5.7628117,128.65982
2022-11-06 11:00:00+00:00,0.0,0.0,11.440321,5.672742,130.71075
2022-11-06 12:00:00+00:00,0.0,0.0,10.638537,5.656854,135.0001
2022-11-06 13:00:00+00:00,0.0,0.0,10.36315,6.519202,138.73149
2022-11-06 14:00:00+00:00,0.0,0.0,10.108704,6.7201195,143.47105
2022-11-06 15:00:00+00:00,0.0,0.0,9.947698,6.6730804,150.36171
2022-11-06 16:00:00+00:00,0.0,0.0,9.585579,6.1032777,145.0079
2022-11-06 17:00:00+00:00,0.0,0.0,9.098311,6.046487,145.78424
2022-11-06 18:00:00+00:00,0.0,0.0,8.742642,5.8249464,145.49142
2022-11-06 19:00:00+00:00,0.0,0.0,8.226671,5.161395,144.46223
2022-11-06 20:00:00+00:00,0.0,0.0,7.9833717,5.080354,143.8067
2022-11-06 21:00:00+00:00,0.0,0.0,7.873433,5.325411,145.71307
2022-11-06 22:00:00+00:00,0.0,0.0,7.873433,5.5758405,147.45001
2022-11-06 23:00:00+00:00,0.0,0.0,9.783508,5.4405885,143.97253
2022-11-07 00:00:00+00:00,0.0,0.0,13.843294,5.240229,138.09415
2022-11-07 01:00:00+00:00,0.0,0.0,16.438894,4.560702,142.12495
2022-11-07 02:00:00+00:00,0.0,0.0,18.12384,4.215448,157.69374
2022-11-07 03:00:00+00:00,0.0,0.0,19.796911,4.0792155,168.69011
2022-11-07 04:00:00+00:00,0.0,0.0,20.682737,4.104875,177.20735
2022-11-07 05:00:00+00:00,0.0,0.0,20.669071,4.318565,185.31445
2022-11-07 06:00:00+00:00,0.0,0.0,20.114063,4.5122056,192.80426
2022-11-07 07:00:00+00:00,0.0,0.0,19.56562,4.4553337,189.0394
2022-11-07 08:00:00+00:00,0.0,0.0,18.098862,5.4037027,177.87895
2022-11-07 09:00:00+00:00,0.0,0.0,16.685143,6.1983867,169.7779
2022-11-07 10:00:00+00:00,0.0,0.0,15.496483,5.95399,150.85202
2022-11-07 11:00:00+00:00,0.0,0.0,14.746113,5.1623635,135.78474
2022-11-07 12:00:00+00:00,0.0,0.0,14.177528,5.5226803,132.06425
2022-11-07 13:00:00+00:00,0.0,0.0,13.707338,5.9413805,133.63614
2022-11-07 14:00:00+00:00,0.0,0.0,13.248249,5.8898215,139.82083
2022-11-07 15:00:00+00:00,0.0,0.0,12.760891,5.6400356,142.92683
2022-11-07 16:00:00+00:00,0.0,0.0,12.195608,4.7201695,143.61555
2022-11-07 17:00:00+00:00,0.0,0.0,11.853283,3.7013512,141.58191
2022-11-07 18:00:00+00:00,0.0,0.0,11.587878,3.1144822,137.60262
2022-11-07 19:00:00+00:00,0.0,0.0,10.845965,3.1144822,132.39738
2022-11-07 20:00:00+00:00,0.0,0.0,10.233329,3.4713109,131.49637
2022-11-07 21:00:00+00:00,0.0,0.0,9.956871,3.3615475,120.37905
2022-11-07 22:00:00+00:00,0.0,0.0,9.754924,3.4176016,110.55613
2022-11-07 23:00:00+00:00,0.0,0.0,11.770735,3.6345563,97.907074
2022-11-08 00:00:00+00:00,0.0,0.0,16.033611,3.5128336,85.101
2022-11-08 01:00:00+00:00,0.0,0.0,18.130598,3.7,90.0
2022-11-08 02:00:00+00:00,0.0,0.0,18.98802,4.2426405,98.13002
2022-11-08 03:00:00+00:00,0.0,0.0,19.793425,4.539824,97.59455
2022-11-08 04:00:00+00:00,0.0,0.0,20.327547,5.0089917,93.43356
2022-11-08 05:00:00+00:00,0.0,0.0,20.028713,5.508176,93.12207
2022-11-08 06:00:00+00:00,0.0,0.0,19.501932,5.622277,95.10208
2022-11-08 07:00:00+00:00,0.0,0.0,18.404718,5.9076223,92.910774
2022-11-08 08:00:00+00:00,0.0,0.0,17.190886,6.1008196,90.93917
2022-11-08 09:00:00+00:00,0.0,0.0,16.414362,6.2,90.0
2022-11-08 10:00:00+00:00,0.0,0.0,15.6166,6.1814237,99.30987
2022-11-08 11:00:00+00:00,0.0,0.0,14.939705,6.0083275,108.43504
2022-11-08 12:00:00+00:00,0.0,0.0,14.370674,6.5787535,109.53674
2022-11-08 13:00:00+00:00,0.0,0.0,14.207893,6.5802736,106.78272
2022-11-08 14:00:00+00:00,0.0,0.0,13.865412,6.2361846,105.81926
2022-11-08 15:00:00+00:00,0.0,0.0,13.429686,5.8821764,107.818985
2022-11-08 16:00:00+00:00,0.0,0.0,13.104557,5.440588,107.10281
2022-11-08 17:00:00+00:00,0.0,0.0,12.988132,5.4129477,101.72509
2022-11-08 18:00:00+00:00,0.0,0.0,12.966131,5.700877,105.25517
2022-11-08 19:00:00+00:00,0.0,0.0,12.9021225,5.661272,107.47486
2022-11-08 20:00:00+00:00,0.0,0.0,12.675306,5.4083266,109.440125
2022-11-08 21:00:00+00:00,0.0,0.0,12.455889,5.4120235,106.09089
2022-11-08 22:00:00+00:00,0.0,0.0,12.528639,5.8240876,105.945465
2022-11-08 23:00:00+00:00,0.0,0.0,14.553848,6.545991,108.71183
2022-11-09 00:00:00+00:00,0.0,0.0,18.521978,6.407808,112.963806
2022-11-09 01:00:00+00:00,0.0,0.0,20.811357,4.9193497,116.56499
2022-11-09 02:00:00+00:00,0.1,0.1,20.856583,7.543209,141.45879
2022-11-09 03:00:00+00:00,0.1,0.1,21.680578,7.694154,152.10283
2022-11-09 04:00:00+00:00,0.1,0.1,21.87283,6.9123073,165.76268
2022-11-09 05:00:00+00:00,0.0,0.0,22.045153,6.360031,163.55954
2022-11-09 06:00:00+00:00,0.0,0.0,22.411026,6.067125,171.46931
2022-11-09 07:00:00+00:00,0.0,0.0,21.799831,5.916925,149.53453
2022-11-09 08:00:00+00:00,0.0,0.0,21.29681,6.296825,122.68055
2022-11-09 09:00:00+00:00,0.0,0.0,20.101786,6.1846585,112.833694
2022-11-09 10:00:00+00:00,0.0,0.0,19.19132,6.3953104,116.96564
2022-11-09 11:00:00+00:00,0.0,0.0,18.42118,6.352952,118.1785
2022-11-09 12:00:00+00:00,0.0,0.0,18.806604,6.530697,115.38787
2022-11-09 13:00:00+00:00,0.0,0.0,18.652328,6.815424,112.42591
2022-11-09 14:00:00+00:00,0.0,0.0,18.973003,6.6887965,121.551346
2022-11-09 15:00:00+00:00,0.0,0.0,18.9521,5.920304,127.45065
2022-11-09 16:00:00+00:00,0.0,0.0,17.816904,5.663921,137.86247
2022-11-09 17:00:00+00:00,0.0,0.0,17.224176,5.3665633,153.43501
2022-11-09 18:00:00+00:00,0.0,0.0,16.849533,5.249762,162.25523
2022-11-09 19:00:00+00:00,0.0,0.0,16.352404,4.924429,167.09259
2022-11-09 20:00:00+00:00,0.0,0.0,16.418653,4.3566046,170.75397
2022-11-09 21:00:00+00:00,0.0,0.0,16.793625,3.5128336,175.101
2022-11-09 22:00:00+00:00,0.0,0.0,17.7324,3.0016663,178.0909
2022-11-09 23:00:00+00:00,0.0,0.0,17.878052,2.3345234,170.13426
2022-11-10 00:00:00+00:00,0.0,0.0,20.32145,0.9,180.0
2022-11-10 01:00:00+00:00,0.0,0.0,22.277416,0.70710677,98.13002
2022-11-10 02:00:00+00:00,0.0,0.0,24.396936,1.0198039,78.6901
2022-11-10 03:00:00+00:00,0.0,0.0,25.88091,1.2041595,48.366554
2022-11-10 04:00:00+00:00,0.0,0.0,26.90585,1.9104972,47.12111
2022-11-10 05:00:00+00:00,0.0,0.0,27.278519,2.1095023,58.570484
2022-11-10 06:00:00+00:00,0.0,0.0,26.051119,3.8013155,63.435013
2022-11-10 07:00:00+00:00,0.0,0.0,23.096186,5.920304,74.32042
2022-11-10 08:00:00+00:00,0.0,0.0,21.410486,5.531727,77.4712
2022-11-10 09:00:00+00:00,0.0,0.0,19.616064,5.5326304,83.77426
2022-11-10 10:00:00+00:00,0.0,0.0,19.197432,5.903389,91.94145
2022-11-10 11:00:00+00:00,0.0,0.0,18.848137,6.0207973,94.76356
2022-11-10 12:00:00+00:00,0.0,0.0,21.052773,5.5145264,94.15957
2022-11-10 13:00:00+00:00,0.0,0.0,21.24301,5.6089215,101.3099
2022-11-10 14:00:00+00:00,0.0,0.0,21.916662,5.1264024,110.55612
2022-11-10 15:00:00+00:00,0.0,0.0,21.802591,4.753946,104.62092
2022-11-10 16:00:00+00:00,0.0,0.0,21.382437,4.3737855,100.53913
2022-11-10 17:00:00+00:00,0.0,0.0,20.416931,4.6389656,97.43131
2022-11-10 18:00:00+00:00,0.0,0.0,19.986616,5.0,90.0
2022-11-10 19:00:00+00:00,0.0,0.0,19.644947,5.3009434,88.919106
2022-11-10 20:00:00+00:00,0.0,0.0,19.173084,5.5,90.0
2022-11-10 21:00:00+00:00,0.0,0.0,19.566193,5.333854,96.458725
2022-11-10 22:00:00+00:00,0.0,0.0,19.907883,5.234501,96.581856
2022-11-10 23:00:00+00:00,0.0,0.0,20.316036,5.414795,94.23632
2022-11-11 00:00:00+00:00,0.0,0.0,20.56148,5.9506307,65.157646
2022-11-11 01:00:00+00:00,0.0,0.0,22.513966,5.60803,93.06642
2022-11-11 02:00:00+00:00,0.3,0.3,24.548859,4.3011627,107.592514
2022-11-11 03:00:00+00:00,0.2,0.2,25.581503,4.0521603,105.75124
2022-11-11 04:00:00+00:00,5.0,5.0,22.894077,5.056679,114.53771
2022-11-11 05:00:00+00:00,5.9,5.9,23.760208,3.4176016,110.55613
2022-11-11 06:00:00+00:00,0.3,0.3,22.59795,5.10392,92.2457
2022-11-11 07:00:00+00:00,0.2,0.2,22.867723,5.3851643,105.06854
2022-11-11 08:00:00+00:00,0.1,0.1,23.259941,5.8180757,114.36244
2022-11-11 09:00:00+00:00,0.0,0.0,22.397327,6.0827627,117.40749
2022-11-11 10:00:00+00:00,0.0,0.0,21.359798,6.449806,119.74479
2022-11-11 11:00:00+00:00,0.0,0.0,21.006752,6.618912,116.9521
2022-11-11 12:00:00+00:00,0.0,0.0,20.958004,7.291776,115.15927
2022-11-11 13:00:00+00:00,0.0,0.0,21.102442,7.829432,118.20153
2022-11-11 14:00:00+00:00,0.0,0.0,21.10944,7.742093,125.537766
2022-11-11 15:00:00+00:00,0.0,0.0,21.468483,7.1589108,131.03525
2022-11-11 16:00:00+00:00,0.0,0.0,21.608915,6.652819,132.56331
2022-11-11 17:00:00+00:00,0.0,0.0,21.319174,6.6468034,135.0001
2022-11-11 18:00:00+00:00,0.0,0.0,21.15638,6.789698,133.8066
2022-11-11 19:00:00+00:00,0.0,0.0,20.737589,6.22254,135.0001
2022-11-11 20:00:00+00:00,0.0,0.0,20.531788,6.0307546,139.70793
2022-11-11 21:00:00+00:00,0.0,0.0,21.259571,5.5470715,146.0234
2022-11-11 22:00:00+00:00,0.0,0.0,21.898878,6.105735,148.39255
2022-11-11 23:00:00+00:00,0.0,0.0,22.493252,6.1846585,157.1663
2022-11-12 00:00:00+00:00,0.0,0.0,23.157993,5.8549128,172.14677
2022-11-12 01:00:00+00:00,0.0,0.0,24.13014,7.300685,179.2152
2022-11-12 02:00:00+00:00,0.0,0.0,25.476593,7.8230433,184.39862
2022-11-12 03:00:00+00:00,0.0,0.0,26.780737,7.3979726,189.33493
2022-11-12 04:00:00+00:00,0.0,0.0,27.865658,7.1589108,192.09474
2022-11-12 05:00:00+00:00,0.0,0.0,28.563282,6.0016665,190.56096
2022-11-12 06:00:00+00:00,0.0,0.0,29.595417,4.0718546,204.67685
2022-11-12 07:00:00+00:00,0.0,0.0,30.228558,2.6832817,206.56499
2022-11-12 08:00:00+00:00,0.0,0.0,30.205727,2.3345237,223.26433
2022-11-12 09:00:00+00:00,0.0,0.0,28.259624,2.408319,228.36655
2022-11-12 10:00:00+00:00,0.0,0.0,27.04246,1.9924859,197.52567
2022-11-12 11:00:00+00:00,0.0,0.0,25.123981,2.0615528,194.03627
2022-11-12 12:00:00+00:00,0.0,0.0,25.272594,0.9433981,302.00534
2022-11-12 13:00:00+00:00,0.4,0.4,22.785358,5.903389,1.9414451
2022-11-12 14:00:00+00:00,0.0,0.0,21.75544,6.053924,337.6713
2022-11-12 15:00:00+00:00,0.3,0.3,20.529623,8.080223,323.55545
2022-11-12 16:00:00+00:00,0.2,0.2,19.342138,8.736704,326.67368
2022-11-12 17:00:00+00:00,0.1,0.1,18.514708,9.211407,339.00708
2022-11-12 18:00:00+00:00,0.1,0.1,15.843645,9.552486,353.9911
2022-11-12 19:00:00+00:00,0.0,0.0,15.454889,9.121951,347.33493
2022-11-12 20:00:00+00:00,0.0,0.0,14.614136,9.3771,352.6477
2022-11-12 21:00:00+00:00,0.0,0.0,12.938272,10.34843,354.45477
2022-11-12 22:00:00+00:00,0.0,0.0,12.003132,10.040419,354.85733
2022-11-12 23:00:00+00:00,0.0,0.0,11.585209,9.918165,356.53183
2022-11-13 00:00:00+00:00,0.0,0.0,12.137363,8.22253,346.63977
2022-11-13 01:00:00+00:00,0.1,0.1,12.029924,7.9630394,352.78583
2022-11-13 02:00:00+00:00,0.0,0.0,12.487251,7.8160095,356.33228
2022-11-13 03:00:00+00:00,0.0,0.0,13.218758,7.1847057,351.1933
2022-11-13 04:00:00+00:00,0.0,0.0,13.318222,7.4330344,349.14362
2022-11-13 05:00:00+00:00,0.0,0.0,13.226942,7.5133214,350.03625
2022-11-13 06:00:00+00:00,0.0,0.0,12.868868,7.9762144,352.07315
2022-11-13 07:00:00+00:00,0.0,0.0,12.093023,8.348653,353.81146
2022-11-13 08:00:00+00:00,0.0,0.0,11.15142,8.505292,357.97867
2022-11-13 09:00:00+00:00,0.0,0.0,10.31993,8.300603,0.69026375
2022-11-13 10:00:00+00:00,0.0,0.0,9.759251,8.3,360.0
2022-11-13 11:00:00+00:00,0.0,0.0,9.664156,7.800641,0.7345097
2022-11-13 12:00:00+00:00,0.0,0.0,9.78897,6.334824,348.15796
2022-11-13 13:00:00+00:00,0.0,0.0,9.817082,5.772348,345.9637
2022-11-13 14:00:00+00:00,0.0,0.0,9.829836,5.6044626,344.47583
2022-11-13 15:00:00+00:00,0.0,0.0,10.036378,4.7127485,342.7184
2022-11-13 16:00:00+00:00,0.0,0.0,9.794197,4.88467,337.1094
2022-11-13 17:00:00+00:00,0.0,0.0,9.312209,5.420332,330.12408
2022-11-13 18:00:00+00:00,0.0,0.0,9.068885,6.191123,328.8776
2022-11-13 19:00:00+00:00,0.0,0.0,8.974658,6.352952,331.8215
2022-11-13 20:00:00+00:00,0.0,0.0,8.706398,6.530697,334.61212
2022-11-13 21:00:00+00:00,0.0,0.0,8.656719,5.994164,332.1525
2022-11-13 22:00:00+00:00,0.0,0.0,8.6252365,5.420332,330.12408
2022-11-13 23:00:00+00:00,0.0,0.0,8.716263,4.992995,327.26477
2022-11-14 00:00:00+00:00,0.0,0.0,9.173052,4.8548946,327.61935
2022-11-14 01:00:00+00:00,0.0,0.0,9.678087,4.022437,325.1246
2022-11-14 02:00:00+00:00,0.0,0.0,10.181823,3.764306,320.38934
2022-11-14 03:00:00+00:00,0.0,0.0,10.226298,4.7801676,322.65057
2022-11-14 04:00:00+00:00,0.0,0.0,10.45765,4.770744,326.97614
2022-11-14 05:00:00+00:00,0.0,0.0,10.944451,4.661545,324.6051
2022-11-14 06:00:00+00:00,0.0,0.0,11.602977,4.1340055,327.84772
2022-11-14 07:00:00+00:00,0.0,0.0,11.333748,4.565085,331.1893
2022-11-14 08:00:00+00:00,0.0,0.0,11.248362,3.8587563,328.78165
2022-11-14 09:00:00+00:00,0.0,0.0,10.038691,4.9648767,325.66974
2022-11-14 10:00:00+00:00,0.0,0.0,9.957655,4.382921,325.2221
2022-11-14 11:00:00+00:00,0.1,0.1,9.878149,4.0360875,318.01285
2022-11-14 12:00:00+00:00,0.0,0.0,8.779603,3.1953092,290.13638
2022-11-14 13:00:00+00:00,0.0,0.0,8.442178,3.640055,290.92456
2022-11-14 14:00:00+00:00,0.0,0.0,8.31524,3.847077,297.8972
2022-11-14 15:00:00+00:00,0.0,0.0,8.319759,3.940812,305.7068
2022-11-14 16:00:00+00:00,0.0,0.0,8.512236,3.3615475,300.37906
2022-11-14 17:00:00+00:00,0.1,0.1,8.347638,3.9824615,308.8845
2022-11-14 18:00:00+00:00,0.0,0.0,8.297636,4.545327,309.64413
2022-11-14 19:00:00+00:00,0.0,0.0,8.32334,5.0328918,319.02835
2022-11-14 20:00:00+00:00,0.0,0.0,8.221165,5.0931325,313.4089
2022-11-14 21:00:00+00:00,0.0,0.0,8.252129,4.4598207,317.72638
2022-11-14 22:00:00+00:00,0.0,0.0,8.173333,4.4407206,324.16226
2022-11-14 23:00:00+00:00,0.0,0.0,7.6779394,4.7759814,340.4268
2022-11-15 00:00:00+00:00,0.0,0.0,8.799554,4.248529,333.43503
2022-11-15 01:00:00+00:00,0.0,0.0,9.694586,3.9661064,326.3099
2022-11-15 02:00:00+00:00,0.0,0.0,10.752716,3.6619666,325.0079
2022-11-15 03:00:00+00:00,0.0,0.0,11.812876,3.7735925,327.99466
2022-11-15 04:00:00+00:00,0.0,0.0,12.484755,4.2720017,327.42596
2022-11-15 05:00:00+00:00,0.0,0.0,12.9055195,4.031129,330.25522
2022-11-15 06:00:00+00:00,0.0,0.0,12.926271,3.6249137,335.55606
2022-11-15 07:00:00+00:00,0.0,0.0,12.850138,3.3615472,337.249
2022-11-15 08:00:00+00:00,0.0,0.0,12.384153,3.3241541,344.2913
2022-11-15 09:00:00+00:00,0.0,0.0,11.307123,3.522783,353.4803
2022-11-15 10:00:00+00:00,0.0,0.0,10.452446,3.5014284,1.6365454
2022-11-15 11:00:00+00:00,0.0,0.0,10.040363,3.0066593,356.186
2022-11-15 12:00:00+00:00,0.0,0.0,8.818851,3.2526913,315.0001
2022-11-15 13:00:00+00:00,0.0,0.0,7.181159,4.204759,295.34613
2022-11-15 14:00:00+00:00,0.0,0.0,6.2036276,4.9406476,305.9422
2022-11-15 15:00:00+00:00,0.0,0.0,5.607355,5.0990195,318.1799
2022-11-15 16:00:00+00:00,0.0,0.0,5.4473743,4.8764744,331.8585
2022-11-15 17:00:00+00:00,0.0,0.0,5.2608204,4.464303,344.40714
2022-11-15 18:00:00+00:00,0.0,0.0,5.1109676,4.554119,351.15826
2022-11-15 19:00:00+00:00,0.0,0.0,5.3024406,4.8,360.0
2022-11-15 20:00:00+00:00,0.0,0.0,5.3507977,4.428318,6.482988
2022-11-15 21:00:00+00:00,0.0,0.0,5.5864124,3.9623227,10.175456
2022-11-15 22:00:00+00:00,0.0,0.0,5.314477,3.710795,14.036275
2022-11-15 23:00:00+00:00,0.0,0.0,6.627283,3.9824615,28.495539
2022-11-16 00:00:00+00:00,0.0,0.0,10.342271,3.9824615,28.495539
2022-11-16 01:00:00+00:00,0.0,0.0,11.69269,3.1241,39.805527
2022-11-16 02:00:00+00:00,0.0,0.0,13.206694,2.5,73.73973
2022-11-16 03:00:00+00:00,0.0,0.0,14.704758,2.9614186,101.68935
2022-11-16 04:00:00+00:00,0.0,0.0,15.694334,4.0112343,94.28908
2022-11-16 05:00:00+00:00,0.0,0.0,15.669439,4.554119,98.841736
2022-11-16 06:00:00+00:00,0.0,0.0,15.454304,5.096077,105.945465
2022-11-16 07:00:00+00:00,0.0,0.0,14.90481,5.770615,98.97255
2022-11-16 08:00:00+00:00,0.0,0.0,14.447578,5.5785303,104.5345
2022-11-16 09:00:00+00:00,0.0,0.0,13.712936,5.4341516,102.75753
2022-11-16 10:00:00+00:00,0.0,0.0,13.115974,5.3160133,106.38962
2022-11-16 11:00:00+00:00,0.0,0.0,13.325336,5.502726,109.09359
2022-11-16 12:00:00+00:00,0.1,0.1,13.267235,6.2169123,115.74066
2022-11-16 13:00:00+00:00,1.4,1.4,13.127222,6.0307546,130.29207
2022-11-16 14:00:00+00:00,1.4,1.4,13.162779,6.4660654,121.72356
2022-11-16 15:00:00+00:00,1.8,1.8,13.059729,5.0249376,121.15924
2022-11-16 16:00:00+00:00,0.3,0.3,13.392448,5.700877,111.61484
2022-11-16 17:00:00+00:00,1.7,1.7,14.095812,5.2886667,105.3502
2022-11-16 18:00:00+00:00,2.1,2.1,13.822346,6.8622155,108.69908
2022-11-16 19:00:00+00:00,0.3,0.3,14.076286,7.4330344,107.21616
2022-11-16 20:00:00+00:00,0.6,0.6,14.207344,7.3164196,100.23475
2022-11-16 21:00:00+00:00,0.2,0.2,14.180428,7.300685,90.78481
2022-11-16 22:00:00+00:00,0.8,0.8,13.963797,7.802564,88.531235
2022-11-16 23:00:00+00:00,0.8,0.8,14.377411,8.1154175,93.53223
2022-11-17 00:00:00+00:00,0.3,0.3,14.504719,8.409518,92.72626
2022-11-17 01:00:00+00:00,0.6,0.6,15.038292,8.100618,89.2927
2022-11-17 02:00:00+00:00,0.5,0.5,15.071402,8.20061,90.698685
2022-11-17 03:00:00+00:00,1.1,1.1,15.605442,8.238932,95.572105
2022-11-17 04:00:00+00:00,0.9,0.9,15.460579,8.605231,88.00217
2022-11-17 05:00:00+00:00,0.9,0.9,15.524738,9.144398,95.648155
2022-11-17 06:00:00+00:00,0.2,0.2,14.88575,10.20049,89.43831
2022-11-17 07:00:00+00:00,0.0,0.0,14.110758,9.726767,75.10648
2022-11-17 08:00:00+00:00,0.5,0.5,14.026686,10.312129,70.15921
2022-11-17 09:00:00+00:00,0.8,0.8,13.951523,10.499524,72.25524
2022-11-17 10:00:00+00:00,0.2,0.2,14.139912,10.261579,74.74483
2022-11-17 11:00:00+00:00,0.1,0.1,14.427111,9.849365,74.69381
2022-11-17 12:00:00+00:00,0.3,0.3,13.980307,8.926926,80.32671
2022-11-17 13:00:00+00:00,0.0,0.0,14.474882,8.697701,81.404175
2022-11-17 14:00:00+00:00,0.4,0.4,14.483248,8.161495,82.96216
2022-11-17 15:00:00+00:00,2.3,2.3,14.544014,7.5026665,91.52749
2022-11-17 16:00:00+00:00,1.0,1.0,14.757736,7.306162,87.64676
2022-11-17 17:00:00+00:00,1.4,1.4,14.974388,7.0092797,75.96373
2022-11-17 18:00:00+00:00,1.4,1.4,14.854198,6.928925,69.73422
2022-11-17 19:00:00+00:00,0.2,0.2,15.176477,6.762396,66.467636
2022-11-17 20:00:00+00:00,0.0,0.0,15.528812,6.9079666,67.8905
2022-11-17 21:00:00+00:00,0.3,0.3,15.541428,7.2498274,65.55606
2022-11-17 22:00:00+00:00,0.1,0.1,15.406994,7.4094534,68.62931
2022-11-17 23:00:00+00:00,0.0,0.0,15.672464,6.815424,67.5741
2022-11-18 00:00:00+00:00,0.0,0.0,16.831802,6.76757,71.0295
2022-11-18 01:00:00+00:00,0.0,0.0,17.551489,7.2532754,74.81411
2022-11-18 02:00:00+00:00,0.0,0.0,18.346216,7.7781744,81.86999
2022-11-18 03:00:00+00:00,0.0,0.0,18.36896,7.302739,88.43069
2022-11-18 04:00:00+00:00,0.0,0.0,18.655378,6.9,90.0
2022-11-18 05:00:00+00:00,0.0,0.0,18.573872,6.747592,83.19105
2022-11-18 06:00:00+00:00,0.0,0.0,18.482073,7.236712,78.84538
2022-11-18 07:00:00+00:00,0.0,0.0,18.48665,6.9231496,79.17704
2022-11-18 08:00:00+00:00,0.0,0.0,18.313454,6.609841,79.540146
2022-11-18 09:00:00+00:00,0.0,0.0,17.910358,6.356099,77.27565
2022-11-18 10:00:00+00:00,0.0,0.0,17.919767,5.8549128,82.14678
2022-11-18 11:00:00+00:00,0.0,0.0,18.28302,5.4037027,87.87895
2022-11-18 12:00:00+00:00,1.1,1.1,17.70834,6.1814237,99.30987
2022-11-18 13:00:00+00:00,1.0,1.0,17.471638,6.041523,102.425934
2022-11-18 14:00:00+00:00,0.0,0.0,17.467167,5.842089,96.88163
2022-11-18 15:00:00+00:00,0.0,0.0,17.204828,6.537584,96.14653
2022-11-18 16:00:00+00:00,0.0,0.0,16.996435,5.748913,103.06932
2022-11-18 17:00:00+00:00,0.1,0.1,17.068203,5.4451814,97.38595
2022-11-18 18:00:00+00:00,0.2,0.2,17.310991,4.90408,92.33726
2022-11-18 19:00:00+00:00,0.0,0.0,17.779644,4.3104525,93.99084
2022-11-18 20:00:00+00:00,0.0,0.0,17.471846,4.5891175,78.6901
2022-11-18 21:00:00+00:00,0.0,0.0,17.229372,5.186521,70.866264
2022-11-18 22:00:00+00:00,0.5,0.5,16.946304,5.059644,71.564964
2022-11-18 23:00:00+00:00,0.7,0.7,16.968506,5.502726,70.90642
2022-11-19 00:00:00+00:00,1.6,1.6,19.1545,4.2544093,66.44773
2022-11-19 01:00:00+00:00,0.1,0.1,19.919432,3.310589,64.98315
2022-11-19 02:00:00+00:00,1.1,1.1,20.683332,2.6925824,68.19853
2022-11-19 03:00:00+00:00,0.1,0.1,20.675537,3.6055512,70.559875
2022-11-19 04:00:00+00:00,0.1,0.1,20.800062,3.3955853,76.37299
2022-11-19 05:00:00+00:00,0.1,0.1,20.892221,3.436568,98.3658
2022-11-19 06:00:00+00:00,0.1,0.1,21.271374,2.8442926,100.12462
2022-11-19 07:00:00+00:00,0.0,0.0,20.813812,3.3734255,78.02389
2022-11-19 08:00:00+00:00,0.4,0.4,20.35412,2.6076808,85.60138
2022-11-19 09:00:00+00:00,2.5,2.5,19.30708,2.6925821,74.931465
2022-11-19 10:00:00+00:00,1.4,1.4,18.62185,4.0199504,84.2895
2022-11-19 11:00:00+00:00,2.2,2.2,18.35986,3.6124783,94.76356
2022-11-19 12:00:00+00:00,1.9,1.9,18.785036,2.059126,299.0545
2022-11-19 13:00:00+00:00,1.0,1.0,17.897165,4.8600416,306.6342
2022-11-19 14:00:00+00:00,0.1,0.1,17.221128,5.1739736,318.91833
2022-11-19 15:00:00+00:00,0.0,0.0,16.416151,5.1662364,312.64667
2022-11-19 16:00:00+00:00,0.0,0.0,15.43227,4.1231055,309.09384
2022-11-19 17:00:00+00:00,0.0,0.0,15.054516,4.9648767,304.33026
2022-11-19 18:00:00+00:00,0.0,0.0,14.506397,5.6859474,304.24908
2022-11-19 19:00:00+00:00,0.0,0.0,14.4508705,5.6222773,308.50067
2022-11-19 20:00:00+00:00,0.0,0.0,14.513594,5.240229,311.90585
2022-11-19 21:00:00+00:00,0.0,0.0,13.712458,5.185557,309.52258
2022-11-19 22:00:00+00:00,0.0,0.0,12.437864,5.0249376,301.15924
2022-11-19 23:00:00+00:00,0.0,0.0,12.758017,5.0990195,295.5599
2022-11-20 00:00:00+00:00,0.0,0.0,13.611788,4.1231055,292.83368
2022-11-20 01:00:00+00:00,0.0,0.0,15.496574,5.056679,294.53772
2022-11-20 02:00:00+00:00,0.0,0.0,16.09325,6.6407833,288.43503
2022-11-20 03:00:00+00:00,0.0,0.0,17.351255,6.539113,293.4287
2022-11-20 04:00:00+00:00,0.0,0.0,17.87349,6.648308,291.16132
2022-11-20 05:00:00+00:00,0.0,0.0,17.942762,6.6730804,289.2496
2022-11-20 06:00:00+00:00,0.0,0.0,18.240517,5.571355,291.03757
2022-11-20 07:00:00+00:00,0.0,0.0,18.082348,4.9406476,305.9422
2022-11-20 08:00:00+00:00,0.0,0.0,16.9682,6.016644,344.57776
2022-11-20 09:00:00+00:00,0.0,0.0,15.743954,6.2169123,348.87085
2022-11-20 10:00:00+00:00,0.0,0.0,14.850893,5.7280016,343.77972
2022-11-20 11:00:00+00:00,0.0,0.0,14.320124,5.0921507,340.49747
2022-11-20 12:00:00+00:00,0.0,0.0,15.308565,3.9849718,342.47433
2022-11-20 13:00:00+00:00,0.0,0.0,14.6809845,4.4418464,328.8151
2022-11-20 14:00:00+00:00,0.0,0.0,13.716766,4.837354,330.25522
2022-11-20 15:00:00+00:00,0.0,0.0,12.902475,5.0159745,336.5014
2022-11-20 16:00:00+00:00,0.0,0.0,12.552765,3.6878178,347.4712
2022-11-20 17:00:00+00:00,0.0,0.0,13.61927,2.2022717,357.3975
2022-11-20 18:00:00+00:00,0.0,0.0,11.452268,1.8439089,319.39877
2022-11-20 19:00:00+00:00,0.0,0.0,10.856459,2.7730849,295.64096
2022-11-20 20:00:00+00:00,0.0,0.0,10.698976,4.159327,297.18103
2022-11-20 21:00:00+00:00,0.0,0.0,11.352857,4.294182,332.24155
2022-11-20 22:00:00+00:00,0.0,0.0,12.219448,4.219004,354.55975
2022-11-20 23:00:00+00:00,0.0,0.0,13.4538,3.5902646,347.125
2022-11-21 00:00:00+00:00,0.0,0.0,14.700037,2.1954498,329.9315
2022-11-21 01:00:00+00:00,0.0,0.0,17.680601,1.4142135,351.87
2022-11-21 02:00:00+00:00,0.0,0.0,19.318933,1.9,360.0
2022-11-21 03:00:00+00:00,0.1,0.1,19.961357,3.3615475,30.379045
2022-11-21 04:00:00+00:00,0.1,0.1,20.132027,4.1012197,44.999897
2022-11-21 05:00:00+00:00,0.0,0.0,20.474594,3.8910153,64.09355
2022-11-21 06:00:00+00:00,0.0,0.0,20.6309,4.1,77.319626
2022-11-21 07:00:00+00:00,0.0,0.0,19.881992,4.7127485,72.718414
2022-11-21 08:00:00+00:00,0.0,0.0,18.548695,5.8694124,66.929565
2022-11-21 09:00:00+00:00,0.0,0.0,18.29842,5.0,73.73973
2022-11-21 10:00:00+00:00,0.0,0.0,17.61044,4.3,90.0
2022-11-21 11:00:00+00:00,0.0,0.0,16.646805,4.707441,102.26476
2022-11-21 12:00:00+00:00,0.0,0.0,15.7731495,4.527693,96.340096
2022-11-21 13:00:00+00:00,0.0,0.0,16.932142,4.9040794,106.58742
2022-11-21 14:00:00+00:00,0.0,0.0,17.3933,4.438468,112.52061
2022-11-21 15:00:00+00:00,0.0,0.0,17.143547,4.7434163,108.43504
2022-11-21 16:00:00+00:00,0.0,0.0,16.545565,4.0249224,116.56499
2022-11-21 17:00:00+00:00,0.0,0.0,15.548321,3.940812,125.70678
2022-11-21 18:00:00+00:00,0.3,0.3,15.815048,5.9816384,128.21107
2022-11-21 19:00:00+00:00,0.3,0.3,15.513975,5.3712196,118.9509
2022-11-21 20:00:00+00:00,0.0,0.0,16.636278,5.4083266,109.440125
2022-11-21 21:00:00+00:00,2.6,2.6,16.697369,5.60803,93.06642
2022-11-21 22:00:00+00:00,3.2,3.2,16.8193,6.4938436,99.75236
2022-11-21 23:00:00+00:00,3.1,3.1,16.897892,6.239391,96.441505
2022-11-22 00:00:00+00:00,1.6,1.6,16.538578,8.429116,131.63344
2022-11-22 01:00:00+00:00,0.4,0.4,17.548637,7.9511003,140.10222
2022-11-22 02:00:00+00:00,0.1,0.1,18.398027,8.637709,159.67677
2022-11-22 03:00:00+00:00,0.1,0.1,18.218374,10.223991,183.92583
2022-11-22 04:00:00+00:00,0.0,0.0,18.430569,7.209022,203.7204
2022-11-22 05:00:00+00:00,0.0,0.0,18.300508,7.247069,242.02061
2022-11-22 06:00:00+00:00,0.0,0.0,19.026354,7.7781744,261.87
2022-11-22 07:00:00+00:00,0.0,0.0,18.148142,8.697701,278.59583
2022-11-22 08:00:00+00:00,0.0,0.0,18.220781,7.9075913,283.15753
2022-11-22 09:00:00+00:00,0.0,0.0,17.340408,8.01561,303.29358
2022-11-22 10:00:00+00:00,0.0,0.0,15.708336,8.949861,309.55963
2022-11-22 11:00:00+00:00,0.0,0.0,15.3502865,7.5802374,306.41647
2022-11-22 12:00:00+00:00,0.0,0.0,14.9246025,7.1309185,292.24908
2022-11-22 13:00:00+00:00,0.0,0.0,13.870552,8.962701,305.46344
2022-11-22 14:00:00+00:00,0.0,0.0,13.585976,8.7045965,317.32785
2022-11-22 15:00:00+00:00,0.0,0.0,14.208054,8.53815,341.56494
2022-11-22 16:00:00+00:00,0.0,0.0,13.02829,9.716995,336.33685
2022-11-22 17:00:00+00:00,0.0,0.0,12.340061,9.625487,336.09793
2022-11-22 18:00:00+00:00,0.0,0.0,12.31624,8.676405,334.02567
2022-11-22 19:00:00+00:00,0.0,0.0,12.442846,8.023092,337.27023
2022-11-22 20:00:00+00:00,0.0,0.0,12.136173,7.9605274,333.11313
2022-11-22 21:00:00+00:00,0.0,0.0,12.8561535,7.1589108,335.22488
2022-11-22 22:00:00+00:00,0.0,0.0,12.890812,6.868042,343.93994
2022-11-22 23:00:00+00:00,0.0,0.0,12.941587,6.964194,344.16754
2022-11-23 00:00:00+00:00,0.0,0.0,13.633474,7.35459,348.23172
2022-11-23 01:00:00+00:00,0.0,0.0,13.985796,7.922752,4.343158
2022-11-23 02:00:00+00:00,0.0,0.0,14.979948,7.0035706,9.865748
2022-11-23 03:00:00+00:00,0.0,0.0,15.7037735,6.9720874,8.246243
2022-11-23 04:00:00+00:00,0.0,0.0,16.201355,6.3505907,7.236836
2022-11-23 05:00:00+00:00,0.0,0.0,16.423079,6.166036,8.392845
2022-11-23 06:00:00+00:00,0.0,0.0,15.709837,7.1168814,17.162003
2022-11-23 07:00:00+00:00,0.0,0.0,15.206293,6.2769423,22.47948
2022-11-23 08:00:00+00:00,0.0,0.0,15.023937,5.3851647,31.328646
2022-11-23 09:00:00+00:00,0.0,0.0,13.979271,5.0328918,40.971645
2022-11-23 10:00:00+00:00,0.0,0.0,12.725605,5.869412,44.309803
2022-11-23 11:00:00+00:00,0.0,0.0,12.122372,6.453681,40.601215
2022-11-23 12:00:00+00:00,0.0,0.0,12.210119,5.672742,40.71076
2022-11-23 13:00:00+00:00,0.0,0.0,12.334358,5.544367,39.143982
2022-11-23 14:00:00+00:00,0.0,0.0,12.2824135,5.517246,43.53127
2022-11-23 15:00:00+00:00,0.0,0.0,12.246399,5.234501,46.54811
2022-11-23 16:00:00+00:00,0.0,0.0,10.912145,4.244997,46.90914
2022-11-23 17:00:00+00:00,0.0,0.0,10.792637,4.404543,39.47243
2022-11-23 18:00:00+00:00,0.0,0.0,10.470397,4.5793014,31.607454
2022-11-23 19:00:00+00:00,0.0,0.0,9.987298,4.2953463,24.775122
2022-11-23 20:00:00+00:00,0.0,0.0,11.998888,4.606517,27.121223
2022-11-23 21:00:00+00:00,0.0,0.0,12.512075,4.248529,26.564985
2022-11-23 22:00:00+00:00,0.0,0.0,12.649628,4.263801,39.289394
2022-11-23 23:00:00+00:00,0.0,0.0,12.95459,4.2720017,57.42595
2022-11-24 00:00:00+00:00,0.0,0.0,14.803822,3.6878178,49.398785
2022-11-24 01:00:00+00:00,0.0,0.0,15.023109,3.2695565,66.5713
2022-11-24 02:00:00+00:00,0.0,0.0,15.230528,3.8897302,72.03077
2022-11-24 03:00:00+00:00,0.0,0.0,16.654463,3.4481878,73.14152
2022-11-24 04:00:00+00:00,0.0,0.0,17.034927,3.471311,78.366394
2022-11-24 05:00:00+00:00,0.0,0.0,17.234165,3.4014704,88.31535
2022-11-24 06:00:00+00:00,0.0,0.0,17.216375,3.5057096,86.729576
2022-11-24 07:00:00+00:00,0.0,0.0,16.62441,3.8209946,83.99109
2022-11-24 08:00:00+00:00,0.0,0.0,15.443628,5.0249376,84.2895
2022-11-24 09:00:00+00:00,0.0,0.0,14.183693,5.707889,93.012726
2022-11-24 10:00:00+00:00,0.0,0.0,13.028494,6.041523,102.425934
2022-11-24 11:00:00+00:00,0.0,0.0,12.176147,5.7280016,106.22027
2022-11-24 12:00:00+00:00,0.0,0.0,11.801506,5.4332314,96.340096
2022-11-24 13:00:00+00:00,0.0,0.0,11.633397,5.67186,99.1301
2022-11-24 14:00:00+00:00,0.0,0.0,11.320516,5.869412,103.799515
2022-11-24 15:00:00+00:00,0.0,0.0,10.977786,5.9236813,111.801476
2022-11-24 16:00:00+00:00,0.0,0.0,10.687102,5.95399,119.14798
2022-11-24 17:00:00+00:00,0.0,0.0,10.507056,5.882177,125.311295
2022-11-24 18:00:00+00:00,0.0,0.0,10.506106,5.8830266,121.79887
2022-11-24 19:00:00+00:00,0.0,0.0,10.754631,6.1587334,122.399826
2022-11-24 20:00:00+00:00,0.0,0.0,10.986537,6.5604877,127.568665
2022-11-24 21:00:00+00:00,0.0,0.0,11.124267,6.747592,129.5881
2022-11-24 22:00:00+00:00,0.0,0.0,11.3645315,6.8883963,140.30096
2022-11-24 23:00:00+00:00,0.0,0.0,12.293493,6.8264194,148.17259
2022-11-25 00:00:00+00:00,0.0,0.0,15.149509,5.5946403,151.14444
2022-11-25 01:00:00+00:00,0.0,0.0,17.265787,5.060632,150.39565
2022-11-25 02:00:00+00:00,0.0,0.0,18.533714,5.80517,169.07724
2022-11-25 03:00:00+00:00,0.0,0.0,18.654278,6.7896976,189.32352
2022-11-25 04:00:00+00:00,0.0,0.0,18.58374,5.1971145,191.09369
2022-11-25 05:00:00+00:00,0.0,0.0,19.033266,4.244997,195.01842
2022-11-25 06:00:00+00:00,0.0,0.0,19.534063,2.9832869,193.57045
2022-11-25 07:00:00+00:00,0.0,0.0,19.755293,2.376973,194.62091
2022-11-25 08:00:00+00:00,0.0,0.0,20.106335,1.868154,195.52417
2022-11-25 09:00:00+00:00,0.0,0.0,18.99842,1.56205,219.80553
2022-11-25 10:00:00+00:00,0.0,0.0,17.806644,1.3152945,261.2539
2022-11-25 11:00:00+00:00,0.0,0.0,18.254337,0.98994946,224.9999
2022-11-25 12:00:00+00:00,0.0,0.0,16.011944,1.5033296,183.814
2022-11-25 13:00:00+00:00,0.0,0.0,16.831133,0.6324555,251.56496
2022-11-25 14:00:00+00:00,0.0,0.0,16.004492,1.4422206,326.3099
2022-11-25 15:00:00+00:00,0.0,0.0,15.070496,1.2529964,331.38962
2022-11-25 16:00:00+00:00,0.0,0.0,12.410982,2.1633308,326.3099
2022-11-25 17:00:00+00:00,0.0,0.0,12.20244,3.3015149,324.86572
2022-11-25 18:00:00+00:00,0.0,0.0,11.81706,4.4598207,317.72638
2022-11-25 19:00:00+00:00,0.0,0.0,11.867689,5.5,323.13
2022-11-25 20:00:00+00:00,0.0,0.0,11.81893,5.660389,327.99466
2022-11-25 21:00:00+00:00,0.0,0.0,11.933477,6.1587334,327.6002
2022-11-25 22:00:00+00:00,0.0,0.0,12.443975,5.360038,323.34378
2022-11-25 23:00:00+00:00,0.0,0.0,13.099075,5.2009616,322.02835
2022-11-26 00:00:00+00:00,0.0,0.0,15.255028,4.4102154,327.03058
2022-11-26 01:00:00+00:00,0.0,0.0,17.413502,2.842534,309.28937
2022-11-26 02:00:00+00:00,0.0,0.0,17.982677,4.3863425,335.77228
2022-11-26 03:00:00+00:00,0.0,0.0,17.437748,6.0440054,343.66388
2022-11-26 04:00:00+00:00,0.0,0.0,17.69592,5.7870545,341.87805
2022-11-26 05:00:00+00:00,0.0,0.0,17.65273,5.7558665,352.01077
2022-11-26 06:00:00+00:00,0.1,0.1,17.393969,5.223983,5.492242
2022-11-26 07:00:00+00:00,0.0,0.0,17.789495,4.0261645,14.381432
2022-11-26 08:00:00+00:00,0.0,0.0,17.253332,4.3931766,48.69148
2022-11-26 09:00:00+00:00,0.0,0.0,15.0068035,5.99333,64.2901
2022-11-26 10:00:00+00:00,0.0,0.0,13.922581,6.35059,63.8385
2022-11-26 11:00:00+00:00,0.0,0.0,13.354107,5.8872743,69.10216
2022-11-26 12:00:00+00:00,0.0,0.0,13.189602,5.4424257,69.56709
2022-11-26 13:00:00+00:00,0.0,0.0,12.980904,4.86621,80.53775
2022-11-26 14:00:00+00:00,0.0,0.0,12.739307,4.7265205,96.072365
2022-11-26 15:00:00+00:00,0.0,0.0,12.706272,4.648656,108.8248
2022-11-26 16:00:00+00:00,0.0,0.0,12.302599,5.0990195,115.55992
2022-11-26 17:00:00+00:00,0.0,0.0,11.340386,5.5946403,118.85556
2022-11-26 18:00:00+00:00,0.0,0.0,10.933061,5.3535037,122.79953
2022-11-26 19:00:00+00:00,0.0,0.0,10.7239895,5.9548297,130.91429
2022-11-26 20:00:00+00:00,0.0,0.0,10.715134,6.0959,131.00899
2022-11-26 21:00:00+00:00,0.0,0.0,11.135683,6.5,149.48984
2022-11-26 22:00:00+00:00,0.0,0.0,11.2279625,6.723095,149.62096
2022-11-26 23:00:00+00:00,0.0,0.0,12.380037,6.780118,142.792
2022-11-27 00:00:00+00:00,0.0,0.0,14.923346,7.1867933,148.07916
2022-11-27 01:00:00+00:00,0.0,0.0,16.512838,8.273452,153.43501
2022-11-27 02:00:00+00:00,0.0,0.0,17.969921,8.041144,158.8601
2022-11-27 03:00:00+00:00,0.0,0.0,18.293137,8.731552,159.90468
2022-11-27 04:00:00+00:00,0.0,0.0,18.587585,9.176056,163.5399
2022-11-27 05:00:00+00:00,0.0,0.0,18.560347,9.752948,164.53873
2022-11-27 06:00:00+00:00,0.0,0.0,19.094671,8.381527,162.64589
2022-11-27 07:00:00+00:00,0.0,0.0,18.775389,9.244457,164.30994
2022-11-27 08:00:00+00:00,0.0,0.0,18.147743,9.580188,166.10878
2022-11-27 09:00:00+00:00,0.0,0.0,17.387245,9.630161,164.95355
2022-11-27 10:00:00+00:00,0.0,0.0,17.451647,9.047651,159.9627
2022-11-27 11:00:00+00:00,0.0,0.0,17.674908,7.56439,155.8068
2022-11-27 12:00:00+00:00,0.0,0.0,16.882095,6.9354167,155.28258
2022-11-27 13:00:00+00:00,0.0,0.0,16.737103,7.4094534,158.62932
2022-11-27 14:00:00+00:00,0.0,0.0,16.665485,8.683317,165.32356
2022-11-27 15:00:00+00:00,0.0,0.0,16.618824,9.198369,168.07928
2022-11-27 16:00:00+00:00,0.0,0.0,16.81649,8.472308,168.42484
2022-11-27 17:00:00+00:00,0.0,0.0,17.160263,8.672947,159.05728
2022-11-27 18:00:00+00:00,0.0,0.0,17.274355,8.863973,156.0375
2022-11-27 19:00:00+00:00,0.0,0.0,17.696014,8.900562,152.57135
2022-11-27 20:00:00+00:00,0.0,0.0,17.727757,9.213034,152.87878
2022-11-27 21:00:00+00:00,0.0,0.0,17.142052,9.8270035,148.73633
2022-11-27 22:00:00+00:00,0.0,0.0,17.122908,9.794386,147.93265
2022-11-27 23:00:00+00:00,0.0,0.0,17.248585,9.192389,149.2501
2022-11-28 00:00:00+00:00,0.0,0.0,19.046204,8.784646,157.22958
2022-11-28 01:00:00+00:00,0.0,0.0,20.49923,8.077747,158.19853
2022-11-28 02:00:00+00:00,0.0,0.0,21.136436,9.15478,173.72902
2022-11-28 03:00:00+00:00,0.0,0.0,21.904467,10.1242285,176.03543
2022-11-28 04:00:00+00:00,0.0,0.0,23.21911,7.7162166,176.28479
2022-11-28 05:00:00+00:00,2.2,2.2,22.079617,8.271033,194.70834
2022-11-28 06:00:00+00:00,1.8,1.8,22.203321,6.9857,193.24052
2022-11-28 07:00:00+00:00,2.9,2.9,22.202353,6.6370173,210.81564
2022-11-28 08:00:00+00:00,0.7,0.7,21.654055,6.9999995,216.86998
2022-11-28 09:00:00+00:00,0.2,0.2,21.279442,6.16198,221.71066
2022-11-28 10:00:00+00:00,0.0,0.0,20.411736,6.5795135,226.8476
2022-11-28 11:00:00+00:00,0.0,0.0,20.078743,7.4330344,259.14365
2022-11-28 12:00:00+00:00,0.1,0.1,20.110384,6.865857,257.38068
2022-11-28 13:00:00+00:00,0.0,0.0,18.616753,8.105554,272.12103
2022-11-28 14:00:00+00:00,0.0,0.0,18.332367,7.566373,277.59454
2022-11-28 15:00:00+00:00,0.6,0.6,18.80651,7.02282,289.9832
2022-11-28 16:00:00+00:00,0.0,0.0,18.349915,5.9682493,278.6731
2022-11-28 17:00:00+00:00,0.0,0.0,18.17884,6.519202,302.47116
2022-11-28 18:00:00+00:00,0.0,0.0,17.774323,7.8492036,315.51608
2022-11-28 19:00:00+00:00,0.6,0.6,15.802849,10.447966,354.50775
2022-11-28 20:00:00+00:00,0.1,0.1,14.70145,9.899495,351.87
2022-11-28 21:00:00+00:00,0.2,0.2,13.571886,10.700467,0.5354507
2022-11-28 22:00:00+00:00,0.3,0.3,13.200344,10.4,360.0
2022-11-28 23:00:00+00:00,1.0,1.0,12.652708,10.937092,4.7200613
2022-11-29 00:00:00+00:00,0.7,0.7,12.635393,10.097525,7.969524
2022-11-29 01:00:00+00:00,1.5,1.5,13.195427,9.343447,5.527458
2022-11-29 02:00:00+00:00,0.6,0.6,12.741535,10.317461,3.3337927
2022-11-29 03:00:00+00:00,0.2,0.2,12.75845,9.963935,10.407656
2022-11-29 04:00:00+00:00,0.3,0.3,11.701407,10.866463,6.3401003
2022-11-29 05:00:00+00:00,0.5,0.5,10.453504,12.059851,5.7105074
2022-11-29 06:00:00+00:00,0.4,0.4,9.263902,12.159769,11.86437
2022-11-29 07:00:00+00:00,0.3,0.3,7.924198,13.277424,11.7330675
2022-11-29 08:00:00+00:00,0.1,0.1,6.7635384,13.571293,11.475501
2022-11-29 09:00:00+00:00,0.1,0.1,6.2288494,13.375351,11.645955
2022-11-29 10:00:00+00:00,0.4,0.4,5.6653137,13.340539,14.765466
2022-11-29 11:00:00+00:00,0.8,0.8,5.057228,13.485178,13.727127
2022-11-29 12:00:00+00:00,0.3,0.3,4.153245,14.17921,11.3891535
2022-11-29 13:00:00+00:00,1.3,1.3,3.8621464,13.267253,13.512549
2022-11-29 14:00:00+00:00,0.1,0.1,3.524547,13.219682,10.459866
2022-11-29 15:00:00+00:00,0.3,0.3,2.871756,13.943458,4.5246906
2022-11-29 16:00:00+00:00,1.1,1.1,2.5801,13.0,360.0
2022-11-29 17:00:00+00:00,1.2,1.2,1.0150971,15.005333,1.5274947
2022-11-29 18:00:00+00:00,0.7,0.7,1.0552039,13.800363,359.58484
2022-11-29 19:00:00+00:00,0.9,0.9,0.22386646,13.553228,354.92047
2022-11-29 20:00:00+00:00,1.3,1.3,-0.35235357,13.708756,344.34158
2022-11-29 21:00:00+00:00,1.2,1.2,-0.91580343,11.661903,337.8336
2022-11-29 22:00:00+00:00,0.4,0.4,-1.1165235,10.643778,333.19427
2022-11-29 23:00:00+00:00,0.2,0.2,-1.26544,10.252805,339.44388
2022-11-30 00:00:00+00:00,0.0,0.0,-1.3584459,10.377379,327.99466
2022-11-30 01:00:00+00:00,0.4,0.4,-1.8770475,10.916501,335.07825
2022-11-30 02:00:00+00:00,0.1,0.1,-1.3651271,11.859595,340.80106
2022-11-30 03:00:00+00:00,0.0,0.0,-0.5205591,11.107204,339.44388
2022-11-30 04:00:00+00:00,0.2,0.2,-0.80265117,11.346365,337.72968
2022-11-30 05:00:00+00:00,0.4,0.4,-0.6901765,11.448144,342.19803
2022-11-30 06:00:00+00:00,0.1,0.1,0.119589806,10.770794,347.125
2022-11-30 07:00:00+00:00,0.3,0.3,0.6103382,10.159725,353.78445
2022-11-30 08:00:00+00:00,0.2,0.2,0.47442055,9.662815,353.46347
2022-11-30 09:00:00+00:00,0.1,0.1,0.5112076,9.518929,350.93356
2022-11-30 10:00:00+00:00,0.2,0.2,0.22463131,10.060318,353.72278
2022-11-30 11:00:00+00:00,0.2,0.2,0.29332542,9.749359,349.95804
2022-11-30 12:00:00+00:00,0.0,0.0,-0.74297595,10.1965685,333.18375
2022-11-30 13:00:00+00:00,0.0,0.0,-0.9385574,9.8234415,337.87363
2022-11-30 14:00:00+00:00,0.0,0.0,-1.4813576,10.534229,340.0168
2022-11-30 15:00:00+00:00,0.0,0.0,-1.2721286,9.585406,336.6444
2022-11-30 16:00:00+00:00,0.0,0.0,-1.9378905,9.972963,333.1781
2022-11-30 17:00:00+00:00,0.0,0.0,-2.383574,10.993179,338.10175
2022-11-30 18:00:00+00:00,0.1,0.1,-2.5964706,10.602359,334.8852
2022-11-30 19:00:00+00:00,0.2,0.2,-2.6912224,10.218122,339.9689
2022-11-30 20:00:00+00:00,0.3,0.3,-2.3643272,9.398404,339.44388
2022-11-30 21:00:00+00:00,0.4,0.4,-2.4028728,8.895504,338.91617
2022-11-30 22:00:00+00:00,0.4,0.4,-2.1133926,9.415413,337.5205
2022-11-30 23:00:00+00:00,0.0,0.0,-1.8775811,9.15478,338.19852
2022-12-01 00:00:00+00:00,0.0,0.0,-2.1008244,8.09506,332.80194
2022-12-01 01:00:00+00:00,0.1,0.1,-2.1569934,8.2927685,326.3099
2022-12-01 02:00:00+00:00,0.1,0.1,-2.0059092,8.700575,322.4715
2022-12-01 03:00:00+00:00,0.0,0.0,-1.5380027,8.431488,326.12143
2022-12-01 04:00:00+00:00,0.0,0.0,0.26971245,7.782673,332.44727
2022-12-01 05:00:00+00:00,0.0,0.0,1.2119846,7.515318,334.79892
2022-12-01 06:00:00+00:00,0.0,0.0,1.3765163,6.9641943,338.9624
2022-12-01 07:00:00+00:00,0.0,0.0,1.5585938,7.212489,343.0724
2022-12-01 08:00:00+00:00,0.0,0.0,1.3471642,7.083784,341.0534
2022-12-01 09:00:00+00:00,0.2,0.2,1.4678307,6.6483083,344.2913
2022-12-01 10:00:00+00:00,0.3,0.3,1.564116,5.8523498,340.0168
2022-12-01 11:00:00+00:00,0.2,0.2,1.333838,5.6824293,331.63104
2022-12-01 12:00:00+00:00,0.3,0.3,-0.1610651,5.656854,315.0001
2022-12-01 13:00:00+00:00,0.4,0.4,-0.16775322,5.5317264,319.39877
2022-12-01 14:00:00+00:00,0.3,0.3,0.33442736,5.481788,321.66663
2022-12-01 15:00:00+00:00,0.1,0.1,0.3478427,6.8242216,325.14548
